<?xml version="1.0" encoding="UTF-8"?>
<metadata xml:lang="en"><Esri><CreaDate>20121114</CreaDate><CreaTime>15464500</CreaTime><ArcGISFormat>1.0</ArcGISFormat><SyncOnce>TRUE</SyncOnce><DataProperties><lineage><Process ToolSource="C:\Program Files\ArcGIS\Desktop10.0\ArcToolbox\Toolboxes\Data Management Tools.tbx\AddField" Date="20121114" Time="154645">AddField c:\java-projects\nidis-python\nadm-201210\nadm\nadm_d1.shp Year_Month TEXT # 6 # # NON_NULLABLE NON_REQUIRED #</Process><Process ToolSource="C:\Program Files\ArcGIS\Desktop10.0\ArcToolbox\Toolboxes\Data Management Tools.tbx\AddField" Date="20121114" Time="154645">AddField c:\java-projects\nidis-python\nadm-201210\nadm\nadm_d1.shp Country TEXT # 6 # # NON_NULLABLE NON_REQUIRED #</Process><Process ToolSource="C:\Program Files\ArcGIS\Desktop10.0\ArcToolbox\Toolboxes\Data Management Tools.tbx\AddField" Date="20121114" Time="154645">AddField c:\java-projects\nidis-python\nadm-201210\nadm\nadm_d1.shp Droughtcat TEXT # 6 # # NON_NULLABLE NON_REQUIRED #</Process></lineage></DataProperties></Esri></metadata>
