<?xml version="1.0" encoding="UTF-8"?>
<metadata xml:lang="en"><Esri><CreaDate>20121114</CreaDate><CreaTime>15471900</CreaTime><ArcGISFormat>1.0</ArcGISFormat><SyncOnce>TRUE</SyncOnce><DataProperties><lineage><Process ToolSource="C:\Program Files\ArcGIS\Desktop10.0\ArcToolbox\Toolboxes\Data Management Tools.tbx\AddField" Date="20121114" Time="154719">AddField c:\java-projects\nidis-python\nadm-201210\nadm\nadm_impact_labels.shp Year_Month TEXT # 6 # # NON_NULLABLE NON_REQUIRED #</Process><Process ToolSource="C:\Program Files\ArcGIS\Desktop10.0\ArcToolbox\Toolboxes\Data Management Tools.tbx\AddField" Date="20121114" Time="154719">AddField c:\java-projects\nidis-python\nadm-201210\nadm\nadm_impact_labels.shp Country TEXT # 6 # # NON_NULLABLE NON_REQUIRED #</Process></lineage></DataProperties></Esri></metadata>
