<?xml version="1.0"?>
<!--<!DOCTYPE metadata SYSTEM "http://www.esri.com/metadata/esriprof80.dtd">-->
<metadata xml:lang="es"><Esri><CreaDate>20110211</CreaDate><CreaTime>10372800</CreaTime><SyncOnce>FALSE</SyncOnce><ArcGISFormat>1.0</ArcGISFormat><DataProperties><itemProps><itemLocation><linkage Sync="TRUE">file://\\Dc2\Shares\Projects\NADM\MergeFileWorkArea\jan2011\cusmx201101_d3_dis.shp</linkage><protocol Sync="TRUE">Local Area Network</protocol></itemLocation><itemName Sync="TRUE">cusmx201101_d3_dis</itemName><imsContentType Sync="TRUE">002</imsContentType><itemSize Sync="TRUE">0.000</itemSize></itemProps><copyHistory><copy source="C:\Users\aalbanil.CNA\Desktop\NADM\2010 DICIEMBRE\dic2010\mex_1210_d3" dest="\\CE0408W400\C$\Users\aalbanil.CNA\Desktop\NADM\2011 ENERO\ENERO2100\mex_1210_d3" date="20110209" time="12141000"></copy></copyHistory><coordRef><type Sync="TRUE">Geographic</type><geogcsn Sync="TRUE">GCS_WGS_1984</geogcsn><peXml Sync="TRUE">&lt;GeographicCoordinateSystem xsi:type='typens:GeographicCoordinateSystem' xmlns:xsi='http://www.w3.org/2001/XMLSchema-instance' xmlns:xs='http://www.w3.org/2001/XMLSchema' xmlns:typens='http://www.esri.com/schemas/ArcGIS/10.0'&gt;&lt;WKT&gt;GEOGCS[&amp;quot;GCS_WGS_1984&amp;quot;,DATUM[&amp;quot;D_WGS_1984&amp;quot;,SPHEROID[&amp;quot;WGS_1984&amp;quot;,6378137.0,298.257223563]],PRIMEM[&amp;quot;Greenwich&amp;quot;,0.0],UNIT[&amp;quot;Degree&amp;quot;,0.0174532925199433],AUTHORITY[&amp;quot;EPSG&amp;quot;,4326]]&lt;/WKT&gt;&lt;XOrigin&gt;-399.99999999999989&lt;/XOrigin&gt;&lt;YOrigin&gt;-399.99999999999989&lt;/YOrigin&gt;&lt;XYScale&gt;11258999068426.24&lt;/XYScale&gt;&lt;ZOrigin&gt;-100000&lt;/ZOrigin&gt;&lt;ZScale&gt;10000&lt;/ZScale&gt;&lt;MOrigin&gt;-100000&lt;/MOrigin&gt;&lt;MScale&gt;10000&lt;/MScale&gt;&lt;XYTolerance&gt;8.9831528411952133e-009&lt;/XYTolerance&gt;&lt;ZTolerance&gt;0.001&lt;/ZTolerance&gt;&lt;MTolerance&gt;0.001&lt;/MTolerance&gt;&lt;HighPrecision&gt;true&lt;/HighPrecision&gt;&lt;LeftLongitude&gt;-180&lt;/LeftLongitude&gt;&lt;WKID&gt;4326&lt;/WKID&gt;&lt;/GeographicCoordinateSystem&gt;</peXml></coordRef><lineage><Process ToolSource="C:\Program Files\ArcGIS\Desktop10.0\ArcToolbox\Toolboxes\Data Management Tools.tbx\Merge" Date="20110211" Time="100938">Merge mex_0111_d3;cdm201101_d3_draft_Merge \\Dc2\Shares\Projects\NADM\MergeFileWorkArea\jan2011\cusmx201101_d3_mer.shp "ID "ID" true true false 6 Long 0 6 ,First,#,mex_0111_d3,ID,-1,-1,cdm201101_d3_draft_Merge,Id,-1,-1;DM "DM" true true false 4 Long 0 0 ,First,#,cdm201101_d3_draft_Merge,DM,-1,-1;Shape_Leng "Shape_Length" false true true 8 Double 0 0 ,First,#,cdm201101_d3_draft_Merge,Shape_Length,-1,-1;Shape_Area "Shape_Area" false true true 8 Double 0 0 ,First,#,cdm201101_d3_draft_Merge,Shape_Area,-1,-1"</Process><Process ToolSource="C:\Program Files\ArcGIS\Desktop10.0\ArcToolbox\Toolboxes\Data Management Tools.tbx\Dissolve" Date="20110211" Time="101048">Dissolve cusmx201101_d3_mer \\Dc2\Shares\Projects\NADM\MergeFileWorkArea\jan2011\cusmx201101_d3_dis.shp # # MULTI_PART DISSOLVE_LINES</Process></lineage></DataProperties><SyncDate>20110211</SyncDate><SyncTime>10104800</SyncTime><ModDate>20110211</ModDate><ModTime>10104800</ModTime></Esri><idinfo><citation><citeinfo><onlink Sync="TRUE">\\CE0408W403\C\Users\fromeroc\Desktop\Drought\2010 DICIEMBRE\dic2010\mex_1110_d3</onlink></citeinfo></citation></idinfo><distInfo><distributor><distorTran><onLineSrc><linkage Sync="TRUE">file://\\CE0408W403\C\Users\fromeroc\Desktop\Drought\2010 DICIEMBRE\dic2010\mex_1110_d3</linkage><protocol Sync="TRUE">Local Area Network</protocol></onLineSrc></distorTran></distributor><distFormat><formatName Sync="TRUE">Shapefile</formatName></distFormat><distTranOps><transSize Sync="TRUE">0.000</transSize></distTranOps></distInfo><dataqual><lineage><procstep><procdesc Sync="TRUE">Dataset copied.</procdesc><srcused Sync="TRUE">C:\NADM training\Mexico_Abril08\mex_0408_d3</srcused><date Sync="TRUE">20080613</date><time Sync="TRUE">13542700</time></procstep><procstep><procdesc Sync="TRUE">Dataset copied.</procdesc><srcused Sync="TRUE">C:\NADM\Mexico_Junio08\Mex_Junio08\mex_0608_d3</srcused><date Sync="TRUE">20080818</date><time Sync="TRUE">16105100</time></procstep><procstep><procdesc Sync="TRUE">Dataset copied.</procdesc><srcused Sync="TRUE">C:\NADM\Mexico_Julio08\Mexico_Julio08\mex_0708_d3</srcused><date Sync="TRUE">20080911</date><time Sync="TRUE">18044500</time></procstep><procstep><procdesc Sync="TRUE">Dataset moved.</procdesc><srcused Sync="TRUE">C:\NADM\Mexico_Agosto08\mex_0808_d3</srcused><date Sync="TRUE">20081015</date><time Sync="TRUE">07210000</time></procstep><procstep><procdesc Sync="TRUE">Dataset copied.</procdesc><srcused Sync="TRUE">C:\NADM\Mexico_September08\mex_0908_d3</srcused><date Sync="TRUE">20081210</date><time Sync="TRUE">19154200</time></procstep><procstep><procdesc Sync="TRUE">Dataset copied.</procdesc><srcused Sync="TRUE">C:\NADM\Noviembre_2008\mex_1108_d3</srcused><date Sync="TRUE">20090115</date><time Sync="TRUE">15511800</time></procstep><procstep><procdesc Sync="TRUE">Dataset copied.</procdesc><srcused Sync="TRUE">C:\NADM\Diciembre_2008\mex_1208_d3</srcused><date Sync="TRUE">20090211</date><time Sync="TRUE">10133500</time></procstep><procstep><procdesc Sync="TRUE">Dataset copied.</procdesc><srcused Sync="TRUE">C:\NADM\MARZO 2009\mex_0309_d3</srcused><date Sync="TRUE">20090513</date><time Sync="TRUE">15563400</time></procstep><procstep><procdesc Sync="TRUE">Dataset copied.</procdesc><srcused Sync="TRUE">C:\NADM\ABRIL 2009\mex_0409_d3</srcused><date Sync="TRUE">20090615</date><time Sync="TRUE">13134700</time></procstep><procstep><procdesc Sync="TRUE">Dataset copied.</procdesc><srcused Sync="TRUE">C:\NADM\MAYO_2009\mex_0509_d3</srcused><date Sync="TRUE">20090715</date><time Sync="TRUE">13142500</time></procstep><procstep><procdesc Sync="TRUE">Dataset moved.</procdesc><srcused Sync="TRUE">C:\NADM\JULIO_2009\mex_0709_d3</srcused><date Sync="TRUE">20090915</date><time Sync="TRUE">18252400</time></procstep><procstep><procdesc Sync="TRUE">Dataset moved.</procdesc><srcused Sync="TRUE">C:\NADM\AGOSTO_2009\mex_0709_d3</srcused><date Sync="TRUE">20090915</date><time Sync="TRUE">18253600</time></procstep><procstep><procdesc Sync="TRUE">Dataset copied.</procdesc><srcused Sync="TRUE">C:\NADM\JULIO_2009\mex_0709_d3</srcused><date Sync="TRUE">20090915</date><time Sync="TRUE">18254800</time></procstep><procstep><procdesc Sync="TRUE">Dataset copied.</procdesc><srcused Sync="TRUE">C:\NADM\AGOSTO_2009\mex_0809_d3</srcused><date Sync="TRUE">20091012</date><time Sync="TRUE">14133300</time></procstep><procstep><procdesc Sync="TRUE">Dataset copied.</procdesc><srcused Sync="TRUE">C:\Users\fromeroc\Desktop\Drought\2009 Septiembre\Septiembre 2009\mex_0909_d3</srcused><date Sync="TRUE">20091109</date><time Sync="TRUE">18200200</time></procstep><procstep><procdesc Sync="TRUE">Dataset copied.</procdesc><srcused Sync="TRUE">C:\Users\fromeroc\Desktop\Drought\2009 NOVIEMBRE\Noviembre2009\mex_1109_d3</srcused><date Sync="TRUE">20100114</date><time Sync="TRUE">20294800</time></procstep><procstep><procdesc Sync="TRUE">Dataset copied.</procdesc><srcused Sync="TRUE">C:\Users\fromeroc\Desktop\Drought\2010 FEBRERO\FEB2010\mex_0210_d3</srcused><date Sync="TRUE">20100414</date><time Sync="TRUE">17550800</time></procstep><procstep><procdesc Sync="TRUE">Dataset copied.</procdesc><srcused Sync="TRUE">C:\Users\fromeroc\Desktop\Drought\2010 MARZO\MAR2010\mex_0310_d3</srcused><date Sync="TRUE">20100511</date><time Sync="TRUE">09232200</time></procstep><procstep><procdesc Sync="TRUE">Dataset moved.</procdesc><srcused Sync="TRUE">C:\Users\fromeroc\Desktop\Drought\2010 ABRIL\mex_0310_d3</srcused><date Sync="TRUE">20100511</date><time Sync="TRUE">09252500</time></procstep><procstep><procdesc Sync="TRUE">Dataset copied.</procdesc><srcused Sync="TRUE">C:\Users\fromeroc\Desktop\Drought\2010 ABRIL\ABR2010\mex_0410_d3</srcused><date Sync="TRUE">20100609</date><time Sync="TRUE">16351100</time></procstep><procstep><procdesc Sync="TRUE">Dataset copied.</procdesc><srcused Sync="TRUE">C:\Users\fromeroc\Desktop\Drought\2010 MAYO\MAY2010\mex_0510_d3</srcused><date Sync="TRUE">20100611</date><time Sync="TRUE">18124800</time></procstep><procstep><procdesc Sync="TRUE">Dataset copied.</procdesc><srcused Sync="TRUE">C:\Users\fromeroc\Desktop\Drought\2010 JUNIO\2010JUN\mex_0610_d3</srcused><date Sync="TRUE">20100811</date><time Sync="TRUE">11205200</time></procstep><procstep><procdesc Sync="TRUE">Dataset copied.</procdesc><srcused Sync="TRUE">C:\Users\fromeroc\Desktop\Drought\2010 JULIO\JULIO2010\mex_0710_d3</srcused><date Sync="TRUE">20100914</date><time Sync="TRUE">14284300</time></procstep><procstep><procdesc Sync="TRUE">Dataset copied.</procdesc><srcused Sync="TRUE">C:\Users\fromeroc\Desktop\Drought\2010 AGOSTO\AGOSTO 2010\mex_0810_d3</srcused><date Sync="TRUE">20101011</date><time Sync="TRUE">18430000</time></procstep><procstep><procdesc Sync="TRUE">Dataset copied.</procdesc><srcused Sync="TRUE">C:\Users\fromeroc\Desktop\Drought\2010 OCTUBRE\OCTUBRE 2010\mex_1010_d3</srcused><procdate Sync="TRUE">20101210</procdate><proctime Sync="TRUE">15131300</proctime></procstep><procstep><procdesc Sync="TRUE">Dataset copied.</procdesc><srcused Sync="TRUE">C:\Users\fromeroc\Desktop\Drought\2010 NOVIEMBRE\nov2010\mex_1110_d3</srcused><procdate Sync="TRUE">20110106</procdate><proctime Sync="TRUE">13442300</proctime></procstep></lineage></dataqual><dataIdInfo><envirDesc Sync="TRUE">Microsoft Windows XP Version 5.1 (Build 2600) Service Pack 3; ESRI ArcGIS 10.0.0.2414</envirDesc><dataLang><languageCode value="en" country="US"></languageCode></dataLang><idCitation><resTitle Sync="TRUE">cusmx201101_d3_dis</resTitle><presForm><PresFormCd value="005"></PresFormCd></presForm></idCitation><descKeys><thesaName uuidref="723f6998-058e-11dc-8314-0800200c9a66"></thesaName><keyword Sync="TRUE">002</keyword></descKeys><spatRpType><SpatRepTypCd value="001"></SpatRepTypCd></spatRpType></dataIdInfo><mdLang><languageCode value="en"></languageCode></mdLang><mdHrLv><ScopeCd value="005"></ScopeCd></mdHrLv><mdHrLvName Sync="TRUE">dataset</mdHrLvName><refSysInfo><RefSystem><refSysID><identCode code="4326"></identCode><idCodeSpace Sync="TRUE">EPSG</idCodeSpace><idVersion Sync="TRUE">7.4.1</idVersion></refSysID></RefSystem></refSysInfo><spdoinfo><ptvctinf><esriterm Name="cusmx201101_d3_dis"><efeatyp Sync="TRUE">Simple</efeatyp><efeageom Sync="TRUE">4</efeageom><esritopo Sync="TRUE">FALSE</esritopo><efeacnt Sync="TRUE">0</efeacnt><spindex Sync="TRUE">FALSE</spindex><linrefer Sync="TRUE">FALSE</linrefer></esriterm></ptvctinf></spdoinfo><spatRepInfo><VectSpatRep><topLvl><TopoLevCd value="001"></TopoLevCd></topLvl><geometObjs><geoObjTyp><GeoObjTypCd value="002"></GeoObjTypCd><geoObjCnt Sync="TRUE">0</geoObjCnt></geoObjTyp></geometObjs></VectSpatRep></spatRepInfo><eainfo><detailed Name="cusmx201101_d3_dis"><enttyp><enttypl Sync="TRUE">cusmx201101_d3_dis</enttypl><enttypt Sync="TRUE">Feature Class</enttypt><enttypc Sync="TRUE">0</enttypc></enttyp><attr><attrlabl Sync="TRUE">FID</attrlabl><attalias Sync="TRUE">FID</attalias><attrtype Sync="TRUE">OID</attrtype><attwidth Sync="TRUE">4</attwidth><atprecis Sync="TRUE">0</atprecis><attscale Sync="TRUE">0</attscale><attrdef Sync="TRUE">Internal feature number.</attrdef><attrdefs Sync="TRUE">ESRI</attrdefs><attrdomv><udom Sync="TRUE">Sequential unique whole numbers that are automatically generated.</udom></attrdomv></attr><attr><attrlabl Sync="TRUE">Shape</attrlabl><attalias Sync="TRUE">Shape</attalias><attrtype Sync="TRUE">Geometry</attrtype><attwidth Sync="TRUE">0</attwidth><atprecis Sync="TRUE">0</atprecis><attscale Sync="TRUE">0</attscale><attrdef Sync="TRUE">Feature geometry.</attrdef><attrdefs Sync="TRUE">ESRI</attrdefs><attrdomv><udom Sync="TRUE">Coordinates defining the features.</udom></attrdomv></attr><attr><attrlabl Sync="TRUE">ID</attrlabl><attalias Sync="TRUE">Id</attalias><attrtype Sync="TRUE">Integer</attrtype><attwidth Sync="TRUE">6</attwidth><atprecis Sync="TRUE">6</atprecis><attscale Sync="TRUE">0</attscale></attr></detailed></eainfo><mdDateSt Sync="TRUE">20110211</mdDateSt></metadata>
