<?xml version="1.0" encoding="UTF-8"?>
<metadata xml:lang="en"><Esri><CreaDate>20221212</CreaDate><CreaTime>14501400</CreaTime><ArcGISFormat>1.0</ArcGISFormat><SyncOnce>TRUE</SyncOnce><DataProperties><itemProps><itemLocation><linkage Sync="TRUE">file://\\SKREGIA688463P\C$\Users\kleinac\OneDrive - AGR-AGR\Documents\NAIS\NADM\Assessment\2022\11\data\nadm_202211\nadm_impact_callouts</linkage><protocol Sync="TRUE">Local Area Network</protocol></itemLocation></itemProps><copyHistory><copy source="C:\Users\kleinac\OneDrive - AGR-AGR\Documents\NAIS\NADM\Assessment\2022\11\data\nadm-202211-processed\nadm\nadm_impact_callouts" dest="\\SKREGIA688463P\C$\Users\kleinac\OneDrive - AGR-AGR\Documents\NAIS\NADM\Assessment\2022\11\data\nadm_202211\nadm_impact_callouts" date="20221212" time="14501400"></copy></copyHistory></DataProperties></Esri></metadata>
