<?xml version="1.0" encoding="UTF-8"?>
<metadata xml:lang="en"><Esri><CreaDate>20200724</CreaDate><CreaTime>09311400</CreaTime><ArcGISFormat>1.0</ArcGISFormat><SyncOnce>FALSE</SyncOnce><DataProperties><itemProps><itemName Sync="TRUE">nadm_d0</itemName><imsContentType Sync="TRUE">002</imsContentType><itemLocation><linkage Sync="TRUE">file://\\CD0004346179\C$\Users\Rocky.Bilotta\Documents\ArcGIS\Default.gdb</linkage><protocol Sync="TRUE">Local Area Network</protocol></itemLocation><itemSize Sync="TRUE">0.000</itemSize></itemProps><coordRef><type Sync="TRUE">Projected</type><geogcsn Sync="TRUE">GCS_WGS_1984</geogcsn><csUnits Sync="TRUE">Linear Unit: Meter (1.000000)</csUnits><projcsn Sync="TRUE">WGS_1984_Web_Mercator_Auxiliary_Sphere</projcsn><peXml Sync="TRUE">&lt;ProjectedCoordinateSystem xsi:type='typens:ProjectedCoordinateSystem' xmlns:xsi='http://www.w3.org/2001/XMLSchema-instance' xmlns:xs='http://www.w3.org/2001/XMLSchema' xmlns:typens='http://www.esri.com/schemas/ArcGIS/10.4'&gt;&lt;WKT&gt;PROJCS[&amp;quot;WGS_1984_Web_Mercator_Auxiliary_Sphere&amp;quot;,GEOGCS[&amp;quot;GCS_WGS_1984&amp;quot;,DATUM[&amp;quot;D_WGS_1984&amp;quot;,SPHEROID[&amp;quot;WGS_1984&amp;quot;,6378137.0,298.257223563]],PRIMEM[&amp;quot;Greenwich&amp;quot;,0.0],UNIT[&amp;quot;Degree&amp;quot;,0.0174532925199433]],PROJECTION[&amp;quot;Mercator_Auxiliary_Sphere&amp;quot;],PARAMETER[&amp;quot;False_Easting&amp;quot;,0.0],PARAMETER[&amp;quot;False_Northing&amp;quot;,0.0],PARAMETER[&amp;quot;Central_Meridian&amp;quot;,0.0],PARAMETER[&amp;quot;Standard_Parallel_1&amp;quot;,0.0],PARAMETER[&amp;quot;Auxiliary_Sphere_Type&amp;quot;,0.0],UNIT[&amp;quot;Meter&amp;quot;,1.0],AUTHORITY[&amp;quot;EPSG&amp;quot;,3857]]&lt;/WKT&gt;&lt;XOrigin&gt;-20037700&lt;/XOrigin&gt;&lt;YOrigin&gt;-30241100&lt;/YOrigin&gt;&lt;XYScale&gt;148923141.92838538&lt;/XYScale&gt;&lt;ZOrigin&gt;-100000&lt;/ZOrigin&gt;&lt;ZScale&gt;10000&lt;/ZScale&gt;&lt;MOrigin&gt;-100000&lt;/MOrigin&gt;&lt;MScale&gt;10000&lt;/MScale&gt;&lt;XYTolerance&gt;0.001&lt;/XYTolerance&gt;&lt;ZTolerance&gt;0.001&lt;/ZTolerance&gt;&lt;MTolerance&gt;0.001&lt;/MTolerance&gt;&lt;HighPrecision&gt;true&lt;/HighPrecision&gt;&lt;WKID&gt;102100&lt;/WKID&gt;&lt;LatestWKID&gt;3857&lt;/LatestWKID&gt;&lt;/ProjectedCoordinateSystem&gt;</peXml></coordRef><lineage><Process ToolSource="c:\program files\arcgis\pro\Resources\ArcToolbox\toolboxes\Conversion Tools.tbx\FeatureClassToFeatureClass" Date="20200707" Time="144748">FeatureClassToFeatureClass "Feature Set" c:\temp\cdmWorking\cdm_200630\Working_Export\drought_monitor.gdb cdm_nadm_draft_py_d0 # "DM "DM" true true false 4 Long 0 0,First,#,C:\Users\RICHAR~1\AppData\Local\Temp\ArcGISProTemp3040\mx2EC2AD6372554B5D8BAC494A41B09145.gdb\ScratchRecordSet,DM,-1,-1;COMMENTS "COMMENTS" true true false 254 Text 0 0,First,#,C:\Users\RICHAR~1\AppData\Local\Temp\ArcGISProTemp3040\mx2EC2AD6372554B5D8BAC494A41B09145.gdb\ScratchRecordSet,COMMENTS,0,254;CreationDa "CreationDa" true true false 8 Date 0 0,First,#,C:\Users\RICHAR~1\AppData\Local\Temp\ArcGISProTemp3040\mx2EC2AD6372554B5D8BAC494A41B09145.gdb\ScratchRecordSet,CreationDa,-1,-1;Creator "Creator" true true false 50 Text 0 0,First,#,C:\Users\RICHAR~1\AppData\Local\Temp\ArcGISProTemp3040\mx2EC2AD6372554B5D8BAC494A41B09145.gdb\ScratchRecordSet,Creator,0,50;EditDate "EditDate" true true false 8 Date 0 0,First,#,C:\Users\RICHAR~1\AppData\Local\Temp\ArcGISProTemp3040\mx2EC2AD6372554B5D8BAC494A41B09145.gdb\ScratchRecordSet,EditDate,-1,-1;Editor "Editor" true true false 50 Text 0 0,First,#,C:\Users\RICHAR~1\AppData\Local\Temp\ArcGISProTemp3040\mx2EC2AD6372554B5D8BAC494A41B09145.gdb\ScratchRecordSet,Editor,0,50;Creation_1 "Creation_1" true true false 8 Date 0 0,First,#,C:\Users\RICHAR~1\AppData\Local\Temp\ArcGISProTemp3040\mx2EC2AD6372554B5D8BAC494A41B09145.gdb\ScratchRecordSet,Creation_1,-1,-1;Creator_1 "Creator" true true false 50 Text 0 0,First,#,C:\Users\RICHAR~1\AppData\Local\Temp\ArcGISProTemp3040\mx2EC2AD6372554B5D8BAC494A41B09145.gdb\ScratchRecordSet,Creator_1,0,50;EditDate_1 "EditDate" true true false 8 Date 0 0,First,#,C:\Users\RICHAR~1\AppData\Local\Temp\ArcGISProTemp3040\mx2EC2AD6372554B5D8BAC494A41B09145.gdb\ScratchRecordSet,EditDate_1,-1,-1;Editor_1 "Editor" true true false 50 Text 0 0,First,#,C:\Users\RICHAR~1\AppData\Local\Temp\ArcGISProTemp3040\mx2EC2AD6372554B5D8BAC494A41B09145.gdb\ScratchRecordSet,Editor_1,0,50;Shape__Are "Shape__Are" true true false 8 Double 0 0,First,#,C:\Users\RICHAR~1\AppData\Local\Temp\ArcGISProTemp3040\mx2EC2AD6372554B5D8BAC494A41B09145.gdb\ScratchRecordSet,Shape__Are,-1,-1;Shape__Len "Shape__Len" true true false 8 Double 0 0,First,#,C:\Users\RICHAR~1\AppData\Local\Temp\ArcGISProTemp3040\mx2EC2AD6372554B5D8BAC494A41B09145.gdb\ScratchRecordSet,Shape__Len,-1,-1;Shape__Area "Shape__Area" true true false 8 Double 0 0,First,#,C:\Users\RICHAR~1\AppData\Local\Temp\ArcGISProTemp3040\mx2EC2AD6372554B5D8BAC494A41B09145.gdb\ScratchRecordSet,Shape__Area,-1,-1;Shape__Length "Shape__Length" true true false 8 Double 0 0,First,#,C:\Users\RICHAR~1\AppData\Local\Temp\ArcGISProTemp3040\mx2EC2AD6372554B5D8BAC494A41B09145.gdb\ScratchRecordSet,Shape__Length,-1,-1;GlobalID "GlobalID" false false true 38 GlobalID 0 0,First,#,C:\Users\RICHAR~1\AppData\Local\Temp\ArcGISProTemp3040\mx2EC2AD6372554B5D8BAC494A41B09145.gdb\ScratchRecordSet,GlobalID,-1,-1;CreationDate "CreationDate" true true false 8 Date 0 0,First,#,C:\Users\RICHAR~1\AppData\Local\Temp\ArcGISProTemp3040\mx2EC2AD6372554B5D8BAC494A41B09145.gdb\ScratchRecordSet,CreationDate,-1,-1;Shape_Length "Shape_Length" false true true 8 Double 0 0,First,#,C:\Users\RICHAR~1\AppData\Local\Temp\ArcGISProTemp3040\mx2EC2AD6372554B5D8BAC494A41B09145.gdb\ScratchRecordSet,Shape_Length,-1,-1;Shape_Area "Shape_Area" false true true 8 Double 0 0,First,#,C:\Users\RICHAR~1\AppData\Local\Temp\ArcGISProTemp3040\mx2EC2AD6372554B5D8BAC494A41B09145.gdb\ScratchRecordSet,Shape_Area,-1,-1" #</Process><Process ToolSource="C:\Users\richardls\Desktop\CDM\DownloadService.tbx\DownloadService" Date="20200707" Time="144750">DownloadService true false https://services.arcgis.com/lGOekm0RsNxYnT3j/arcgis/rest/services/canadian_drought_monitor_editing_2018/FeatureServer/7 # true false aafcguest ***** c:\temp\cdmWorking\cdm_200630\Working_Export\drought_monitor.gdb\cdm_nadm_draft_py_d0 false #</Process><Process ToolSource="c:\program files\arcgis\pro\Resources\ArcToolbox\toolboxes\Data Management Tools.tbx\CopyFeatures" Date="20200707" Time="144843">CopyFeatures c:\temp\cdmWorking\cdm_200630\Working_Export\drought_monitor.gdb\cdm_nadm_draft_py_d0 c:\temp\cdmWorking\cdm_200630\Working_Export\shp\cdm_nadm_draft_py_d0.shp # # # #</Process><Process ToolSource="c:\program files\arcgis\pro\Resources\ArcToolbox\toolboxes\Analysis Tools.tbx\Erase" Date="20200707" Time="170506">Erase C:\Users\kleinac\Documents\NAIS\CDM\Assessment\2020\06\data\cdm_2006\cdm_d0_clip.shp "Drought not analyzed" C:\Users\kleinac\Documents\NAIS\CDM\Assessment\2020\06\data\cdm_2006\cdm_d0.shp #</Process><Process ToolSource="c:\noaa_scripts\arcgis\desktop10.5\ArcToolbox\Toolboxes\Data Management Tools.tbx\Project" Date="20200724" Time="093024">Project nadm_d0 C:\Users\Rocky.Bilotta\Documents\ArcGIS\Default.gdb\nadm_d0_Project GEOGCS['GCS_WGS_1984',DATUM['D_WGS_1984',SPHEROID['WGS_1984',6378137.0,298.257223563]],PRIMEM['Greenwich',0.0],UNIT['Degree',0.0174532925199433]] # PROJCS['WGS_1984_Web_Mercator_Auxiliary_Sphere',GEOGCS['GCS_WGS_1984',DATUM['D_WGS_1984',SPHEROID['WGS_1984',6378137.0,298.257223563]],PRIMEM['Greenwich',0.0],UNIT['Degree',0.0174532925199433]],PROJECTION['Mercator_Auxiliary_Sphere'],PARAMETER['False_Easting',0.0],PARAMETER['False_Northing',0.0],PARAMETER['Central_Meridian',0.0],PARAMETER['Standard_Parallel_1',0.0],PARAMETER['Auxiliary_Sphere_Type',0.0],UNIT['Meter',1.0]] NO_PRESERVE_SHAPE # NO_VERTICAL</Process></lineage></DataProperties><SyncDate>20200708</SyncDate><SyncTime>16591200</SyncTime><ModDate>20200708</ModDate><ModTime>16591200</ModTime></Esri><dataIdInfo><envirDesc Sync="TRUE"> Version 6.2 (Build 9200) ; Esri ArcGIS 10.4.1.5686</envirDesc><dataLang><languageCode value="eng" Sync="TRUE"></languageCode><countryCode value="USA" Sync="TRUE"></countryCode></dataLang><idCitation><resTitle Sync="TRUE">nadm_d0</resTitle><presForm><PresFormCd value="005" Sync="TRUE"></PresFormCd></presForm></idCitation><spatRpType><SpatRepTypCd value="001" Sync="TRUE"></SpatRepTypCd></spatRpType></dataIdInfo><mdLang><languageCode value="eng" Sync="TRUE"></languageCode><countryCode value="USA" Sync="TRUE"></countryCode></mdLang><distInfo><distFormat><formatName Sync="TRUE">Shapefile</formatName></distFormat><distTranOps><transSize Sync="TRUE">0.000</transSize></distTranOps></distInfo><mdHrLv><ScopeCd value="005" Sync="TRUE"></ScopeCd></mdHrLv><mdHrLvName Sync="TRUE">dataset</mdHrLvName><refSysInfo><RefSystem><refSysID><identCode code="3857" Sync="TRUE"></identCode><idCodeSpace Sync="TRUE">EPSG</idCodeSpace><idVersion Sync="TRUE">8.8(9.3.1.2)</idVersion></refSysID></RefSystem></refSysInfo><spatRepInfo><VectSpatRep><geometObjs Name="nadm_d0"><geoObjTyp><GeoObjTypCd value="002" Sync="TRUE"></GeoObjTypCd></geoObjTyp><geoObjCnt Sync="TRUE">0</geoObjCnt></geometObjs><topLvl><TopoLevCd value="001" Sync="TRUE"></TopoLevCd></topLvl></VectSpatRep></spatRepInfo><spdoinfo><ptvctinf><esriterm Name="nadm_d0"><efeatyp Sync="TRUE">Simple</efeatyp><efeageom code="4" Sync="TRUE"></efeageom><esritopo Sync="TRUE">FALSE</esritopo><efeacnt Sync="TRUE">0</efeacnt><spindex Sync="TRUE">FALSE</spindex><linrefer Sync="TRUE">FALSE</linrefer></esriterm></ptvctinf></spdoinfo><eainfo><detailed Name="nadm_d0"><enttyp><enttypl Sync="TRUE">nadm_d0</enttypl><enttypt Sync="TRUE">Feature Class</enttypt><enttypc Sync="TRUE">0</enttypc></enttyp><attr><attrlabl Sync="TRUE">FID</attrlabl><attalias Sync="TRUE">FID</attalias><attrtype Sync="TRUE">OID</attrtype><attwidth Sync="TRUE">4</attwidth><atprecis Sync="TRUE">0</atprecis><attscale Sync="TRUE">0</attscale><attrdef Sync="TRUE">Internal feature number.</attrdef><attrdefs Sync="TRUE">Esri</attrdefs><attrdomv><udom Sync="TRUE">Sequential unique whole numbers that are automatically generated.</udom></attrdomv></attr><attr><attrlabl Sync="TRUE">Shape</attrlabl><attalias Sync="TRUE">Shape</attalias><attrtype Sync="TRUE">Geometry</attrtype><attwidth Sync="TRUE">0</attwidth><atprecis Sync="TRUE">0</atprecis><attscale Sync="TRUE">0</attscale><attrdef Sync="TRUE">Feature geometry.</attrdef><attrdefs Sync="TRUE">Esri</attrdefs><attrdomv><udom Sync="TRUE">Coordinates defining the features.</udom></attrdomv></attr><attr><attrlabl Sync="TRUE">DM</attrlabl><attalias Sync="TRUE">DM</attalias><attrtype Sync="TRUE">Integer</attrtype><attwidth Sync="TRUE">10</attwidth><atprecis Sync="TRUE">10</atprecis><attscale Sync="TRUE">0</attscale></attr></detailed></eainfo><mdDateSt Sync="TRUE">20200708</mdDateSt></metadata>
