<?xml version="1.0" encoding="UTF-8"?>
<metadata xml:lang="en"><Esri><CreaDate>20200721</CreaDate><CreaTime>14025400</CreaTime><ArcGISFormat>1.0</ArcGISFormat><ArcGISstyle>FGDC CSDGM Metadata</ArcGISstyle><SyncOnce>TRUE</SyncOnce><DataProperties><itemProps><itemLocation><linkage Sync="TRUE">file://\\SKREGIA688261P\C$\Users\kleinac\Documents\NAIS\NADM\Assessment\June 2020\data\NADM\nadm_impact_callouts</linkage><protocol Sync="TRUE">Local Area Network</protocol></itemLocation></itemProps><copyHistory><copy source="C:\Users\kleinac\Documents\NAIS\NADM\Assessment\June 2020\data\nadm-202006_processed\nadm-202006\nadm\nadm_impact_callouts" dest="\\SKREGIA688261P\C$\Users\kleinac\Documents\NAIS\NADM\Assessment\June 2020\data\NADM\nadm_impact_callouts" date="20200721" time="14025400"></copy></copyHistory></DataProperties></Esri></metadata>
