<?xml version="1.0" encoding="UTF-8"?>
<metadata xml:lang="en"><Esri><CreaDate>20171108</CreaDate><CreaTime>13283600</CreaTime><SyncOnce>FALSE</SyncOnce><SyncDate>20171101</SyncDate><SyncTime>18053500</SyncTime><ModDate>20171101</ModDate><ModTime>18053500</ModTime><ArcGISFormat>1.0</ArcGISFormat><DataProperties><itemProps><itemName Sync="TRUE">Drought_Impacts_Callout_P</itemName><imsContentType Sync="TRUE">002</imsContentType><itemSize Sync="TRUE">0.000</itemSize><itemLocation><linkage Sync="TRUE">file://\\NDMC-011\P1$\Production\USDM\output\data\shapefiles_r\Drought_Impacts_Callout_P.shp</linkage><protocol Sync="TRUE">Local Area Network</protocol></itemLocation></itemProps><coordRef><type Sync="TRUE">Projected</type><geogcsn Sync="TRUE">GCS_North_American_1983</geogcsn><csUnits Sync="TRUE">Linear Unit: Meter (1.000000)</csUnits><projcsn Sync="TRUE">USA_Contiguous_Albers_Equal_Area_Conic</projcsn><peXml Sync="TRUE">&lt;ProjectedCoordinateSystem xsi:type='typens:ProjectedCoordinateSystem' xmlns:xsi='http://www.w3.org/2001/XMLSchema-instance' xmlns:xs='http://www.w3.org/2001/XMLSchema' xmlns:typens='http://www.esri.com/schemas/ArcGIS/10.4'&gt;&lt;WKT&gt;PROJCS[&amp;quot;USA_Contiguous_Albers_Equal_Area_Conic&amp;quot;,GEOGCS[&amp;quot;GCS_North_American_1983&amp;quot;,DATUM[&amp;quot;D_North_American_1983&amp;quot;,SPHEROID[&amp;quot;GRS_1980&amp;quot;,6378137.0,298.257222101]],PRIMEM[&amp;quot;Greenwich&amp;quot;,0.0],UNIT[&amp;quot;Degree&amp;quot;,0.0174532925199433]],PROJECTION[&amp;quot;Albers&amp;quot;],PARAMETER[&amp;quot;False_Easting&amp;quot;,0.0],PARAMETER[&amp;quot;False_Northing&amp;quot;,0.0],PARAMETER[&amp;quot;Central_Meridian&amp;quot;,-96.0],PARAMETER[&amp;quot;Standard_Parallel_1&amp;quot;,29.5],PARAMETER[&amp;quot;Standard_Parallel_2&amp;quot;,45.5],PARAMETER[&amp;quot;Latitude_Of_Origin&amp;quot;,37.5],UNIT[&amp;quot;Meter&amp;quot;,1.0],AUTHORITY[&amp;quot;Esri&amp;quot;,102003]]&lt;/WKT&gt;&lt;XOrigin&gt;-16901100&lt;/XOrigin&gt;&lt;YOrigin&gt;-8579000&lt;/YOrigin&gt;&lt;XYScale&gt;266467840.99085236&lt;/XYScale&gt;&lt;ZOrigin&gt;-100000&lt;/ZOrigin&gt;&lt;ZScale&gt;10000&lt;/ZScale&gt;&lt;MOrigin&gt;-100000&lt;/MOrigin&gt;&lt;MScale&gt;10000&lt;/MScale&gt;&lt;XYTolerance&gt;0.001&lt;/XYTolerance&gt;&lt;ZTolerance&gt;0.001&lt;/ZTolerance&gt;&lt;MTolerance&gt;0.001&lt;/MTolerance&gt;&lt;HighPrecision&gt;true&lt;/HighPrecision&gt;&lt;WKID&gt;102003&lt;/WKID&gt;&lt;LatestWKID&gt;102003&lt;/LatestWKID&gt;&lt;/ProjectedCoordinateSystem&gt;</peXml></coordRef><lineage><Process ToolSource="c:\program files (x86)\arcgis\desktop10.4\ArcToolbox\Toolboxes\Data Management Tools.tbx\CopyFeatures" Date="20170330" Time="142930">CopyFeatures E:\P1\Production\USDM\reference\Drought_Impacts_Callout.shp E:\P1\Production\USDM\raw\usdm20170328\Drought_Impacts_Callout.shp # 0 0 0</Process><Process ToolSource="c:\program files (x86)\arcgis\desktop10.4\ArcToolbox\Toolboxes\Data Management Tools.tbx\CopyFeatures" Date="20170406" Time="113916">CopyFeatures E:\P1\Production\USDM\raw\usdm20170404\Drought_Impacts_Callout.shp E:\P1\Production\USDM\processed\20170404.gdb\Drought_Impacts_Callout_P # 0 0 0</Process><Process ToolSource="c:\program files (x86)\arcgis\desktop10.4\ArcToolbox\Toolboxes\Data Management Tools.tbx\CopyFeatures" Date="20170406" Time="133633">CopyFeatures E:\P1\Production\USDM\processed\20170404.gdb\Drought_Impacts_Callout_P E:\P1\Production\USDM\output\data\shapefiles_r\Drought_Impacts_Callout_P.shp # 0 0 0</Process><Process ToolSource="c:\program files (x86)\arcgis\desktop10.4\ArcToolbox\Toolboxes\Data Management Tools.tbx\Rename" Date="20170406" Time="133634">Rename E:\P1\Production\USDM\output\data\shapefiles_r\Drought_Impacts_Callout_P.shp E:\P1\Production\USDM\output\data\shapefiles_r\Drought_Impacts_Callout.shp FeatureClass</Process><Process ToolSource="c:\program files (x86)\arcgis\desktop10.4\ArcToolbox\Toolboxes\Data Management Tools.tbx\CopyFeatures" Date="20170412" Time="164319">CopyFeatures E:\P1\Production\USDM\raw\usdm20170411\Drought_Impacts_Callout.shp E:\P1\Production\USDM\processed\20170411.gdb\Drought_Impacts_Callout_P # 0 0 0</Process><Process ToolSource="c:\program files (x86)\arcgis\desktop10.4\ArcToolbox\Toolboxes\Data Management Tools.tbx\CopyFeatures" Date="20170412" Time="171005">CopyFeatures E:\P1\Production\USDM\processed\20170411.gdb\Drought_Impacts_Callout_P E:\P1\Production\USDM\output\data\shapefiles_r\Drought_Impacts_Callout_P.shp # 0 0 0</Process><Process ToolSource="c:\program files (x86)\arcgis\desktop10.4\ArcToolbox\Toolboxes\Data Management Tools.tbx\Rename" Date="20170412" Time="171006">Rename E:\P1\Production\USDM\output\data\shapefiles_r\Drought_Impacts_Callout_P.shp E:\P1\Production\USDM\output\data\shapefiles_r\Drought_Impacts_Callout.shp FeatureClass</Process><Process ToolSource="c:\program files (x86)\arcgis\desktop10.4\ArcToolbox\Toolboxes\Data Management Tools.tbx\CopyFeatures" Date="20170419" Time="151442">CopyFeatures E:\P1\Production\USDM\raw\usdm20170418\Drought_Impacts_Callout.shp E:\P1\Production\USDM\processed\20170418.gdb\Drought_Impacts_Callout_P # 0 0 0</Process><Process ToolSource="c:\program files (x86)\arcgis\desktop10.4\ArcToolbox\Toolboxes\Data Management Tools.tbx\CopyFeatures" Date="20170419" Time="174604">CopyFeatures E:\P1\Production\USDM\processed\20170418.gdb\Drought_Impacts_Callout_P E:\P1\Production\USDM\output\data\authorfiles\temp\Drought_Impacts_Callout_P.shp # 0 0 0</Process><Process ToolSource="c:\program files (x86)\arcgis\desktop10.4\ArcToolbox\Toolboxes\Data Management Tools.tbx\Rename" Date="20170419" Time="174605">Rename E:\P1\Production\USDM\output\data\authorfiles\temp\Drought_Impacts_Callout_P.shp E:\P1\Production\USDM\output\data\authorfiles\temp\Drought_Impacts_Callout.shp FeatureClass</Process><Process ToolSource="c:\program files (x86)\arcgis\desktop10.4\ArcToolbox\Toolboxes\Data Management Tools.tbx\CopyFeatures" Date="20170426" Time="142828">CopyFeatures E:\P1\Production\USDM\raw\usdm20170425\Drought_Impacts_Callout.shp E:\P1\Production\USDM\processed\20170425.gdb\Drought_Impacts_Callout_P # 0 0 0</Process><Process ToolSource="c:\program files (x86)\arcgis\desktop10.4\ArcToolbox\Toolboxes\Data Management Tools.tbx\CopyFeatures" Date="20170426" Time="145636">CopyFeatures E:\P1\Production\USDM\processed\20170425.gdb\Drought_Impacts_Callout_P E:\P1\Production\USDM\output\data\shapefiles_r\Drought_Impacts_Callout_P.shp # 0 0 0</Process><Process ToolSource="c:\program files (x86)\arcgis\desktop10.4\ArcToolbox\Toolboxes\Data Management Tools.tbx\Rename" Date="20170426" Time="145637">Rename E:\P1\Production\USDM\output\data\shapefiles_r\Drought_Impacts_Callout_P.shp E:\P1\Production\USDM\output\data\shapefiles_r\Drought_Impacts_Callout.shp FeatureClass</Process><Process ToolSource="c:\program files (x86)\arcgis\desktop10.4\ArcToolbox\Toolboxes\Data Management Tools.tbx\CopyFeatures" Date="20170510" Time="152843">CopyFeatures E:\P1\Production\USDM\raw\usdm20170509\Drought_Impacts_Callout.shp E:\P1\Production\USDM\processed\20170509.gdb\Drought_Impacts_Callout_P # 0 0 0</Process><Process ToolSource="c:\program files (x86)\arcgis\desktop10.4\ArcToolbox\Toolboxes\Data Management Tools.tbx\CopyFeatures" Date="20170510" Time="162204">CopyFeatures E:\P1\Production\USDM\processed\20170509.gdb\Drought_Impacts_Callout_P E:\P1\Production\USDM\output\data\authorfiles\temp\Drought_Impacts_Callout_P.shp # 0 0 0</Process><Process ToolSource="c:\program files (x86)\arcgis\desktop10.4\ArcToolbox\Toolboxes\Data Management Tools.tbx\Rename" Date="20170510" Time="162206">Rename E:\P1\Production\USDM\output\data\authorfiles\temp\Drought_Impacts_Callout_P.shp E:\P1\Production\USDM\output\data\authorfiles\temp\Drought_Impacts_Callout.shp FeatureClass</Process><Process ToolSource="c:\program files (x86)\arcgis\desktop10.4\ArcToolbox\Toolboxes\Data Management Tools.tbx\CopyFeatures" Date="20170517" Time="155415">CopyFeatures E:\P1\Production\USDM\raw\usdm20170516\Drought_Impacts_Callout.shp E:\P1\Production\USDM\processed\20170516.gdb\Drought_Impacts_Callout_P # 0 0 0</Process><Process ToolSource="c:\program files (x86)\arcgis\desktop10.4\ArcToolbox\Toolboxes\Data Management Tools.tbx\CopyFeatures" Date="20170517" Time="164722">CopyFeatures E:\P1\Production\USDM\processed\20170516.gdb\Drought_Impacts_Callout_P E:\P1\Production\USDM\output\data\authorfiles\temp\Drought_Impacts_Callout_P.shp # 0 0 0</Process><Process ToolSource="c:\program files (x86)\arcgis\desktop10.4\ArcToolbox\Toolboxes\Data Management Tools.tbx\Rename" Date="20170517" Time="164723">Rename E:\P1\Production\USDM\output\data\authorfiles\temp\Drought_Impacts_Callout_P.shp E:\P1\Production\USDM\output\data\authorfiles\temp\Drought_Impacts_Callout.shp FeatureClass</Process><Process ToolSource="c:\program files (x86)\arcgis\desktop10.4\ArcToolbox\Toolboxes\Data Management Tools.tbx\CopyFeatures" Date="20170524" Time="160435">CopyFeatures E:\P1\Production\USDM\raw\usdm20170523\Drought_Impacts_Callout.shp E:\P1\Production\USDM\processed\20170523.gdb\Drought_Impacts_Callout_P # 0 0 0</Process><Process ToolSource="c:\program files (x86)\arcgis\desktop10.4\ArcToolbox\Toolboxes\Data Management Tools.tbx\CopyFeatures" Date="20170524" Time="163240">CopyFeatures E:\P1\Production\USDM\processed\20170523.gdb\Drought_Impacts_Callout_P E:\P1\Production\USDM\output\data\shapefiles_r\Drought_Impacts_Callout_P.shp # 0 0 0</Process><Process ToolSource="c:\program files (x86)\arcgis\desktop10.4\ArcToolbox\Toolboxes\Data Management Tools.tbx\Rename" Date="20170524" Time="163242">Rename E:\P1\Production\USDM\output\data\shapefiles_r\Drought_Impacts_Callout_P.shp E:\P1\Production\USDM\output\data\shapefiles_r\Drought_Impacts_Callout.shp FeatureClass</Process><Process ToolSource="c:\program files (x86)\arcgis\desktop10.4\ArcToolbox\Toolboxes\Data Management Tools.tbx\CopyFeatures" Date="20170531" Time="150639">CopyFeatures E:\P1\Production\USDM\raw\usdm20170530\Drought_Impacts_Callout.shp E:\P1\Production\USDM\processed\20170530.gdb\Drought_Impacts_Callout_P # 0 0 0</Process><Process ToolSource="c:\program files (x86)\arcgis\desktop10.4\ArcToolbox\Toolboxes\Data Management Tools.tbx\CopyFeatures" Date="20170531" Time="154538">CopyFeatures E:\P1\Production\USDM\processed\20170530.gdb\Drought_Impacts_Callout_P E:\P1\Production\USDM\output\data\shapefiles_r\Drought_Impacts_Callout_P.shp # 0 0 0</Process><Process ToolSource="c:\program files (x86)\arcgis\desktop10.4\ArcToolbox\Toolboxes\Data Management Tools.tbx\Rename" Date="20170531" Time="154540">Rename E:\P1\Production\USDM\output\data\shapefiles_r\Drought_Impacts_Callout_P.shp E:\P1\Production\USDM\output\data\shapefiles_r\Drought_Impacts_Callout.shp FeatureClass</Process><Process ToolSource="c:\program files (x86)\arcgis\desktop10.4\ArcToolbox\Toolboxes\Data Management Tools.tbx\CopyFeatures" Date="20170607" Time="162500">CopyFeatures E:\P1\Production\USDM\raw\usdm20170606\Drought_Impacts_Callout.shp E:\P1\Production\USDM\processed\20170606.gdb\Drought_Impacts_Callout_P # 0 0 0</Process><Process ToolSource="c:\program files (x86)\arcgis\desktop10.4\ArcToolbox\Toolboxes\Data Management Tools.tbx\CopyFeatures" Date="20170607" Time="165307">CopyFeatures E:\P1\Production\USDM\processed\20170606.gdb\Drought_Impacts_Callout_P E:\P1\Production\USDM\output\data\shapefiles_r\Drought_Impacts_Callout_P.shp # 0 0 0</Process><Process ToolSource="c:\program files (x86)\arcgis\desktop10.4\ArcToolbox\Toolboxes\Data Management Tools.tbx\Rename" Date="20170607" Time="165308">Rename E:\P1\Production\USDM\output\data\shapefiles_r\Drought_Impacts_Callout_P.shp E:\P1\Production\USDM\output\data\shapefiles_r\Drought_Impacts_Callout.shp FeatureClass</Process><Process ToolSource="c:\program files (x86)\arcgis\desktop10.4\ArcToolbox\Toolboxes\Data Management Tools.tbx\CopyFeatures" Date="20170621" Time="172644">CopyFeatures E:\P1\Production\USDM\raw\usdm20170620\Drought_Impacts_Callout.shp E:\P1\Production\USDM\processed\20170620.gdb\Drought_Impacts_Callout_P # 0 0 0</Process><Process ToolSource="c:\program files (x86)\arcgis\desktop10.4\ArcToolbox\Toolboxes\Data Management Tools.tbx\CopyFeatures" Date="20170621" Time="184339">CopyFeatures E:\P1\Production\USDM\processed\20170620.gdb\Drought_Impacts_Callout_P E:\P1\Production\USDM\output\data\shapefiles_r\Drought_Impacts_Callout_P.shp # 0 0 0</Process><Process ToolSource="c:\program files (x86)\arcgis\desktop10.4\ArcToolbox\Toolboxes\Data Management Tools.tbx\Rename" Date="20170621" Time="184341">Rename E:\P1\Production\USDM\output\data\shapefiles_r\Drought_Impacts_Callout_P.shp E:\P1\Production\USDM\output\data\shapefiles_r\Drought_Impacts_Callout.shp FeatureClass</Process><Process ToolSource="c:\program files (x86)\arcgis\desktop10.4\ArcToolbox\Toolboxes\Data Management Tools.tbx\CopyFeatures" Date="20170628" Time="153750">CopyFeatures E:\P1\Production\USDM\raw\usdm20170627\Drought_Impacts_Callout.shp E:\P1\Production\USDM\processed\20170627.gdb\Drought_Impacts_Callout_P # 0 0 0</Process><Process ToolSource="c:\program files (x86)\arcgis\desktop10.4\ArcToolbox\Toolboxes\Data Management Tools.tbx\CopyFeatures" Date="20170629" Time="115920">CopyFeatures E:\P1\Production\USDM\processed\20170627.gdb\Drought_Impacts_Callout_P E:\P1\Production\USDM\output\data\shapefiles_r\Drought_Impacts_Callout_P.shp # 0 0 0</Process><Process ToolSource="c:\program files (x86)\arcgis\desktop10.4\ArcToolbox\Toolboxes\Data Management Tools.tbx\Rename" Date="20170629" Time="115921">Rename E:\P1\Production\USDM\output\data\shapefiles_r\Drought_Impacts_Callout_P.shp E:\P1\Production\USDM\output\data\shapefiles_r\Drought_Impacts_Callout.shp FeatureClass</Process><Process ToolSource="c:\program files (x86)\arcgis\desktop10.4\ArcToolbox\Toolboxes\Data Management Tools.tbx\CopyFeatures" Date="20170705" Time="164655">CopyFeatures E:\P1\Production\USDM\raw\usdm20170704\Drought_Impacts_Callout.shp E:\P1\Production\USDM\processed\20170704.gdb\Drought_Impacts_Callout_P # 0 0 0</Process><Process ToolSource="c:\program files (x86)\arcgis\desktop10.4\ArcToolbox\Toolboxes\Data Management Tools.tbx\CopyFeatures" Date="20170706" Time="082711">CopyFeatures E:\P1\Production\USDM\processed\20170704.gdb\Drought_Impacts_Callout_P E:\P1\Production\USDM\output\data\shapefiles_r\Drought_Impacts_Callout_P.shp # 0 0 0</Process><Process ToolSource="c:\program files (x86)\arcgis\desktop10.4\ArcToolbox\Toolboxes\Data Management Tools.tbx\Rename" Date="20170706" Time="082712">Rename E:\P1\Production\USDM\output\data\shapefiles_r\Drought_Impacts_Callout_P.shp E:\P1\Production\USDM\output\data\shapefiles_r\Drought_Impacts_Callout.shp FeatureClass</Process><Process ToolSource="c:\program files (x86)\arcgis\desktop10.4\ArcToolbox\Toolboxes\Data Management Tools.tbx\CopyFeatures" Date="20170712" Time="171015">CopyFeatures E:\P1\Production\USDM\raw\usdm20170711\Drought_Impacts_Callout.shp E:\P1\Production\USDM\processed\20170711.gdb\Drought_Impacts_Callout_P # 0 0 0</Process><Process ToolSource="c:\program files (x86)\arcgis\desktop10.4\ArcToolbox\Toolboxes\Data Management Tools.tbx\CopyFeatures" Date="20170712" Time="182636">CopyFeatures E:\P1\Production\USDM\processed\20170711.gdb\Drought_Impacts_Callout_P E:\P1\Production\USDM\output\data\shapefiles_r\Drought_Impacts_Callout_P.shp # 0 0 0</Process><Process ToolSource="c:\program files (x86)\arcgis\desktop10.4\ArcToolbox\Toolboxes\Data Management Tools.tbx\Rename" Date="20170712" Time="182638">Rename E:\P1\Production\USDM\output\data\shapefiles_r\Drought_Impacts_Callout_P.shp E:\P1\Production\USDM\output\data\shapefiles_r\Drought_Impacts_Callout.shp FeatureClass</Process><Process ToolSource="c:\program files (x86)\arcgis\desktop10.4\ArcToolbox\Toolboxes\Data Management Tools.tbx\CopyFeatures" Date="20170719" Time="160857">CopyFeatures E:\P1\Production\USDM\raw\usdm20170718\Drought_Impacts_Callout.shp E:\P1\Production\USDM\processed\20170718.gdb\Drought_Impacts_Callout_P # 0 0 0</Process><Process ToolSource="c:\program files (x86)\arcgis\desktop10.4\ArcToolbox\Toolboxes\Data Management Tools.tbx\CopyFeatures" Date="20170719" Time="163747">CopyFeatures E:\P1\Production\USDM\processed\20170718.gdb\Drought_Impacts_Callout_P E:\P1\Production\USDM\output\data\shapefiles_r\Drought_Impacts_Callout_P.shp # 0 0 0</Process><Process ToolSource="c:\program files (x86)\arcgis\desktop10.4\ArcToolbox\Toolboxes\Data Management Tools.tbx\Rename" Date="20170719" Time="163748">Rename E:\P1\Production\USDM\output\data\shapefiles_r\Drought_Impacts_Callout_P.shp E:\P1\Production\USDM\output\data\shapefiles_r\Drought_Impacts_Callout.shp FeatureClass</Process><Process ToolSource="c:\program files (x86)\arcgis\desktop10.4\ArcToolbox\Toolboxes\Data Management Tools.tbx\CopyFeatures" Date="20170726" Time="181836">CopyFeatures E:\P1\Production\USDM\raw\usdm20170725\Drought_Impacts_Callout.shp E:\P1\Production\USDM\processed\20170725.gdb\Drought_Impacts_Callout_P # 0 0 0</Process><Process ToolSource="c:\program files (x86)\arcgis\desktop10.4\ArcToolbox\Toolboxes\Data Management Tools.tbx\CopyFeatures" Date="20170726" Time="185449">CopyFeatures E:\P1\Production\USDM\processed\20170725.gdb\Drought_Impacts_Callout_P E:\P1\Production\USDM\output\data\shapefiles_r\Drought_Impacts_Callout_P.shp # 0 0 0</Process><Process ToolSource="c:\program files (x86)\arcgis\desktop10.4\ArcToolbox\Toolboxes\Data Management Tools.tbx\Rename" Date="20170726" Time="185450">Rename E:\P1\Production\USDM\output\data\shapefiles_r\Drought_Impacts_Callout_P.shp E:\P1\Production\USDM\output\data\shapefiles_r\Drought_Impacts_Callout.shp FeatureClass</Process><Process ToolSource="c:\program files (x86)\arcgis\desktop10.4\ArcToolbox\Toolboxes\Data Management Tools.tbx\CopyFeatures" Date="20170809" Time="165230">CopyFeatures E:\P1\Production\USDM\raw\usdm20170808\Drought_Impacts_Callout.shp E:\P1\Production\USDM\processed\20170808.gdb\Drought_Impacts_Callout_P # 0 0 0</Process><Process ToolSource="c:\program files (x86)\arcgis\desktop10.4\ArcToolbox\Toolboxes\Data Management Tools.tbx\CopyFeatures" Date="20170809" Time="172126">CopyFeatures E:\P1\Production\USDM\processed\20170808.gdb\Drought_Impacts_Callout_P E:\P1\Production\USDM\output\data\shapefiles_r\Drought_Impacts_Callout_P.shp # 0 0 0</Process><Process ToolSource="c:\program files (x86)\arcgis\desktop10.4\ArcToolbox\Toolboxes\Data Management Tools.tbx\Rename" Date="20170809" Time="172127">Rename E:\P1\Production\USDM\output\data\shapefiles_r\Drought_Impacts_Callout_P.shp E:\P1\Production\USDM\output\data\shapefiles_r\Drought_Impacts_Callout.shp FeatureClass</Process><Process ToolSource="c:\program files (x86)\arcgis\desktop10.4\ArcToolbox\Toolboxes\Data Management Tools.tbx\CopyFeatures" Date="20170816" Time="163200">CopyFeatures E:\P1\Production\USDM\raw\usdm20170815\Drought_Impacts_Callout.shp E:\P1\Production\USDM\processed\20170815.gdb\Drought_Impacts_Callout_P # 0 0 0</Process><Process ToolSource="c:\program files (x86)\arcgis\desktop10.4\ArcToolbox\Toolboxes\Data Management Tools.tbx\CopyFeatures" Date="20170816" Time="170057">CopyFeatures E:\P1\Production\USDM\processed\20170815.gdb\Drought_Impacts_Callout_P E:\P1\Production\USDM\output\data\shapefiles_r\Drought_Impacts_Callout_P.shp # 0 0 0</Process><Process ToolSource="c:\program files (x86)\arcgis\desktop10.4\ArcToolbox\Toolboxes\Data Management Tools.tbx\Rename" Date="20170816" Time="170058">Rename E:\P1\Production\USDM\output\data\shapefiles_r\Drought_Impacts_Callout_P.shp E:\P1\Production\USDM\output\data\shapefiles_r\Drought_Impacts_Callout.shp FeatureClass</Process><Process ToolSource="c:\program files (x86)\arcgis\desktop10.4\ArcToolbox\Toolboxes\Data Management Tools.tbx\CopyFeatures" Date="20170823" Time="220932">CopyFeatures E:\P1\Production\USDM\raw\usdm20170822\Drought_Impacts_Callout.shp E:\P1\Production\USDM\processed\20170822.gdb\Drought_Impacts_Callout_P # 0 0 0</Process><Process ToolSource="c:\program files (x86)\arcgis\desktop10.4\ArcToolbox\Toolboxes\Data Management Tools.tbx\CopyFeatures" Date="20170823" Time="222410">CopyFeatures E:\P1\Production\USDM\processed\20170822.gdb\Drought_Impacts_Callout_P E:\P1\Production\USDM\output\data\shapefiles_r\Drought_Impacts_Callout_P.shp # 0 0 0</Process><Process ToolSource="c:\program files (x86)\arcgis\desktop10.4\ArcToolbox\Toolboxes\Data Management Tools.tbx\Rename" Date="20170823" Time="222411">Rename E:\P1\Production\USDM\output\data\shapefiles_r\Drought_Impacts_Callout_P.shp E:\P1\Production\USDM\output\data\shapefiles_r\Drought_Impacts_Callout.shp FeatureClass</Process><Process ToolSource="c:\program files (x86)\arcgis\desktop10.4\ArcToolbox\Toolboxes\Data Management Tools.tbx\CopyFeatures" Date="20170830" Time="153202">CopyFeatures E:\P1\Production\USDM\raw\usdm20170829\Drought_Impacts_Callout.shp E:\P1\Production\USDM\processed\20170829.gdb\Drought_Impacts_Callout_P # 0 0 0</Process><Process ToolSource="c:\program files (x86)\arcgis\desktop10.4\ArcToolbox\Toolboxes\Data Management Tools.tbx\CopyFeatures" Date="20170830" Time="160744">CopyFeatures E:\P1\Production\USDM\processed\20170829.gdb\Drought_Impacts_Callout_P E:\P1\Production\USDM\output\data\shapefiles_r\Drought_Impacts_Callout_P.shp # 0 0 0</Process><Process ToolSource="c:\program files (x86)\arcgis\desktop10.4\ArcToolbox\Toolboxes\Data Management Tools.tbx\Rename" Date="20170830" Time="160745">Rename E:\P1\Production\USDM\output\data\shapefiles_r\Drought_Impacts_Callout_P.shp E:\P1\Production\USDM\output\data\shapefiles_r\Drought_Impacts_Callout.shp FeatureClass</Process><Process ToolSource="c:\program files (x86)\arcgis\desktop10.4\ArcToolbox\Toolboxes\Data Management Tools.tbx\CopyFeatures" Date="20170906" Time="170354">CopyFeatures E:\P1\Production\USDM\raw\usdm20170905\Drought_Impacts_Callout.shp E:\P1\Production\USDM\processed\20170905.gdb\Drought_Impacts_Callout_P # 0 0 0</Process><Process ToolSource="c:\program files (x86)\arcgis\desktop10.4\ArcToolbox\Toolboxes\Data Management Tools.tbx\CopyFeatures" Date="20170906" Time="173210">CopyFeatures E:\P1\Production\USDM\processed\20170905.gdb\Drought_Impacts_Callout_P E:\P1\Production\USDM\output\data\shapefiles_r\Drought_Impacts_Callout_P.shp # 0 0 0</Process><Process ToolSource="c:\program files (x86)\arcgis\desktop10.4\ArcToolbox\Toolboxes\Data Management Tools.tbx\Rename" Date="20170906" Time="173212">Rename E:\P1\Production\USDM\output\data\shapefiles_r\Drought_Impacts_Callout_P.shp E:\P1\Production\USDM\output\data\shapefiles_r\Drought_Impacts_Callout.shp FeatureClass</Process><Process ToolSource="c:\program files (x86)\arcgis\desktop10.4\ArcToolbox\Toolboxes\Data Management Tools.tbx\CopyFeatures" Date="20170913" Time="205840">CopyFeatures E:\P1\Production\USDM\raw\usdm20170912\Drought_Impacts_Callout.shp E:\P1\Production\USDM\processed\20170912.gdb\Drought_Impacts_Callout_P # 0 0 0</Process><Process ToolSource="c:\program files (x86)\arcgis\desktop10.4\ArcToolbox\Toolboxes\Data Management Tools.tbx\CopyFeatures" Date="20170913" Time="214002">CopyFeatures E:\P1\Production\USDM\processed\20170912.gdb\Drought_Impacts_Callout_P E:\P1\Production\USDM\output\data\authorfiles\temp\Drought_Impacts_Callout_P.shp # 0 0 0</Process><Process ToolSource="c:\program files (x86)\arcgis\desktop10.4\ArcToolbox\Toolboxes\Data Management Tools.tbx\Rename" Date="20170913" Time="214004">Rename E:\P1\Production\USDM\output\data\authorfiles\temp\Drought_Impacts_Callout_P.shp E:\P1\Production\USDM\output\data\authorfiles\temp\Drought_Impacts_Callout.shp FeatureClass</Process><Process ToolSource="c:\program files (x86)\arcgis\desktop10.4\ArcToolbox\Toolboxes\Data Management Tools.tbx\CopyFeatures" Date="20170920" Time="155939">CopyFeatures E:\P1\Production\USDM\raw\usdm20170919\Drought_Impacts_Callout.shp E:\P1\Production\USDM\processed\20170919.gdb\Drought_Impacts_Callout_P # 0 0 0</Process><Process ToolSource="c:\program files (x86)\arcgis\desktop10.4\ArcToolbox\Toolboxes\Data Management Tools.tbx\CopyFeatures" Date="20170920" Time="170218">CopyFeatures E:\P1\Production\USDM\processed\20170919.gdb\Drought_Impacts_Callout_P E:\P1\Production\USDM\output\data\authorfiles\temp\Drought_Impacts_Callout_P.shp # 0 0 0</Process><Process ToolSource="c:\program files (x86)\arcgis\desktop10.4\ArcToolbox\Toolboxes\Data Management Tools.tbx\Rename" Date="20170920" Time="170219">Rename E:\P1\Production\USDM\output\data\authorfiles\temp\Drought_Impacts_Callout_P.shp E:\P1\Production\USDM\output\data\authorfiles\temp\Drought_Impacts_Callout.shp FeatureClass</Process><Process ToolSource="c:\program files (x86)\arcgis\desktop10.4\ArcToolbox\Toolboxes\Data Management Tools.tbx\CopyFeatures" Date="20170927" Time="182306">CopyFeatures E:\P1\Production\USDM\raw\usdm20170926\Drought_Impacts_Callout.shp E:\P1\Production\USDM\processed\20170926.gdb\Drought_Impacts_Callout_P # 0 0 0</Process><Process ToolSource="c:\program files (x86)\arcgis\desktop10.4\ArcToolbox\Toolboxes\Data Management Tools.tbx\CopyFeatures" Date="20170927" Time="184055">CopyFeatures E:\P1\Production\USDM\processed\20170926.gdb\Drought_Impacts_Callout_P E:\P1\Production\USDM\output\data\shapefiles_r\Drought_Impacts_Callout_P.shp # 0 0 0</Process><Process ToolSource="c:\program files (x86)\arcgis\desktop10.4\ArcToolbox\Toolboxes\Data Management Tools.tbx\Rename" Date="20170927" Time="184056">Rename E:\P1\Production\USDM\output\data\shapefiles_r\Drought_Impacts_Callout_P.shp E:\P1\Production\USDM\output\data\shapefiles_r\Drought_Impacts_Callout.shp FeatureClass</Process><Process ToolSource="c:\program files (x86)\arcgis\desktop10.4\ArcToolbox\Toolboxes\Data Management Tools.tbx\CopyFeatures" Date="20171011" Time="161848">CopyFeatures E:\P1\Production\USDM\raw\usdm20171010\Drought_Impacts_Callout.shp E:\P1\Production\USDM\processed\20171010.gdb\Drought_Impacts_Callout_P # 0 0 0</Process><Process ToolSource="c:\program files (x86)\arcgis\desktop10.4\ArcToolbox\Toolboxes\Data Management Tools.tbx\CopyFeatures" Date="20171011" Time="191759">CopyFeatures E:\P1\Production\USDM\processed\20171010.gdb\Drought_Impacts_Callout_P E:\P1\Production\USDM\output\data\shapefiles_r\Drought_Impacts_Callout_P.shp # 0 0 0</Process><Process ToolSource="c:\program files (x86)\arcgis\desktop10.4\ArcToolbox\Toolboxes\Data Management Tools.tbx\Rename" Date="20171011" Time="191801">Rename E:\P1\Production\USDM\output\data\shapefiles_r\Drought_Impacts_Callout_P.shp E:\P1\Production\USDM\output\data\shapefiles_r\Drought_Impacts_Callout.shp FeatureClass</Process><Process ToolSource="c:\program files (x86)\arcgis\desktop10.4\ArcToolbox\Toolboxes\Data Management Tools.tbx\CopyFeatures" Date="20171018" Time="154602">CopyFeatures E:\P1\Production\USDM\raw\usdm20171017\Drought_Impacts_Callout.shp E:\P1\Production\USDM\processed\20171017.gdb\Drought_Impacts_Callout_P # 0 0 0</Process><Process ToolSource="c:\program files (x86)\arcgis\desktop10.4\ArcToolbox\Toolboxes\Data Management Tools.tbx\CopyFeatures" Date="20171018" Time="172757">CopyFeatures E:\P1\Production\USDM\processed\20171017.gdb\Drought_Impacts_Callout_P E:\P1\Production\USDM\output\data\authorfiles\temp\Drought_Impacts_Callout_P.shp # 0 0 0</Process><Process ToolSource="c:\program files (x86)\arcgis\desktop10.4\ArcToolbox\Toolboxes\Data Management Tools.tbx\Rename" Date="20171018" Time="172759">Rename E:\P1\Production\USDM\output\data\authorfiles\temp\Drought_Impacts_Callout_P.shp E:\P1\Production\USDM\output\data\authorfiles\temp\Drought_Impacts_Callout.shp FeatureClass</Process><Process ToolSource="c:\program files (x86)\arcgis\desktop10.4\ArcToolbox\Toolboxes\Data Management Tools.tbx\CopyFeatures" Date="20171025" Time="132640">CopyFeatures E:\P1\Production\USDM\raw\usdm20171024\Drought_Impacts_Callout.shp E:\P1\Production\USDM\processed\20171024.gdb\Drought_Impacts_Callout_P # 0 0 0</Process><Process ToolSource="c:\program files (x86)\arcgis\desktop10.4\ArcToolbox\Toolboxes\Data Management Tools.tbx\CopyFeatures" Date="20171025" Time="141507">CopyFeatures E:\P1\Production\USDM\processed\20171024.gdb\Drought_Impacts_Callout_P E:\P1\Production\USDM\output\data\shapefiles_r\Drought_Impacts_Callout_P.shp # 0 0 0</Process><Process ToolSource="c:\program files (x86)\arcgis\desktop10.4\ArcToolbox\Toolboxes\Data Management Tools.tbx\Rename" Date="20171025" Time="141509">Rename E:\P1\Production\USDM\output\data\shapefiles_r\Drought_Impacts_Callout_P.shp E:\P1\Production\USDM\output\data\shapefiles_r\Drought_Impacts_Callout.shp FeatureClass</Process><Process ToolSource="c:\program files (x86)\arcgis\desktop10.4\ArcToolbox\Toolboxes\Data Management Tools.tbx\CopyFeatures" Date="20171101" Time="165644">CopyFeatures E:\P1\Production\USDM\raw\usdm20171031\Drought_Impacts_Callout.shp E:\P1\Production\USDM\processed\20171031.gdb\Drought_Impacts_Callout_P # 0 0 0</Process><Process ToolSource="c:\program files (x86)\arcgis\desktop10.4\ArcToolbox\Toolboxes\Data Management Tools.tbx\CopyFeatures" Date="20171101" Time="180535">CopyFeatures E:\P1\Production\USDM\processed\20171031.gdb\Drought_Impacts_Callout_P E:\P1\Production\USDM\output\data\shapefiles_r\Drought_Impacts_Callout_P.shp # 0 0 0</Process><Process ToolSource="c:\program files (x86)\arcgis\desktop10.4\ArcToolbox\Toolboxes\Data Management Tools.tbx\Rename" Date="20171101" Time="180536">Rename E:\P1\Production\USDM\output\data\shapefiles_r\Drought_Impacts_Callout_P.shp E:\P1\Production\USDM\output\data\shapefiles_r\Drought_Impacts_Callout.shp FeatureClass</Process></lineage><copyHistory><copy source="W:\NDMC\DM\DroughtImpacts\Drought_Impacts_Callout" dest="\\ndmc-011\p1$\Production\USDM\raw\usdm20170606\Drought_Impacts_Callout" date="20170607" time="16104300"></copy></copyHistory></DataProperties><ArcGISstyle>FGDC CSDGM Metadata</ArcGISstyle></Esri><idinfo><native Sync="TRUE">Microsoft Windows XP Version 5.1 (Build 2600) Service Pack 2; ESRI ArcCatalog 9.2.1.1332</native><descript><langdata Sync="TRUE">en</langdata><abstract>REQUIRED: A brief narrative summary of the data set.</abstract><purpose>REQUIRED: A summary of the intentions with which the data set was developed.</purpose></descript><citation><citeinfo><origin>REQUIRED: The name of an organization or individual that developed the data set.</origin><pubdate>REQUIRED: The date when the data set is published or otherwise made available for release.</pubdate><title Sync="TRUE">Drought_Impacts_Callout</title><ftname Sync="TRUE">Drought_Impacts_Callout</ftname><geoform Sync="TRUE">vector digital data</geoform><onlink Sync="TRUE">\\snr1\snr-mmelvin$\Drought\Drought_Monitor\Drought_Monitor_TypeDigitizer\usdm051804\Drought_Impacts_Callout</onlink></citeinfo></citation><timeperd><current>REQUIRED: The basis on which the time period of content information is determined.</current><timeinfo><sngdate><caldate>REQUIRED: The year (and optionally month, or month and day) for which the data set corresponds to the ground.</caldate></sngdate></timeinfo></timeperd><status><progress>REQUIRED: The state of the data set.</progress><update>REQUIRED: The frequency with which changes and additions are made to the data set after the initial data set is completed.</update></status><spdom><bounding><westbc Sync="TRUE">REQUIRED: Western-most coordinate of the limit of coverage expressed in longitude.</westbc><eastbc Sync="TRUE">REQUIRED: Eastern-most coordinate of the limit of coverage expressed in longitude.</eastbc><northbc Sync="TRUE">REQUIRED: Northern-most coordinate of the limit of coverage expressed in latitude.</northbc><southbc Sync="TRUE">REQUIRED: Southern-most coordinate of the limit of coverage expressed in latitude.</southbc></bounding></spdom><keywords><theme><themekt>REQUIRED: Reference to a formally registered thesaurus or a similar authoritative source of theme keywords.</themekt><themekey>REQUIRED: Common-use word or phrase used to describe the subject of the data set.</themekey></theme></keywords><accconst>REQUIRED: Restrictions and legal prerequisites for accessing the data set.</accconst><useconst>REQUIRED: Restrictions and legal prerequisites for using the data set after access is granted.</useconst><natvform Sync="TRUE">Shapefile</natvform></idinfo><dataIdInfo><envirDesc Sync="TRUE"> Version 6.2 (Build 9200) ; Esri ArcGIS 10.4.0.5524</envirDesc><dataLang><languageCode Sync="TRUE" value="eng"></languageCode><countryCode value="USA" Sync="TRUE"></countryCode></dataLang><idCitation><resTitle Sync="TRUE">Drought_Impacts_Callout_P</resTitle><presForm><PresFormCd Sync="TRUE" value="005"></PresFormCd></presForm></idCitation><spatRpType><SpatRepTypCd Sync="TRUE" value="001"></SpatRepTypCd></spatRpType></dataIdInfo><metainfo><langmeta Sync="TRUE">en</langmeta><metstdn Sync="TRUE">FGDC Content Standards for Digital Geospatial Metadata</metstdn><metstdv Sync="TRUE">FGDC-STD-001-1998</metstdv><mettc Sync="TRUE">local time</mettc><metc><cntinfo><cntorgp><cntper>REQUIRED: The person responsible for the metadata information.</cntper><cntorg>REQUIRED: The organization responsible for the metadata information.</cntorg></cntorgp><cntaddr><addrtype>REQUIRED: The mailing and/or physical address for the organization or individual.</addrtype><city>REQUIRED: The city of the address.</city><state>REQUIRED: The state or province of the address.</state><postal>REQUIRED: The ZIP or other postal code of the address.</postal></cntaddr><cntvoice>REQUIRED: The telephone number by which individuals can speak to the organization or individual.</cntvoice></cntinfo></metc><metd Sync="TRUE">20070314</metd></metainfo><mdLang><languageCode Sync="TRUE" value="eng"></languageCode><countryCode value="USA" Sync="TRUE"></countryCode></mdLang><mdStanName Sync="TRUE">ISO 19115 Geographic Information - Metadata</mdStanName><mdStanVer Sync="TRUE">DIS_ESRI1.0</mdStanVer><mdChar><CharSetCd Sync="TRUE" value="004"></CharSetCd></mdChar><mdHrLv><ScopeCd Sync="TRUE" value="005"></ScopeCd></mdHrLv><mdHrLvName Sync="TRUE">dataset</mdHrLvName><distinfo><resdesc Sync="TRUE">Downloadable Data</resdesc><stdorder><digform><digtinfo><transize Sync="TRUE">0.000</transize><dssize Sync="TRUE">0.000</dssize></digtinfo></digform></stdorder></distinfo><distInfo><distributor><distorTran><onLineSrc><orDesc Sync="TRUE">002</orDesc><linkage Sync="TRUE">file://\\snr1\snr-mmelvin$\Drought\Drought_Monitor\Drought_Monitor_TypeDigitizer\usdm051804\Drought_Impacts_Callout</linkage><protocol Sync="TRUE">Local Area Network</protocol></onLineSrc><transSize Sync="TRUE">0.000</transSize></distorTran><distorFormat><formatName Sync="TRUE">Shapefile</formatName></distorFormat></distributor><distFormat><formatName Sync="TRUE">Shapefile</formatName></distFormat><distTranOps><transSize Sync="TRUE">0.000</transSize></distTranOps></distInfo><spdoinfo><direct Sync="TRUE">Vector</direct><ptvctinf><esriterm Name="Drought_Impacts_Callout_P"><efeatyp Sync="TRUE">Simple</efeatyp><efeageom code="3" Sync="TRUE"></efeageom><esritopo Sync="TRUE">FALSE</esritopo><efeacnt Sync="TRUE">0</efeacnt><spindex Sync="TRUE">FALSE</spindex><linrefer Sync="TRUE">FALSE</linrefer></esriterm></ptvctinf></spdoinfo><spref><horizsys><cordsysn><geogcsn Sync="TRUE">GCS_North_American_1983</geogcsn><projcsn Sync="TRUE">USA_Contiguous_Albers_Equal_Area_Conic</projcsn></cordsysn><planar><planci><plance Sync="TRUE">coordinate pair</plance><plandu Sync="TRUE">meters</plandu><coordrep><absres Sync="TRUE">0.000000</absres><ordres Sync="TRUE">0.000000</ordres></coordrep></planci></planar><geodetic><horizdn Sync="TRUE">North American Datum of 1983</horizdn><ellips Sync="TRUE">Geodetic Reference System 80</ellips><semiaxis Sync="TRUE">6378137.000000</semiaxis><denflat Sync="TRUE">298.257222</denflat></geodetic></horizsys></spref><refSysInfo><RefSystem><refSysID><identCode Sync="TRUE" code="102003">USA_Contiguous_Albers_Equal_Area_Conic</identCode><idCodeSpace Sync="TRUE">Esri</idCodeSpace><idVersion Sync="TRUE">4.0.0</idVersion></refSysID></RefSystem></refSysInfo><spatRepInfo><VectSpatRep><geometObjs Name="Drought_Impacts_Callout_P"><geoObjTyp><GeoObjTypCd value="002" Sync="TRUE"></GeoObjTypCd></geoObjTyp><geoObjCnt Sync="TRUE">0</geoObjCnt></geometObjs><topLvl><TopoLevCd value="001" Sync="TRUE"></TopoLevCd></topLvl></VectSpatRep></spatRepInfo><eainfo><detailed Name="Drought_Impacts_Callout_P"><enttyp><enttypl Sync="TRUE">Drought_Impacts_Callout_P</enttypl><enttypt Sync="TRUE">Feature Class</enttypt><enttypc Sync="TRUE">0</enttypc></enttyp><attr><attrlabl Sync="TRUE">FID</attrlabl><attalias Sync="TRUE">FID</attalias><attrtype Sync="TRUE">OID</attrtype><attwidth Sync="TRUE">4</attwidth><atprecis Sync="TRUE">0</atprecis><attscale Sync="TRUE">0</attscale><attrdef Sync="TRUE">Internal feature number.</attrdef><attrdefs Sync="TRUE">Esri</attrdefs><attrdomv><udom Sync="TRUE">Sequential unique whole numbers that are automatically generated.</udom></attrdomv></attr><attr><attrlabl Sync="TRUE">Shape</attrlabl><attalias Sync="TRUE">Shape</attalias><attrtype Sync="TRUE">Geometry</attrtype><attwidth Sync="TRUE">0</attwidth><atprecis Sync="TRUE">0</atprecis><attscale Sync="TRUE">0</attscale><attrdef Sync="TRUE">Feature geometry.</attrdef><attrdefs Sync="TRUE">ESRI</attrdefs><attrdomv><udom Sync="TRUE">Coordinates defining the features.</udom></attrdomv></attr><attr><attrlabl Sync="TRUE">Id</attrlabl><attalias Sync="TRUE">Id</attalias><attrtype Sync="TRUE">Integer</attrtype><attwidth Sync="TRUE">10</attwidth><atprecis Sync="TRUE">10</atprecis><attscale Sync="TRUE">0</attscale></attr><attr><attrlabl Sync="TRUE">Shape_Leng</attrlabl><attalias Sync="TRUE">Shape_Leng</attalias><attrtype Sync="TRUE">Double</attrtype><attwidth Sync="TRUE">19</attwidth><atprecis Sync="TRUE">0</atprecis><attscale Sync="TRUE">0</attscale></attr><attr><attrlabl Sync="TRUE">Shape_Le_1</attrlabl><attalias Sync="TRUE">Shape_Le_1</attalias><attrtype Sync="TRUE">Double</attrtype><attwidth Sync="TRUE">19</attwidth><atprecis Sync="TRUE">0</atprecis><attscale Sync="TRUE">0</attscale></attr><attr><attrlabl Sync="TRUE">Shape_Le_2</attrlabl><attalias Sync="TRUE">Shape_Le_2</attalias><attrtype Sync="TRUE">Double</attrtype><attwidth Sync="TRUE">19</attwidth><atprecis Sync="TRUE">0</atprecis><attscale Sync="TRUE">0</attscale></attr><attr><attrlabl Sync="TRUE">Shape_Le_3</attrlabl><attalias Sync="TRUE">Shape_Le_3</attalias><attrtype Sync="TRUE">Double</attrtype><attwidth Sync="TRUE">19</attwidth><atprecis Sync="TRUE">0</atprecis><attscale Sync="TRUE">0</attscale></attr><attr><attrlabl Sync="TRUE">Shape_Le_4</attrlabl><attalias Sync="TRUE">Shape_Le_4</attalias><attrtype Sync="TRUE">Double</attrtype><attwidth Sync="TRUE">19</attwidth><atprecis Sync="TRUE">0</atprecis><attscale Sync="TRUE">0</attscale></attr><attr><attrlabl Sync="TRUE">Shape_Le_5</attrlabl><attalias Sync="TRUE">Shape_Le_5</attalias><attrtype Sync="TRUE">Double</attrtype><attwidth Sync="TRUE">19</attwidth><atprecis Sync="TRUE">0</atprecis><attscale Sync="TRUE">0</attscale></attr><attr><attrlabl Sync="TRUE">Shape_Le_6</attrlabl><attalias Sync="TRUE">Shape_Le_6</attalias><attrtype Sync="TRUE">Double</attrtype><attwidth Sync="TRUE">19</attwidth><atprecis Sync="TRUE">0</atprecis><attscale Sync="TRUE">0</attscale></attr><attr><attrlabl Sync="TRUE">Shape_Le_7</attrlabl><attalias Sync="TRUE">Shape_Le_7</attalias><attrtype Sync="TRUE">Double</attrtype><attwidth Sync="TRUE">19</attwidth><atprecis Sync="TRUE">0</atprecis><attscale Sync="TRUE">0</attscale></attr><attr><attrlabl Sync="TRUE">Shape_Le_8</attrlabl><attalias Sync="TRUE">Shape_Le_8</attalias><attrtype Sync="TRUE">Double</attrtype><attwidth Sync="TRUE">19</attwidth><atprecis Sync="TRUE">0</atprecis><attscale Sync="TRUE">0</attscale></attr><attr><attrlabl Sync="TRUE">Shape_Le_9</attrlabl><attalias Sync="TRUE">Shape_Le_9</attalias><attrtype Sync="TRUE">Double</attrtype><attwidth Sync="TRUE">19</attwidth><atprecis Sync="TRUE">0</atprecis><attscale Sync="TRUE">0</attscale></attr><attr><attrlabl Sync="TRUE">Shape_L_10</attrlabl><attalias Sync="TRUE">Shape_L_10</attalias><attrtype Sync="TRUE">Double</attrtype><attwidth Sync="TRUE">19</attwidth><atprecis Sync="TRUE">0</atprecis><attscale Sync="TRUE">0</attscale></attr><attr><attrlabl Sync="TRUE">Shape_L_11</attrlabl><attalias Sync="TRUE">Shape_L_11</attalias><attrtype Sync="TRUE">Double</attrtype><attwidth Sync="TRUE">19</attwidth><atprecis Sync="TRUE">0</atprecis><attscale Sync="TRUE">0</attscale></attr><attr><attrlabl Sync="TRUE">Shape_L_12</attrlabl><attalias Sync="TRUE">Shape_L_12</attalias><attrtype Sync="TRUE">Double</attrtype><attwidth Sync="TRUE">19</attwidth><atprecis Sync="TRUE">0</atprecis><attscale Sync="TRUE">0</attscale></attr><attr><attrlabl Sync="TRUE">Shape_L_13</attrlabl><attalias Sync="TRUE">Shape_L_13</attalias><attrtype Sync="TRUE">Double</attrtype><attwidth Sync="TRUE">19</attwidth><atprecis Sync="TRUE">0</atprecis><attscale Sync="TRUE">0</attscale></attr><attr><attrlabl Sync="TRUE">Shape_L_14</attrlabl><attalias Sync="TRUE">Shape_L_14</attalias><attrtype Sync="TRUE">Double</attrtype><attwidth Sync="TRUE">19</attwidth><atprecis Sync="TRUE">0</atprecis><attscale Sync="TRUE">0</attscale></attr><attr><attrlabl Sync="TRUE">Shape_L_15</attrlabl><attalias Sync="TRUE">Shape_L_15</attalias><attrtype Sync="TRUE">Double</attrtype><attwidth Sync="TRUE">19</attwidth><atprecis Sync="TRUE">0</atprecis><attscale Sync="TRUE">0</attscale></attr><attr><attrlabl Sync="TRUE">Shape_L_16</attrlabl><attalias Sync="TRUE">Shape_L_16</attalias><attrtype Sync="TRUE">Double</attrtype><attwidth Sync="TRUE">19</attwidth><atprecis Sync="TRUE">0</atprecis><attscale Sync="TRUE">0</attscale></attr><attr><attrlabl Sync="TRUE">Shape_L_17</attrlabl><attalias Sync="TRUE">Shape_L_17</attalias><attrtype Sync="TRUE">Double</attrtype><attwidth Sync="TRUE">19</attwidth><atprecis Sync="TRUE">0</atprecis><attscale Sync="TRUE">0</attscale></attr><attr><attrlabl Sync="TRUE">Shape_L_18</attrlabl><attalias Sync="TRUE">Shape_L_18</attalias><attrtype Sync="TRUE">Double</attrtype><attwidth Sync="TRUE">19</attwidth><atprecis Sync="TRUE">0</atprecis><attscale Sync="TRUE">0</attscale></attr><attr><attrlabl Sync="TRUE">Shape_L_19</attrlabl><attalias Sync="TRUE">Shape_L_19</attalias><attrtype Sync="TRUE">Double</attrtype><attwidth Sync="TRUE">19</attwidth><atprecis Sync="TRUE">0</atprecis><attscale Sync="TRUE">0</attscale></attr><attr><attrlabl Sync="TRUE">Shape_L_20</attrlabl><attalias Sync="TRUE">Shape_L_20</attalias><attrtype Sync="TRUE">Double</attrtype><attwidth Sync="TRUE">19</attwidth><atprecis Sync="TRUE">0</atprecis><attscale Sync="TRUE">0</attscale></attr><attr><attrlabl Sync="TRUE">Shape_L_21</attrlabl><attalias Sync="TRUE">Shape_L_21</attalias><attrtype Sync="TRUE">Double</attrtype><attwidth Sync="TRUE">19</attwidth><atprecis Sync="TRUE">0</atprecis><attscale Sync="TRUE">0</attscale></attr><attr><attrlabl Sync="TRUE">Shape_L_22</attrlabl><attalias Sync="TRUE">Shape_L_22</attalias><attrtype Sync="TRUE">Double</attrtype><attwidth Sync="TRUE">19</attwidth><atprecis Sync="TRUE">0</atprecis><attscale Sync="TRUE">0</attscale></attr><attr><attrlabl Sync="TRUE">Shape_L_23</attrlabl><attalias Sync="TRUE">Shape_L_23</attalias><attrtype Sync="TRUE">Double</attrtype><attwidth Sync="TRUE">19</attwidth><atprecis Sync="TRUE">0</atprecis><attscale Sync="TRUE">0</attscale></attr><attr><attrlabl Sync="TRUE">Shape_L_24</attrlabl><attalias Sync="TRUE">Shape_L_24</attalias><attrtype Sync="TRUE">Double</attrtype><attwidth Sync="TRUE">19</attwidth><atprecis Sync="TRUE">0</atprecis><attscale Sync="TRUE">0</attscale></attr><attr><attrlabl Sync="TRUE">Shape_L_25</attrlabl><attalias Sync="TRUE">Shape_L_25</attalias><attrtype Sync="TRUE">Double</attrtype><attwidth Sync="TRUE">19</attwidth><atprecis Sync="TRUE">0</atprecis><attscale Sync="TRUE">0</attscale></attr><attr><attrlabl Sync="TRUE">Shape_L_26</attrlabl><attalias Sync="TRUE">Shape_L_26</attalias><attrtype Sync="TRUE">Double</attrtype><attwidth Sync="TRUE">19</attwidth><atprecis Sync="TRUE">0</atprecis><attscale Sync="TRUE">0</attscale></attr></detailed></eainfo><mdDateSt Sync="TRUE">20171101</mdDateSt><dataqual><lineage><procstep><procdesc Sync="TRUE">Dataset copied.</procdesc><srcused Sync="TRUE">E:\gisdata\drought_monitor\Drought_Monitor_clean\usdm070306\Drought_Impacts_Callout</srcused><date Sync="TRUE">20070314</date><time Sync="TRUE">14193200</time></procstep><procstep><procdesc Sync="TRUE">Dataset copied.</procdesc><srcused Sync="TRUE">P:\Drought\Drought_Monitor\Drought_Monitor_TypeDigitizer\PRAC_usdm070306\Drought_Impacts_Callout</srcused><date Sync="TRUE">20070323</date><time Sync="TRUE">11161500</time></procstep></lineage></dataqual></metadata>
