<?xml version="1.0"?>
<!--<!DOCTYPE metadata SYSTEM "http://www.esri.com/metadata/esriprof80.dtd">-->
<metadata xml:lang="es"><Esri><CreaDate>20101210</CreaDate><CreaTime>15131300</CreaTime><SyncOnce>FALSE</SyncOnce><MetaID>{501BB834-D09B-46BF-A0A6-B2889B4F83C0}</MetaID><SyncDate>20101213</SyncDate><SyncTime>10325000</SyncTime><ModDate>20101213</ModDate><ModTime>10325000</ModTime><DataProperties><lineage><Process ToolSource="C:\Program Files (x86)\ArcGIS\ArcToolbox\Toolboxes\Data Management Tools.tbx\Merge" Date="20101213" Time="103230">Merge mex_1110_d1;cdm201011_d1_final;Drought_Areas_US_D1 "C:\Users\fromeroc\Desktop\Drought\2010 NOVIEMBRE\temp\merged1.shp" "ID 'ID' true true false 6 Long 0 6 ,First,#,mex_1110_d1,ID,-1,-1,Drought_Areas_US_D1,Id,-1,-1;DM 'DM' true true false 9 Long 0 9 ,First,#,cdm201011_d1_final,DM,-1,-1"</Process><Process ToolSource="C:\Program Files (x86)\ArcGIS\ArcToolbox\Toolboxes\Data Management Tools.tbx\Dissolve" Date="20101213" Time="103250">Dissolve merged1 "C:\Users\fromeroc\Desktop\Drought\2010 NOVIEMBRE\nadm-201011\DroughtAreas\nadm_d1.shp" # # MULTI_PART DISSOLVE_LINES</Process></lineage></DataProperties></Esri><idinfo><citation><citeinfo><onlink Sync="TRUE">\\CE0408W403\C\Users\fromeroc\Desktop\Drought\2010 NOVIEMBRE\nadm-201011\DroughtAreas\nadm_d1.shp</onlink><origin>REQUIRED: The name of an organization or individual that developed the data set.</origin><pubdate>REQUIRED: The date when the data set is published or otherwise made available for release.</pubdate><title Sync="TRUE">nadm_d1</title><ftname Sync="TRUE">nadm_d1</ftname><geoform Sync="TRUE">vector digital data</geoform></citeinfo></citation><native Sync="TRUE">Microsoft Windows Vista Version 6.1 (Build 7600) ; ESRI ArcCatalog 9.3.1.1850</native><descript><langdata Sync="TRUE">es</langdata><abstract>REQUIRED: A brief narrative summary of the data set.</abstract><purpose>REQUIRED: A summary of the intentions with which the data set was developed.</purpose></descript><timeperd><current>REQUIRED: The basis on which the time period of content information is determined.</current><timeinfo><sngdate><caldate>REQUIRED: The year (and optionally month, or month and day) for which the data set corresponds to the ground.</caldate></sngdate></timeinfo></timeperd><status><progress>REQUIRED: The state of the data set.</progress><update>REQUIRED: The frequency with which changes and additions are made to the data set after the initial data set is completed.</update></status><spdom><bounding><westbc Sync="TRUE">REQUIRED: Western-most coordinate of the limit of coverage expressed in longitude.</westbc><eastbc Sync="TRUE">REQUIRED: Eastern-most coordinate of the limit of coverage expressed in longitude.</eastbc><northbc Sync="TRUE">REQUIRED: Northern-most coordinate of the limit of coverage expressed in latitude.</northbc><southbc Sync="TRUE">REQUIRED: Southern-most coordinate of the limit of coverage expressed in latitude.</southbc></bounding></spdom><keywords><theme><themekt>REQUIRED: Reference to a formally registered thesaurus or a similar authoritative source of theme keywords.</themekt><themekey>REQUIRED: Common-use word or phrase used to describe the subject of the data set.</themekey></theme></keywords><accconst>REQUIRED: Restrictions and legal prerequisites for accessing the data set.</accconst><useconst>REQUIRED: Restrictions and legal prerequisites for using the data set after access is granted.</useconst><natvform Sync="TRUE">Shapefile</natvform></idinfo><distInfo><distributor><distorTran><onLineSrc><linkage Sync="TRUE">file://\\CE0408W403\C\Users\fromeroc\Desktop\Drought\2010 NOVIEMBRE\nadm-201011\DroughtAreas\nadm_d1.shp</linkage><protocol Sync="TRUE">Local Area Network</protocol><orDesc Sync="TRUE">002</orDesc></onLineSrc><transSize Sync="TRUE">0.000</transSize></distorTran><distorFormat><formatName Sync="TRUE">Shapefile</formatName></distorFormat></distributor></distInfo><dataqual><lineage><procstep><procdesc Sync="TRUE">Dataset copied.</procdesc><srcused Sync="TRUE">C:\NADM training\Mexico_Abril08\mex_0408_d1</srcused><date Sync="TRUE">20080613</date><time Sync="TRUE">13533300</time></procstep><procstep><procdesc Sync="TRUE">Dataset copied.</procdesc><srcused Sync="TRUE">C:\NADM\Mexico_Junio08\Mex_Junio08\mex_0608_d1</srcused><date Sync="TRUE">20080818</date><time Sync="TRUE">16103800</time></procstep><procstep><procdesc Sync="TRUE">Dataset copied.</procdesc><srcused Sync="TRUE">C:\NADM\Mexico_Julio08\Mexico_Julio08\mex_0708_d1</srcused><date Sync="TRUE">20080911</date><time Sync="TRUE">18044500</time></procstep><procstep><procdesc Sync="TRUE">Dataset moved.</procdesc><srcused Sync="TRUE">C:\NADM\Mexico_Agosto08\mex_0808_d1</srcused><date Sync="TRUE">20081015</date><time Sync="TRUE">07210000</time></procstep><procstep><procdesc Sync="TRUE">Dataset copied.</procdesc><srcused Sync="TRUE">C:\NADM\Mexico_September08\mex_0908_d1</srcused><date Sync="TRUE">20081210</date><time Sync="TRUE">19154200</time></procstep><procstep><procdesc Sync="TRUE">Dataset copied.</procdesc><srcused Sync="TRUE">C:\NADM\Noviembre_2008\mex_1108_d1</srcused><date Sync="TRUE">20090115</date><time Sync="TRUE">15511800</time></procstep><procstep><procdesc Sync="TRUE">Dataset copied.</procdesc><srcused Sync="TRUE">C:\NADM\Diciembre_2008\mex_1208_d1</srcused><date Sync="TRUE">20090211</date><time Sync="TRUE">10133500</time></procstep><procstep><procdesc Sync="TRUE">Dataset copied.</procdesc><srcused Sync="TRUE">C:\NADM\MARZO 2009\mex_0309_d1</srcused><date Sync="TRUE">20090513</date><time Sync="TRUE">15563400</time></procstep><procstep><procdesc Sync="TRUE">Dataset copied.</procdesc><srcused Sync="TRUE">C:\NADM\ABRIL 2009\mex_0409_d1</srcused><date Sync="TRUE">20090615</date><time Sync="TRUE">13134700</time></procstep><procstep><procdesc Sync="TRUE">Dataset copied.</procdesc><srcused Sync="TRUE">C:\NADM\MAYO_2009\mex_0509_d1</srcused><date Sync="TRUE">20090715</date><time Sync="TRUE">13142500</time></procstep><procstep><procdesc Sync="TRUE">Dataset moved.</procdesc><srcused Sync="TRUE">C:\NADM\JULIO_2009\mex_0709_d1</srcused><date Sync="TRUE">20090915</date><time Sync="TRUE">18252400</time></procstep><procstep><procdesc Sync="TRUE">Dataset moved.</procdesc><srcused Sync="TRUE">C:\NADM\AGOSTO_2009\mex_0709_d1</srcused><date Sync="TRUE">20090915</date><time Sync="TRUE">18253600</time></procstep><procstep><procdesc Sync="TRUE">Dataset copied.</procdesc><srcused Sync="TRUE">C:\NADM\JULIO_2009\mex_0709_d1</srcused><date Sync="TRUE">20090915</date><time Sync="TRUE">18254800</time></procstep><procstep><procdesc Sync="TRUE">Dataset copied.</procdesc><srcused Sync="TRUE">C:\NADM\AGOSTO_2009\mex_0809_d1</srcused><date Sync="TRUE">20091012</date><time Sync="TRUE">14133300</time></procstep><procstep><procdesc Sync="TRUE">Dataset copied.</procdesc><srcused Sync="TRUE">C:\Users\fromeroc\Desktop\Drought\2009 Septiembre\Septiembre 2009\mex_0909_d1</srcused><date Sync="TRUE">20091109</date><time Sync="TRUE">18200300</time></procstep><procstep><procdesc Sync="TRUE">Dataset copied.</procdesc><srcused Sync="TRUE">C:\Users\fromeroc\Desktop\Drought\2009 NOVIEMBRE\Noviembre2009\mex_1109_d1</srcused><date Sync="TRUE">20100114</date><time Sync="TRUE">20294800</time></procstep><procstep><procdesc Sync="TRUE">Dataset copied.</procdesc><srcused Sync="TRUE">C:\Users\fromeroc\Desktop\Drought\2010 FEBRERO\FEB2010\mex_0210_d1</srcused><date Sync="TRUE">20100414</date><time Sync="TRUE">17550800</time></procstep><procstep><procdesc Sync="TRUE">Dataset copied.</procdesc><srcused Sync="TRUE">C:\Users\fromeroc\Desktop\Drought\2010 MARZO\MAR2010\mex_0310_d1</srcused><date Sync="TRUE">20100511</date><time Sync="TRUE">09232500</time></procstep><procstep><procdesc Sync="TRUE">Dataset moved.</procdesc><srcused Sync="TRUE">C:\Users\fromeroc\Desktop\Drought\2010 ABRIL\mex_0310_d1</srcused><date Sync="TRUE">20100511</date><time Sync="TRUE">09252500</time></procstep><procstep><procdesc Sync="TRUE">Dataset copied.</procdesc><srcused Sync="TRUE">C:\Users\fromeroc\Desktop\Drought\2010 ABRIL\ABR2010\mex_0410_d1</srcused><date Sync="TRUE">20100609</date><time Sync="TRUE">16351100</time></procstep><procstep><procdesc Sync="TRUE">Dataset copied.</procdesc><srcused Sync="TRUE">C:\Users\fromeroc\Desktop\Drought\2010 MAYO\MAY2010\mex_0510_d1</srcused><date Sync="TRUE">20100611</date><time Sync="TRUE">18124800</time></procstep><procstep><procdesc Sync="TRUE">Dataset copied.</procdesc><srcused Sync="TRUE">C:\Users\fromeroc\Desktop\Drought\2010 JUNIO\2010JUN\mex_0610_d1</srcused><date Sync="TRUE">20100811</date><time Sync="TRUE">11205200</time></procstep><procstep><procdesc Sync="TRUE">Dataset copied.</procdesc><srcused Sync="TRUE">C:\Users\fromeroc\Desktop\Drought\2010 JULIO\JULIO2010\mex_0710_d1</srcused><date Sync="TRUE">20100914</date><time Sync="TRUE">14284300</time></procstep><procstep><procdesc Sync="TRUE">Dataset copied.</procdesc><srcused Sync="TRUE">C:\Users\fromeroc\Desktop\Drought\2010 AGOSTO\AGOSTO 2010\mex_0810_d1</srcused><date Sync="TRUE">20101011</date><time Sync="TRUE">18430000</time></procstep><procstep><procdesc Sync="TRUE">Dataset copied.</procdesc><srcused Sync="TRUE">C:\Users\fromeroc\Desktop\Drought\2010 OCTUBRE\OCTUBRE 2010\mex_1010_d1</srcused><procdate Sync="TRUE">20101210</procdate><proctime Sync="TRUE">15131300</proctime></procstep></lineage></dataqual><dataIdInfo><envirDesc Sync="TRUE">Microsoft Windows Vista Version 6.1 (Build 7600) ; ESRI ArcCatalog 9.3.1.1850</envirDesc><dataLang><languageCode Sync="TRUE" value="es"></languageCode></dataLang><idCitation><resTitle Sync="TRUE">nadm_d1</resTitle><presForm><PresFormCd Sync="TRUE" value="005"></PresFormCd></presForm></idCitation><spatRpType><SpatRepTypCd Sync="TRUE" value="001"></SpatRepTypCd></spatRpType></dataIdInfo><metainfo><langmeta Sync="TRUE">es</langmeta><metstdn Sync="TRUE">FGDC Content Standards for Digital Geospatial Metadata</metstdn><metstdv Sync="TRUE">FGDC-STD-001-1998</metstdv><mettc Sync="TRUE">local time</mettc><metc><cntinfo><cntorgp><cntper>REQUIRED: The person responsible for the metadata information.</cntper><cntorg>REQUIRED: The organization responsible for the metadata information.</cntorg></cntorgp><cntaddr><addrtype>REQUIRED: The mailing and/or physical address for the organization or individual.</addrtype><city>REQUIRED: The city of the address.</city><state>REQUIRED: The state or province of the address.</state><postal>REQUIRED: The ZIP or other postal code of the address.</postal></cntaddr><cntvoice>REQUIRED: The telephone number by which individuals can speak to the organization or individual.</cntvoice></cntinfo></metc><metd Sync="TRUE">20101213</metd><metextns><onlink Sync="TRUE">http://www.esri.com/metadata/esriprof80.html</onlink><metprof Sync="TRUE">ESRI Metadata Profile</metprof></metextns></metainfo><mdLang><languageCode Sync="TRUE" value="es"></languageCode></mdLang><mdStanName Sync="TRUE">ISO 19115 Geographic Information - Metadata</mdStanName><mdStanVer Sync="TRUE">DIS_ESRI1.0</mdStanVer><mdChar><CharSetCd Sync="TRUE" value="004"></CharSetCd></mdChar><mdHrLv><ScopeCd Sync="TRUE" value="005"></ScopeCd></mdHrLv><mdHrLvName Sync="TRUE">dataset</mdHrLvName><distinfo><resdesc Sync="TRUE">Downloadable Data</resdesc><stdorder><digform><digtinfo><transize Sync="TRUE">0.000</transize><dssize Sync="TRUE">0.000</dssize></digtinfo></digform></stdorder></distinfo><spdoinfo><direct Sync="TRUE">Vector</direct><ptvctinf><esriterm Name="nadm_d1"><efeatyp Sync="TRUE">Simple</efeatyp><efeageom Sync="TRUE">Polygon</efeageom><esritopo Sync="TRUE">FALSE</esritopo><efeacnt Sync="TRUE">0</efeacnt><spindex Sync="TRUE">FALSE</spindex><linrefer Sync="TRUE">FALSE</linrefer></esriterm><sdtsterm Name="nadm_d1"><sdtstype Sync="TRUE">G-polygon</sdtstype><ptvctcnt Sync="TRUE">0</ptvctcnt></sdtsterm></ptvctinf></spdoinfo><spref><horizsys><cordsysn><geogcsn Sync="TRUE">GCS_WGS_1984</geogcsn></cordsysn><geograph><geogunit Sync="TRUE">Decimal degrees</geogunit><latres Sync="TRUE">0.000000</latres><longres Sync="TRUE">0.000000</longres></geograph><geodetic><horizdn Sync="TRUE">D_WGS_1984</horizdn><ellips Sync="TRUE">WGS_1984</ellips><semiaxis Sync="TRUE">6378137.000000</semiaxis><denflat Sync="TRUE">298.257224</denflat></geodetic></horizsys></spref><refSysInfo><RefSystem><refSysID><identCode Sync="TRUE">GCS_WGS_1984</identCode></refSysID></RefSystem></refSysInfo><spatRepInfo><VectSpatRep><topLvl><TopoLevCd Sync="TRUE" value="001"></TopoLevCd></topLvl><geometObjs Name="nadm_d1"><geoObjTyp><GeoObjTypCd Sync="TRUE" value="001"></GeoObjTypCd></geoObjTyp><geoObjCnt Sync="TRUE">0</geoObjCnt></geometObjs></VectSpatRep></spatRepInfo><eainfo><detailed Name="nadm_d1"><enttyp><enttypl Sync="TRUE">nadm_d1</enttypl><enttypt Sync="TRUE">Feature Class</enttypt><enttypc Sync="TRUE">0</enttypc></enttyp><attr><attrlabl Sync="TRUE">FID</attrlabl><attalias Sync="TRUE">FID</attalias><attrtype Sync="TRUE">OID</attrtype><attwidth Sync="TRUE">4</attwidth><atprecis Sync="TRUE">0</atprecis><attscale Sync="TRUE">0</attscale><attrdef Sync="TRUE">Internal feature number.</attrdef><attrdefs Sync="TRUE">ESRI</attrdefs><attrdomv><udom Sync="TRUE">Sequential unique whole numbers that are automatically generated.</udom></attrdomv></attr><attr><attrlabl Sync="TRUE">Shape</attrlabl><attalias Sync="TRUE">Shape</attalias><attrtype Sync="TRUE">Geometry</attrtype><attwidth Sync="TRUE">0</attwidth><atprecis Sync="TRUE">0</atprecis><attscale Sync="TRUE">0</attscale><attrdef Sync="TRUE">Feature geometry.</attrdef><attrdefs Sync="TRUE">ESRI</attrdefs><attrdomv><udom Sync="TRUE">Coordinates defining the features.</udom></attrdomv></attr><attr><attrlabl Sync="TRUE">ID</attrlabl><attalias Sync="TRUE">Id</attalias><attrtype Sync="TRUE">Integer</attrtype><attwidth Sync="TRUE">6</attwidth><atprecis Sync="TRUE">6</atprecis><attscale Sync="TRUE">0</attscale></attr></detailed></eainfo><mdDateSt Sync="TRUE">20101213</mdDateSt></metadata>
