<?xml version="1.0" encoding="UTF-8"?>
<metadata xml:lang="en"><Esri><CreaDate>20171208</CreaDate><CreaTime>16112100</CreaTime><ArcGISFormat>1.0</ArcGISFormat><SyncOnce>TRUE</SyncOnce><DataProperties><itemProps><itemLocation><linkage Sync="TRUE">file://\\SKREGIA664529D\C$\Users\magendrathajanm\Documents\CDM\Monthly Assessment\2017\11\NADM Authorship\nadm-201711\nadm_impact_callouts</linkage><protocol Sync="TRUE">Local Area Network</protocol></itemLocation></itemProps><copyHistory><copy source="C:\Users\magendrathajanm\Documents\CDM\Monthly Assessment\2017\11\NADM Authorship\nadm-201711_processed\nadm-201711\nadm\nadm_impact_callouts" dest="\\SKREGIA664529D\C$\Users\magendrathajanm\Documents\CDM\Monthly Assessment\2017\11\NADM Authorship\nadm-201711\nadm_impact_callouts" date="20171208" time="16112100"></copy></copyHistory></DataProperties></Esri></metadata>
