<?xml version="1.0" encoding="UTF-8"?>
<metadata xml:lang="en"><Esri><CreaDate>20201210</CreaDate><CreaTime>11045000</CreaTime><ArcGISFormat>1.0</ArcGISFormat><ArcGISstyle>FGDC CSDGM Metadata</ArcGISstyle><SyncOnce>TRUE</SyncOnce><DataProperties><itemProps><itemLocation><linkage Sync="TRUE">file://\\SKREGIA688261P\C$\Users\kleinac\Documents\NAIS\NADM\Assessment\November 2020\data\nadm-202011\nadm_d2</linkage><protocol Sync="TRUE">Local Area Network</protocol></itemLocation></itemProps><copyHistory><copy source="C:\Users\kleinac\Documents\NAIS\NADM\Assessment\November 2020\data\nadm_final\nadm_d2" dest="\\SKREGIA688261P\C$\Users\kleinac\Documents\NAIS\NADM\Assessment\November 2020\data\nadm-202011\nadm_d2" date="20201210" time="11045000"></copy></copyHistory></DataProperties></Esri></metadata>
