<?xml version="1.0" encoding="UTF-8"?>
<metadata xml:lang="es"><Esri><CreaDate>20130711</CreaDate><CreaTime>10045000</CreaTime><ArcGISFormat>1.0</ArcGISFormat><SyncOnce>TRUE</SyncOnce><DataProperties><itemProps><itemLocation><linkage Sync="TRUE">file://\\CE0408W432\C$\Sequia Mexico-NADM\201306NADM\Para mapa 3 paises\nadm-201306\nadm_d3</linkage><protocol Sync="TRUE">Local Area Network</protocol></itemLocation></itemProps><copyHistory><copy source="C:\Sequia Mexico-NADM\201306NADM\Para mapa 3 paises\nadm-201306_processed\nadm-201306\nadm_d3" dest="\\CE0408W432\C$\Sequia Mexico-NADM\201306NADM\Para mapa 3 paises\nadm-201306\nadm_d3" date="20130711" time="10045000"></copy></copyHistory></DataProperties></Esri></metadata>
