rank,Youtuber,subscribers,video views,category,Title,uploads,Country,Abbreviation,channel_type,video_views_rank,country_rank,channel_type_rank,video_views_for_the_last_30_days,lowest_monthly_earnings,highest_monthly_earnings,lowest_yearly_earnings,highest_yearly_earnings,subscribers_for_last_30_days,created_year,created_month,created_date,Gross tertiary education enrollment (%),Population,Unemployment rate,Urban_population,Latitude,Longitude
3,MrBeast,166000000,28368841870.0,Entertainment,MrBeast,741,United States,US,Entertainment,48.0,1.0,1.0,1348000000.0,337000.0,5400000.0,4000000.0,64700000.0,8000000.0,2012.0,Feb,20.0,88.2,328239523.0,14.7,270663028.0,37.09024,-95.712891
5,SET India,159000000,148000000000.0,Shows,SET India,116536,India,IN,Entertainment,3.0,2.0,2.0,1824000000.0,455900.0,7300000.0,5500000.0,87500000.0,1000000.0,2006.0,Sep,20.0,28.1,1366417754.0,5.36,471031528.0,20.593684,78.96288
7,ýýý Kids Diana Show,112000000,93247040539.0,People & Blogs,ýýý Kids Diana Show,1111,United States,US,Entertainment,5.0,3.0,3.0,731674000.0,182900.0,2900000.0,2200000.0,35100000.0,,2015.0,May,12.0,88.2,328239523.0,14.7,270663028.0,37.09024,-95.712891
8,PewDiePie,111000000,29058044447.0,Gaming,PewDiePie,4716,Japan,JP,Entertainment,44.0,1.0,4.0,39184000.0,9800.0,156700.0,117600.0,1900000.0,,2010.0,Apr,29.0,63.2,126226568.0,2.29,115782416.0,36.204824,138.252924
10,Vlad and Niki,98900000,77180169894.0,Entertainment,Vlad and Niki,574,United States,US,Entertainment,8.0,5.0,6.0,580574000.0,145100.0,2300000.0,1700000.0,27900000.0,600000.0,2018.0,Apr,23.0,88.2,328239523.0,14.7,270663028.0,37.09024,-95.712891
16,Sony SAB,83000000,101000000000.0,Shows,Sony SAB,71270,India,IN,Entertainment,4.0,5.0,7.0,1657000000.0,414300.0,6600000.0,5000000.0,79600000.0,1100000.0,2007.0,Aug,4.0,28.1,1366417754.0,5.36,471031528.0,20.593684,78.96288
17,5-Minute Crafts,80100000,26236790209.0,Howto & Style,5-Minute Crafts 2.0,1,United Kingdom,GB,Entertainment,4057901.0,4797.0,6781.0,1.0,0.0,0.0,0.0,0.05,,2020.0,Jul,27.0,60.0,66834405.0,3.85,55908316.0,55.378051,-3.435973
19,Sports,75000000,0.0,,sports,3,United States,US,Entertainment,3898122.0,6266.0,5395.0,16.0,0.0,0.06,0.05,0.77,,2006.0,Jan,30.0,88.2,328239523.0,14.7,270663028.0,37.09024,-95.712891
22,Zee TV,70500000,73139054467.0,Entertainment,Zee TV,129204,India,IN,Entertainment,9.0,6.0,8.0,1707000000.0,426800.0,6800000.0,5100000.0,81900000.0,900000.0,2005.0,Dec,11.0,28.1,1366417754.0,5.36,471031528.0,20.593684,78.96288
27,Colors TV,64600000,61510906457.0,Shows,Colors TV,112915,India,IN,Entertainment,10.0,9.0,9.0,1188000000.0,296900.0,4800000.0,3600000.0,57000000.0,1100000.0,2008.0,Jun,13.0,28.1,1366417754.0,5.36,471031528.0,20.593684,78.96288
48,Shemaroo,47400000,22519705183.0,Entertainment,Shemaroo,11451,India,IN,Entertainment,97.0,17.0,10.0,232744000.0,58200.0,931000.0,698200.0,11200000.0,500000.0,2007.0,Sep,1.0,28.1,1366417754.0,5.36,471031528.0,20.593684,78.96288
54,Voot Kids,45500000,21388725229.0,Entertainment,Voot Kids,4660,India,IN,Entertainment,105.0,18.0,13.0,233988000.0,58500.0,936000.0,702000.0,11200000.0,400000.0,2016.0,Nov,23.0,28.1,1366417754.0,5.36,471031528.0,20.593684,78.96288
55,Felipe Neto,45200000,16602198273.0,Entertainment,Felipe Neto,4331,Brazil,BR,Entertainment,174.0,2.0,14.0,130359000.0,32600.0,521400.0,391100.0,6300000.0,200000.0,2006.0,May,16.0,51.3,212559417.0,12.08,183241641.0,-14.235004,-51.92528
56,Vocï¿½ï¿½ï¿½,44700000,7828610828.0,Entertainment,Vocï¿½ï¿½ï¿½,1558,Brazil,BR,Entertainment,681.0,3.0,15.0,48032000.0,12000.0,192100.0,144100.0,2300000.0,100000.0,2013.0,Sep,1.0,51.3,212559417.0,12.08,183241641.0,-14.235004,-51.92528
57,HAR PAL GEO,44600000,41139050371.0,Entertainment,HAR PAL GEO,100755,Pakistan,PK,Entertainment,20.0,1.0,15.0,1337000000.0,334300.0,5300000.0,4000000.0,64200000.0,1300000.0,2008.0,Jan,2.0,9.0,216565318.0,4.45,79927762.0,30.375321,69.345116
61,ABS-CBN Entertainment,44200000,50292540392.0,People & Blogs,ABS-CBN Entertainment,193890,Philippines,PH,Entertainment,16.0,1.0,16.0,176629000.0,44200.0,706500.0,529900.0,8500000.0,300000.0,2008.0,Jul,16.0,35.5,108116615.0,2.15,50975903.0,12.879721,121.774017
66,ARY Digital HD,43200000,37939780685.0,Entertainment,ARY Digital HD,109871,Pakistan,PK,Entertainment,24.0,2.0,18.0,1149000000.0,287300.0,4600000.0,3400000.0,55200000.0,900000.0,2016.0,Jul,11.0,9.0,216565318.0,4.45,79927762.0,30.375321,69.345116
69,Like Nastya Show,42400000,19547696190.0,Entertainment,Like Nastya Show,618,United States,US,Entertainment,128.0,21.0,19.0,53202000.0,13300.0,212800.0,159600.0,2600000.0,,2017.0,Nov,14.0,88.2,328239523.0,14.7,270663028.0,37.09024,-95.712891
75,elrubiusOMG,40400000,7410536668.0,Gaming,elrubiusOMG,703,,,Entertainment,756.0,,21.0,5773000.0,1400.0,23100.0,17300.0,277100.0,,2011.0,Dec,20.0,,,,,,
83,WorkpointOfficial,39000000,36131228583.0,Entertainment,WorkpointOfficial,72580,Thailand,TH,Entertainment,27.0,1.0,24.0,130461000.0,32600.0,521800.0,391400.0,6300000.0,200000.0,2012.0,Nov,5.0,49.3,69625582.0,0.75,35294600.0,15.870032,100.992541
89,TheEllenShow,38200000,22756581750.0,Entertainment,TheEllenShow,15672,United States,US,Entertainment,93.0,26.0,26.0,21804000.0,5500.0,87200.0,65400.0,1000000.0,,2006.0,Nov,21.0,88.2,328239523.0,14.7,270663028.0,37.09024,-95.712891
90,Sony PAL,38200000,28519339489.0,Shows,Sony PAL,24089,India,IN,Entertainment,49.0,23.0,25.0,415914000.0,104000.0,1700000.0,1200000.0,20000000.0,500000.0,2014.0,May,9.0,28.1,1366417754.0,5.36,471031528.0,20.593684,78.96288
92,Vlad vï¿½ï¿½ï,37900000,23510152352.0,,Vlad vï¿½ï¿½ï,515,United States,US,Entertainment,84.0,28.0,27.0,244093000.0,61000.0,976400.0,732300.0,11700000.0,200000.0,2018.0,Jul,20.0,88.2,328239523.0,14.7,270663028.0,37.09024,-95.712891
93,Like Nastya ESP,37600000,18208196857.0,Entertainment,Like Nastya ESP,743,United States,US,Entertainment,145.0,29.0,28.0,321026000.0,80300.0,1300000.0,963100.0,15400000.0,700000.0,2017.0,Apr,22.0,88.2,328239523.0,14.7,270663028.0,37.09024,-95.712891
94,ýýýýýýýýýýýý one31,37500000,27262462114.0,Entertainment,ýýýýýýýýýýýý one31,117152,Thailand,TH,Entertainment,56.0,2.0,29.0,140754000.0,35200.0,563000.0,422300.0,6800000.0,300000.0,2013.0,Jan,10.0,49.3,69625582.0,0.75,35294600.0,15.870032,100.992541
97,Maria Clara & JP,37000000,24188861917.0,People & Blogs,Maria Clara & JP,744,Brazil,BR,Entertainment,75.0,7.0,30.0,251449000.0,62900.0,1000000.0,754300.0,12100000.0,300000.0,2015.0,Sep,6.0,51.3,212559417.0,12.08,183241641.0,-14.235004,-51.92528
100,Ultra Bollywood,36600000,15653786446.0,Trailers,Ultra Bollywood,9168,India,IN,Entertainment,205.0,26.0,31.0,131462000.0,0.0,0.0,0.0,0.0,200000.0,2009.0,Oct,21.0,28.1,1366417754.0,5.36,471031528.0,20.593684,78.96288
102,YouTube,36300000,3010784935.0,News & Politics,YouTube,744,United States,US,Entertainment,2860.0,32.0,5.0,21103000.0,5300.0,84400.0,63300.0,1000000.0,300000.0,1970.0,Jan,1.0,88.2,328239523.0,14.7,270663028.0,37.09024,-95.712891
112,Ryan's World,35200000,55299840198.0,Entertainment,Ryan's World,2453,United States,US,Entertainment,15.0,35.0,32.0,238613000.0,59700.0,954500.0,715800.0,11500000.0,200000.0,2015.0,Mar,17.0,88.2,328239523.0,14.7,270663028.0,37.09024,-95.712891
118,Jess No Limit,34000000,3963007415.0,Entertainment,Jess No Limit,2284,Indonesia,ID,Entertainment,1882.0,1.0,33.0,547141000.0,136800.0,2200000.0,1600000.0,26300000.0,5500000.0,2017.0,Sep,7.0,36.3,270203917.0,4.69,151509724.0,-0.789275,113.921327
122,SSSniperWolf,33700000,23492684419.0,Gaming,SSSniperWolf,3366,United States,US,Entertainment,83.0,37.0,35.0,210955000.0,52700.0,843800.0,632900.0,10100000.0,200000.0,2013.0,Jan,20.0,88.2,328239523.0,14.7,270663028.0,37.09024,-95.712891
125,Rajshri,33500000,14864294792.0,Music,Rajshri,3741,India,IN,Entertainment,222.0,34.0,36.0,272255000.0,68100.0,1100000.0,816800.0,13100000.0,500000.0,2006.0,Mar,24.0,28.1,1366417754.0,5.36,471031528.0,20.593684,78.96288
126,Ch3Thailand,33500000,29611914495.0,Entertainment,Ch3Thailand,96214,Thailand,TH,Entertainment,41.0,3.0,37.0,61307000.0,0.0,0.0,0.0,0.0,100000.0,2014.0,May,29.0,49.3,69625582.0,0.75,35294600.0,15.870032,100.992541
130,Ricis Official,33300000,5994136760.0,People & Blogs,Ricis Official,2736,Indonesia,ID,Entertainment,1043.0,2.0,34.0,157101000.0,39300.0,628400.0,471300.0,7500000.0,1900000.0,2016.0,Jan,15.0,36.3,270203917.0,4.69,151509724.0,-0.789275,113.921327
132,Eros Now Music,32700000,17853798780.0,Entertainment,Mzaalo,1521,India,IN,Entertainment,8055.0,730.0,838.0,20263000.0,5100.0,81100.0,60800.0,972600.0,40000.0,2012.0,Mar,14.0,28.1,1366417754.0,5.36,471031528.0,20.593684,78.96288
136,WowKidz,32200000,16613441479.0,Film & Animation,wowkidz,2,,,Entertainment,4053139.0,,6723.0,1.0,0.0,0.0,0.0,0.05,,2006.0,Dec,16.0,,,,,,
139,rezendeevil,32100000,13061739758.0,Gaming,rezendeevil,11882,Brazil,BR,Entertainment,287.0,9.0,40.0,44505000.0,11100.0,178000.0,133500.0,2100000.0,,2012.0,Feb,12.0,51.3,212559417.0,12.08,183241641.0,-14.235004,-51.92528
140,StarPlus,32000000,26800674545.0,Entertainment,StarPlus,44892,India,IN,Entertainment,60.0,38.0,40.0,1667000000.0,416800.0,6700000.0,5000000.0,80000000.0,1200000.0,2006.0,May,19.0,28.1,1366417754.0,5.36,471031528.0,20.593684,78.96288
142,GMA  Network,31900000,19428308461.0,Entertainment,GMA  Network,93311,Philippines,PH,Entertainment,129.0,2.0,41.0,798510000.0,199600.0,3200000.0,2400000.0,38300000.0,500000.0,2006.0,Nov,20.0,35.5,108116615.0,2.15,50975903.0,12.879721,121.774017
146,DONA ï¿½ï¿½,31700000,21031745531.0,Entertainment,DONA ï¿½ï¿½,166,United States,US,Entertainment,110.0,41.0,42.0,153280000.0,38300.0,613100.0,459800.0,7400000.0,200000.0,2018.0,Apr,5.0,88.2,328239523.0,14.7,270663028.0,37.09024,-95.712891
148,Lucas and Marcus,31600000,11615848291.0,Entertainment,Lucas and Marcus,1321,United States,US,Entertainment,339.0,42.0,43.0,312099000.0,78000.0,1200000.0,936300.0,15000000.0,400000.0,2011.0,Jan,19.0,88.2,328239523.0,14.7,270663028.0,37.09024,-95.712891
156,Diana and Roma ESP,30700000,12355992466.0,,Diana and Roma ESP,578,United States,US,Entertainment,313.0,45.0,45.0,102998000.0,25700.0,412000.0,309000.0,4900000.0,200000.0,2016.0,Nov,27.0,88.2,328239523.0,14.7,270663028.0,37.09024,-95.712891
157,Round2hell,30700000,3145161634.0,Comedy,Round2hell,67,India,IN,Entertainment,2687.0,41.0,45.0,31822000.0,8000.0,127300.0,95500.0,1500000.0,300000.0,2016.0,Oct,20.0,28.1,1366417754.0,5.36,471031528.0,20.593684,78.96288
159,AboFlah,30500000,4521573939.0,Gaming,AboFlah,641,Kuwait,KW,Entertainment,1573.0,1.0,7.0,157908000.0,39500.0,631600.0,473700.0,7600000.0,1300000.0,2016.0,Jul,28.0,54.4,4207083.0,2.18,4207083.0,29.31166,47.481766
160,AH,30400000,4332274962.0,Entertainment,AH,2197,Indonesia,ID,Entertainment,1701.0,4.0,46.0,21440000.0,5400.0,85800.0,64300.0,1000000.0,,2014.0,Jan,26.0,36.3,270203917.0,4.69,151509724.0,-0.789275,113.921327
162,ýýýýýýýýýýýýýýý ýýýýýý ýýýýýýýýýýýýýýýýýý,30400000,17999961915.0,,ýýýýýýýýýýýýýýý ýýýýýý ýýýýýýýýýýýýýýýýýý,532,United States,US,Entertainment,147.0,46.0,46.0,122926000.0,30700.0,491700.0,368800.0,5900000.0,300000.0,2018.0,Nov,3.0,88.2,328239523.0,14.7,270663028.0,37.09024,-95.712891
163,Boram Tube Vlog [ï¿½ï¿½ï¿½ï¿½ï¿½ï¿½ï¿½ï¿½ï¿,30300000,13546549817.0,Entertainment,Boram Tube Vlog [ï¿½ï¿½ï¿½ï¿½ï¿½ï¿½ï¿½ï¿½ï¿,223,United States,US,Entertainment,269.0,47.0,47.0,22724000.0,5700.0,90900.0,68200.0,1100000.0,,2012.0,Feb,21.0,88.2,328239523.0,14.7,270663028.0,37.09024,-95.712891
165,Talking Tom,30200000,15199330166.0,Comedy,TalkingTom,2,United States,US,Entertainment,4057345.0,7736.0,6776.0,,0.0,0.0,0.0,0.0,,2008.0,Jun,27.0,88.2,328239523.0,14.7,270663028.0,37.09024,-95.712891
176,Zhong,29200000,14727238483.0,Entertainment,Zhong,1513,United States,US,Entertainment,230.0,51.0,48.0,180519000.0,0.0,0.0,0.0,0.0,1000000.0,2015.0,Jan,19.0,88.2,328239523.0,14.7,270663028.0,37.09024,-95.712891
182,The Late Late Show with James Corden,28400000,9956764048.0,Entertainment,The Late Late Show with James Corden,5809,United States,US,Entertainment,445.0,53.0,49.0,26435000.0,6600.0,105700.0,79300.0,1300000.0,,2006.0,Nov,21.0,88.2,328239523.0,14.7,270663028.0,37.09024,-95.712891
186,HUM TV,28300000,23844936965.0,Entertainment,HUM TV,106983,Pakistan,PK,Entertainment,80.0,3.0,49.0,684860000.0,171200.0,2700000.0,2100000.0,32900000.0,700000.0,2011.0,May,25.0,9.0,216565318.0,4.45,79927762.0,30.375321,69.345116
197,ýýý Kids Roma Show,27400000,10336420490.0,People & Blogs,ýýý Kids Roma Show,642,United States,US,Entertainment,418.0,58.0,50.0,175844000.0,44000.0,703400.0,527500.0,8400000.0,400000.0,2015.0,May,12.0,88.2,328239523.0,14.7,270663028.0,37.09024,-95.712891
199,Nick Jr.,27300000,22440611155.0,Film & Animation,Nick Jr.,5438,United States,US,Entertainment,100.0,59.0,51.0,42546000.0,10600.0,170200.0,127600.0,2000000.0,200000.0,2012.0,Sep,27.0,88.2,328239523.0,14.7,270663028.0,37.09024,-95.712891
202,Dushyant kukreja,27100000,17318452893.0,Entertainment,Dushyant kukreja,889,India,IN,Entertainment,159.0,49.0,52.0,429692000.0,107400.0,1700000.0,1300000.0,20600000.0,700000.0,2015.0,Sep,26.0,28.1,1366417754.0,5.36,471031528.0,20.593684,78.96288
204,Brent Rivera,27000000,6570935979.0,Comedy,Brent Rivera,554,United States,US,Entertainment,909.0,60.0,53.0,144453000.0,36100.0,577800.0,433400.0,6900000.0,300000.0,2009.0,Aug,1.0,88.2,328239523.0,14.7,270663028.0,37.09024,-95.712891
205,Renato Garcia YT,26900000,7938616641.0,Entertainment,Renato Garcia YT,3956,Brazil,BR,Entertainment,664.0,11.0,54.0,82912000.0,20700.0,331600.0,248700.0,4000000.0,200000.0,2011.0,Sep,29.0,51.3,212559417.0,12.08,183241641.0,-14.235004,-51.92528
206,Beast Reacts,26700000,4388047013.0,People & Blogs,Beast Reacts,241,United States,US,Entertainment,1632.0,61.0,54.0,276187000.0,69000.0,1100000.0,828600.0,13300000.0,1200000.0,2016.0,Apr,24.0,88.2,328239523.0,14.7,270663028.0,37.09024,-95.712891
208,Netflix,26700000,7173668905.0,Entertainment,Netflix,6471,United States,US,Entertainment,797.0,62.0,55.0,118226000.0,29600.0,472900.0,354700.0,5700000.0,200000.0,2012.0,Jul,17.0,88.2,328239523.0,14.7,270663028.0,37.09024,-95.712891
213,PANDA BOI,26400000,17211600007.0,Entertainment,PANDA BOI,967,Italy,IT,Entertainment,158.0,1.0,55.0,1225000000.0,306400.0,4900000.0,3700000.0,58800000.0,2000000.0,2020.0,Dec,5.0,61.9,60297396.0,9.89,42651966.0,41.87194,12.56738
214,BB Ki Vines,26300000,4749833967.0,Entertainment,BB Ki Vines,190,India,IN,Entertainment,1462.0,51.0,57.0,17264000.0,4300.0,69100.0,51800.0,828600.0,,2015.0,Jun,20.0,28.1,1366417754.0,5.36,471031528.0,20.593684,78.96288
215,D Billions,26200000,31977463002.0,,D Billions,775,United States,US,Entertainment,33.0,64.0,58.0,487076000.0,121800.0,1900000.0,1500000.0,23400000.0,200000.0,2019.0,Jul,27.0,88.2,328239523.0,14.7,270663028.0,37.09024,-95.712891
216,Junya.ï¿½ï¿½ï¿½ï¿½,26200000,16097531087.0,Entertainment,Junya.ï¿½ï¿½ï¿½ï¿½,5985,Japan,JP,Entertainment,184.0,2.0,56.0,721848000.0,180500.0,2900000.0,2200000.0,34600000.0,1100000.0,2020.0,Sep,14.0,63.2,126226568.0,2.29,115782416.0,36.204824,138.252924
222,Indosiar,25900000,11372071889.0,Music,Indosiar,65286,Indonesia,ID,Entertainment,358.0,5.0,60.0,230183000.0,57500.0,920700.0,690500.0,11000000.0,600000.0,2013.0,Sep,23.0,36.3,270203917.0,4.69,151509724.0,-0.789275,113.921327
229,ZHC,25500000,2726917087.0,Film & Animation,zhc,5,,,Entertainment,4042995.0,,6739.0,20.0,0.01,0.08,0.06,0.96,4.0,2006.0,Jan,24.0,,,,,,
231,Rans Entertainment,25400000,6430853035.0,People & Blogs,Rans Entertainment,3716,Indonesia,ID,Entertainment,942.0,6.0,62.0,58487000.0,14600.0,233900.0,175500.0,2800000.0,100000.0,2015.0,Dec,27.0,36.3,270203917.0,4.69,151509724.0,-0.789275,113.921327
240,WatchMojo.com,25100000,16357064198.0,Music,WatchMojo.com,24837,Canada,CA,Entertainment,180.0,6.0,64.0,49009000.0,12300.0,196000.0,147000.0,2400000.0,,2007.0,Jan,25.0,68.9,36991981.0,5.56,30628482.0,56.130366,-106.346771
241,TRANS7 OFFICIAL,25000000,14169516119.0,Entertainment,TRANS7 OFFICIAL,89179,Indonesia,ID,Entertainment,251.0,7.0,64.0,123189000.0,30800.0,492800.0,369600.0,5900000.0,100000.0,2014.0,Sep,4.0,36.3,270203917.0,4.69,151509724.0,-0.789275,113.921327
243,Dan Rhodes,24800000,17387583720.0,Entertainment,Dan Rhodes,1644,United Kingdom,GB,Entertainment,157.0,9.0,66.0,331889000.0,83000.0,1300000.0,995700.0,15900000.0,500000.0,2015.0,Oct,30.0,60.0,66834405.0,3.85,55908316.0,55.378051,-3.435973
245,America's Got Talent,24800000,3699352704.0,Entertainment,America's Got Talent,1894,United States,US,Entertainment,2122.0,72.0,65.0,134412000.0,33600.0,537600.0,403200.0,6500000.0,400000.0,2006.0,Jun,29.0,88.2,328239523.0,14.7,270663028.0,37.09024,-95.712891
251,1theK (ï¿½ï¿½ï¿½ï¿½ï,24500000,23962070944.0,Music,1theK (ï¿½ï¿½ï¿½ï¿½ï,18950,South Korea,KR,Entertainment,79.0,6.0,67.0,105567000.0,26400.0,422300.0,316700.0,5100000.0,,2011.0,Jan,31.0,94.3,51709098.0,4.15,42106719.0,35.907757,127.766922
252,Like Nastya AE,24400000,12385924995.0,Entertainment,Like Nastya AE,658,United States,US,Entertainment,312.0,75.0,68.0,169865000.0,42500.0,679500.0,509600.0,8200000.0,400000.0,2018.0,Dec,19.0,88.2,328239523.0,14.7,270663028.0,37.09024,-95.712891
255,MrBeast en Espaï¿½ï,24200000,2700914170.0,Entertainment,MrBeast en Espaï¿½ï,67,Mexico,MX,Entertainment,3309.0,10.0,70.0,33590000.0,8400.0,134400.0,100800.0,1600000.0,100000.0,2021.0,Jul,9.0,40.2,126014024.0,3.42,102626859.0,23.634501,-102.552784
258,Alejo Igoa,24100000,10999000479.0,Comedy,Alejo Igoa,802,Argentina,AR,Entertainment,376.0,4.0,71.0,401512000.0,100400.0,1600000.0,1200000.0,19300000.0,600000.0,2014.0,Jan,17.0,90.0,44938712.0,9.79,41339571.0,-38.416097,-63.616672
262,Diana and Roma ARA,24100000,11041261296.0,,Diana and Roma ARA,590,United States,US,Entertainment,379.0,76.0,70.0,66884000.0,16700.0,267500.0,200700.0,3200000.0,200000.0,2019.0,Feb,1.0,88.2,328239523.0,14.7,270663028.0,37.09024,-95.712891
266,Preston,24000000,8279004442.0,Gaming,Preston,4009,United States,US,Entertainment,621.0,78.0,72.0,151697000.0,37900.0,606800.0,455100.0,7300000.0,200000.0,2012.0,Jul,4.0,88.2,328239523.0,14.7,270663028.0,37.09024,-95.712891
267,James Charles,23900000,4067878931.0,Entertainment,James Charles,505,United States,US,Entertainment,1860.0,79.0,73.0,58126000.0,14500.0,232500.0,174400.0,2800000.0,100000.0,2015.0,Dec,1.0,88.2,328239523.0,14.7,270663028.0,37.09024,-95.712891
268,Collins Key,23900000,6582932625.0,Entertainment,Collins Key,257,United States,US,Entertainment,911.0,79.0,73.0,10853000.0,2700.0,43400.0,32600.0,520900.0,,2011.0,Aug,9.0,88.2,328239523.0,14.7,270663028.0,37.09024,-95.712891
269,Diana and Roma EN,23900000,7213499085.0,People & Blogs,Diana and Roma EN,511,United States,US,Entertainment,787.0,79.0,73.0,177769000.0,44400.0,711100.0,533300.0,8500000.0,300000.0,2011.0,Dec,22.0,88.2,328239523.0,14.7,270663028.0,37.09024,-95.712891
270,Venus Entertainment,23800000,5663125358.0,Entertainment,Venus Entertainment,70,,,Entertainment,367929.0,,2500.0,31633.0,8.0,127.0,95.0,1500.0,,2016.0,May,17.0,,,,,,
275,Mister Max,23700000,15510153803.0,People & Blogs,Mister Max,1099,United Kingdom,GB,Entertainment,208.0,11.0,74.0,32817000.0,8200.0,131300.0,98400.0,1600000.0,,2014.0,Sep,22.0,60.0,66834405.0,3.85,55908316.0,55.378051,-3.435973
279,Logan Paul,23600000,5994002464.0,Entertainment,Logan Paul,719,United States,US,Entertainment,1057.0,82.0,75.0,10803000.0,2700.0,43200.0,32400.0,518600.0,,2015.0,Aug,29.0,88.2,328239523.0,14.7,270663028.0,37.09024,-95.712891
280,Maya and Mary,23600000,6766461070.0,Entertainment,Maya and Mary,552,United States,US,Entertainment,883.0,82.0,75.0,44542000.0,11100.0,178200.0,133600.0,2100000.0,400000.0,2013.0,Aug,30.0,88.2,328239523.0,14.7,270663028.0,37.09024,-95.712891
283,Miss Katy,23500000,14696994366.0,People & Blogs,Miss Katy,1044,United Kingdom,GB,Entertainment,235.0,13.0,76.0,59629000.0,14900.0,238500.0,178900.0,2900000.0,,2014.0,Nov,17.0,60.0,66834405.0,3.85,55908316.0,55.378051,-3.435973
285,Valentina Pontes ofc,23400000,7926899136.0,Film & Animation,Valentina Pontes ofc,1291,Brazil,BR,Entertainment,667.0,14.0,77.0,28285000.0,7100.0,113100.0,84900.0,1400000.0,,2014.0,Apr,14.0,51.3,212559417.0,12.08,183241641.0,-14.235004,-51.92528
286,Sesame Street,23300000,22471357411.0,Entertainment,Sesame Street,3657,United States,US,Entertainment,99.0,83.0,78.0,124187000.0,31000.0,496700.0,372600.0,6000000.0,100000.0,2006.0,Jan,16.0,88.2,328239523.0,14.7,270663028.0,37.09024,-95.712891
287,Happy Lives,23200000,2634.0,Science & Technology,Happy Lives,1,United States,US,Entertainment,4053372.0,84.0,79.0,6589000000.0,0.0,0.0,0.0,0.0,100000.0,2016.0,Mar,15.0,88.2,328239523.0,14.7,270663028.0,37.09024,-95.712891
289,Akshay Nagwadiya,23200000,7966720147.0,Entertainment,Akshay Nagwadiya,595,,,Entertainment,660.0,,79.0,321179000.0,80300.0,1300000.0,963500.0,15400000.0,900000.0,2017.0,Oct,25.0,,,,,,
297,DrossRotzank,23000000,6041264489.0,Entertainment,DrossRotzank,1598,Argentina,AR,Entertainment,1040.0,5.0,80.0,35539000.0,8900.0,142200.0,106600.0,1700000.0,100000.0,2006.0,Mar,9.0,90.0,44938712.0,9.79,41339571.0,-38.416097,-63.616672
303,KL BRO Biju Rithvik,22800000,17988347989.0,Entertainment,KL BRO Biju Rithvik,1841,,,Entertainment,143.0,,79.0,2033000000.0,508100.0,8100000.0,6100000.0,97600000.0,3200000.0,2020.0,Jul,21.0,,,,,,
305,Like Nastya PRT,22700000,11568118121.0,Entertainment,Like Nastya PRT,654,,,Entertainment,344.0,,82.0,96613000.0,24200.0,386500.0,289800.0,4600000.0,100000.0,2019.0,Apr,9.0,,,,,,
306,Sun TV,22600000,20847038152.0,People & Blogs,Sun TV,60964,India,IN,Entertainment,109.0,63.0,82.0,982238000.0,245600.0,3900000.0,2900000.0,47100000.0,600000.0,2016.0,Feb,26.0,28.1,1366417754.0,5.36,471031528.0,20.593684,78.96288
307,Heroindori,22600000,9223534599.0,Comedy,Heroindori,495,India,IN,Entertainment,508.0,62.0,81.0,399152000.0,99800.0,1600000.0,1200000.0,19200000.0,1400000.0,2020.0,Jun,29.0,28.1,1366417754.0,5.36,471031528.0,20.593684,78.96288
309,mmoshaya,22600000,17507060680.0,People & Blogs,mmoshaya,1189,Saudi Arabia,SA,Entertainment,156.0,1.0,83.0,73829000.0,18500.0,295300.0,221500.0,3500000.0,100000.0,2010.0,Dec,11.0,68.0,34268528.0,5.93,28807838.0,23.885942,45.079162
313,Vlad and Niki Arabic,22500000,10613701948.0,,Vlad and Niki Arabic,526,United States,US,Entertainment,399.0,89.0,84.0,65066000.0,16300.0,260300.0,195200.0,3100000.0,100000.0,2018.0,Nov,9.0,88.2,328239523.0,14.7,270663028.0,37.09024,-95.712891
318,Kinder Spielzeug Kanal (Kidibli),22200000,11136266461.0,Entertainment,Kinder Spielzeug Kanal (Kidibli),999,United States,US,Entertainment,370.0,92.0,86.0,139333000.0,34800.0,557300.0,418000.0,6700000.0,200000.0,2015.0,Sep,25.0,88.2,328239523.0,14.7,270663028.0,37.09024,-95.712891
320,Vlad and Niki ESP,22000000,8594440895.0,,Vlad and Niki ESP,515,United States,US,Entertainment,591.0,93.0,87.0,183871000.0,46000.0,735500.0,551600.0,8800000.0,200000.0,2018.0,Oct,11.0,88.2,328239523.0,14.7,270663028.0,37.09024,-95.712891
321,Sagawa /ï¿½ï¿½ï¿½,22000000,18347969186.0,Entertainment,Sagawa /ï¿½ï¿½ï¿½,6274,Japan,JP,Entertainment,144.0,3.0,88.0,711254000.0,177800.0,2800000.0,2100000.0,34100000.0,800000.0,2021.0,Feb,13.0,63.2,126226568.0,2.29,115782416.0,36.204824,138.252924
322,Ben Azelart,21900000,4454917643.0,Film & Animation,Ben Azelart,301,United States,US,Entertainment,1620.0,94.0,88.0,184946000.0,46200.0,739800.0,554800.0,8900000.0,500000.0,2014.0,Jun,5.0,88.2,328239523.0,14.7,270663028.0,37.09024,-95.712891
327,National Geographic,21800000,5614621131.0,Science & Technology,National Geographic,10162,United States,US,Entertainment,1158.0,95.0,89.0,45812000.0,11500.0,183200.0,137400.0,2200000.0,100000.0,2006.0,May,7.0,88.2,328239523.0,14.7,270663028.0,37.09024,-95.712891
334,DUDU e CAROL,21600000,9597894786.0,Autos & Vehicles,DUDU e CAROL,2942,Brazil,BR,Entertainment,481.0,15.0,90.0,193174000.0,48300.0,772700.0,579500.0,9300000.0,300000.0,2013.0,Mar,2.0,51.3,212559417.0,12.08,183241641.0,-14.235004,-51.92528
336,Eva Bravo Play,21600000,9346383505.0,Entertainment,Eva Bravo Play,228,United States,US,Entertainment,507.0,96.0,90.0,63919000.0,16000.0,255700.0,191800.0,3100000.0,,2019.0,May,7.0,88.2,328239523.0,14.7,270663028.0,37.09024,-95.712891
338,Tlnovelas,21500000,15013096899.0,News & Politics,tlnovelas,158,Mexico,MX,Entertainment,1936958.0,2063.0,2940.0,15459.0,4.0,62.0,46.0,742.0,,2014.0,Jan,2.0,40.2,126014024.0,3.42,102626859.0,23.634501,-102.552784
346,Infinite,21300000,5141834668.0,Entertainment,Infinite,1608,United States,US,Entertainment,1296.0,98.0,93.0,68350000.0,17100.0,273400.0,205100.0,3300000.0,200000.0,2014.0,Aug,21.0,88.2,328239523.0,14.7,270663028.0,37.09024,-95.712891
347,Azhan5star,21300000,10047736580.0,Entertainment,Azhan5star,669,India,IN,Entertainment,436.0,67.0,92.0,236293000.0,59100.0,945200.0,708900.0,11300000.0,600000.0,2021.0,Feb,2.0,28.1,1366417754.0,5.36,471031528.0,20.593684,78.96288
348,Dangal TV Channel,21300000,12895427184.0,Entertainment,Dangal TV Channel,20225,India,IN,Entertainment,291.0,67.0,92.0,561020000.0,140300.0,2200000.0,1700000.0,26900000.0,700000.0,2017.0,Aug,2.0,28.1,1366417754.0,5.36,471031528.0,20.593684,78.96288
352,Baim Paula,21100000,4526271677.0,People & Blogs,Baim Paula,2325,Indonesia,ID,Entertainment,1583.0,8.0,94.0,26974000.0,6700.0,107900.0,80900.0,1300000.0,100000.0,2016.0,Jun,4.0,36.3,270203917.0,4.69,151509724.0,-0.789275,113.921327
353,nigahiga,21000000,4380564906.0,Entertainment,nigahiga,403,United States,US,Entertainment,1671.0,100.0,95.0,2476000.0,619.0,9900.0,7400.0,118900.0,,2006.0,Jul,21.0,88.2,328239523.0,14.7,270663028.0,37.09024,-95.712891
354,Rafa & Luiz,21000000,7762905663.0,Entertainment,Rafa & Luiz,2883,Brazil,BR,Entertainment,695.0,16.0,94.0,118410000.0,29600.0,473600.0,355200.0,5700000.0,400000.0,2015.0,Aug,26.0,51.3,212559417.0,12.08,183241641.0,-14.235004,-51.92528
355,Lyrical Lemonade,21000000,10631638628.0,Entertainment,Lyrical Lemonade,420,United States,US,Entertainment,398.0,100.0,95.0,80062000.0,20000.0,320200.0,240200.0,3800000.0,100000.0,2013.0,Mar,25.0,88.2,328239523.0,14.7,270663028.0,37.09024,-95.712891
356,Vlad and Niki IDN,21000000,9789121606.0,,Vlad and Niki IDN,498,United States,US,Entertainment,464.0,100.0,95.0,133362000.0,33300.0,533400.0,400100.0,6400000.0,300000.0,2018.0,Nov,9.0,88.2,328239523.0,14.7,270663028.0,37.09024,-95.712891
358,Fatos Desconhecidos,20900000,3828000587.0,Entertainment,Fatos Desconhecidos,6262,Brazil,BR,Entertainment,2033.0,17.0,96.0,52330000.0,13100.0,209300.0,157000.0,2500000.0,100000.0,2013.0,Sep,26.0,51.3,212559417.0,12.08,183241641.0,-14.235004,-51.92528
365,Yoeslan,20700000,17963202261.0,Entertainment,Yoeslan,619,United States,US,Entertainment,146.0,101.0,96.0,874796000.0,218700.0,3500000.0,2600000.0,42000000.0,1000000.0,2020.0,Sep,26.0,88.2,328239523.0,14.7,270663028.0,37.09024,-95.712891
367,Zach King,20700000,5410164682.0,Entertainment,Zach King,6,,,Entertainment,3997461.0,,4664.0,125.0,0.03,0.5,0.38,6.0,10.0,2013.0,Jun,5.0,,,,,,
370,Deddy Corbuzier,20600000,4956090094.0,Entertainment,deddycorbuzier,15,Indonesia,ID,Entertainment,3539124.0,4044.0,6217.0,85.0,0.02,0.34,0.26,4.0,1.0,2007.0,Jul,23.0,36.3,270203917.0,4.69,151509724.0,-0.789275,113.921327
371,Bizarrap,20600000,7657171980.0,Comedy,Bizarrap,83,Argentina,AR,Entertainment,711.0,8.0,98.0,193176000.0,48300.0,772700.0,579500.0,9300000.0,200000.0,2017.0,Jan,15.0,90.0,44938712.0,9.79,41339571.0,-38.416097,-63.616672
373,Mnet K-POP,20500000,15038593883.0,Entertainment,Mnet K-POP,33229,South Korea,KR,Entertainment,220.0,7.0,99.0,158540000.0,39600.0,634200.0,475600.0,7600000.0,100000.0,2006.0,Mar,9.0,94.3,51709098.0,4.15,42106719.0,35.907757,127.766922
375,Ninja Kidz TV,20500000,11009148579.0,Entertainment,Ninja Kidz TV,296,United States,US,Entertainment,377.0,104.0,99.0,195203000.0,48800.0,780800.0,585600.0,9400000.0,100000.0,2017.0,Feb,9.0,88.2,328239523.0,14.7,270663028.0,37.09024,-95.712891
379,Vijay Television,20400000,29406206620.0,Entertainment,Vijay Television,51515,India,IN,Entertainment,43.0,70.0,100.0,907534000.0,226900.0,3600000.0,2700000.0,43600000.0,400000.0,2007.0,Feb,1.0,28.1,1366417754.0,5.36,471031528.0,20.593684,78.96288
380,SlivkiShow,20400000,4707412332.0,Entertainment,SlivkiShow,462,Ukraine,UA,Entertainment,1489.0,1.0,100.0,28990000.0,7200.0,116000.0,87000.0,1400000.0,,2012.0,Dec,11.0,82.7,44385155.0,8.88,30835699.0,48.379433,31.16558
382,Got Talent Global,20300000,2441288701.0,Entertainment,Got Talent Global,1245,United Kingdom,GB,Entertainment,3750.0,15.0,101.0,86457000.0,21600.0,345800.0,259400.0,4100000.0,100000.0,2013.0,Jan,31.0,60.0,66834405.0,3.85,55908316.0,55.378051,-3.435973
385,Ami Rodriguez,20200000,2951914200.0,Entertainment,Ami Rodriguez,460,Colombia,CO,Entertainment,2959.0,7.0,103.0,263864000.0,66000.0,1100000.0,791600.0,12700000.0,1600000.0,2009.0,Jul,20.0,55.3,50339443.0,9.71,40827302.0,4.570868,-74.297333
386,Noor Stars,20200000,2764127969.0,Comedy,Noor Stars,693,United Arab Emirates,AE,Entertainment,3238.0,5.0,102.0,15556000.0,3900.0,62200.0,46700.0,746700.0,100000.0,2014.0,Apr,24.0,36.8,9770529.0,2.35,8479744.0,23.424076,53.847818
396,Pencilmation,20100000,11317309935.0,Film & Animation,Pencilmation,1481,United States,US,Entertainment,366.0,109.0,104.0,14862000.0,3700.0,59400.0,44600.0,713400.0,100000.0,2007.0,Feb,1.0,88.2,328239523.0,14.7,270663028.0,37.09024,-95.712891
401,REACT,20000000,13154314376.0,Entertainment,REACT,4339,United States,US,Entertainment,281.0,109.0,104.0,23206000.0,5800.0,92800.0,69600.0,1100000.0,,2007.0,Jun,4.0,88.2,328239523.0,14.7,270663028.0,37.09024,-95.712891
403,Gordon Ramsay,20000000,3875172235.0,Entertainment,Gordon Ramsay,1527,United Kingdom,GB,Entertainment,2001.0,16.0,104.0,39228000.0,9800.0,156900.0,117700.0,1900000.0,200000.0,2006.0,Apr,29.0,60.0,66834405.0,3.85,55908316.0,55.378051,-3.435973
404,Pentatonix,20000000,6033295543.0,Music,pentatonix,1,Canada,CA,Entertainment,4051673.0,4072.0,6742.0,,0.0,0.0,0.0,0.0,,2006.0,Mar,9.0,68.9,36991981.0,5.56,30628482.0,56.130366,-106.346771
405,Green Gold TV - Official Channel,20000000,9715291883.0,Film & Animation,Green Gold TV - Official Channel,1476,India,IN,Entertainment,473.0,72.0,104.0,70278000.0,0.0,0.0,0.0,0.0,100000.0,2011.0,Jul,1.0,28.1,1366417754.0,5.36,471031528.0,20.593684,78.96288
408,Crafty Panda,19800000,5759442450.0,People & Blogs,Crafty Panda,760,United States,US,Entertainment,1120.0,111.0,105.0,6137000.0,1500.0,24500.0,18400.0,294600.0,100000.0,2017.0,Dec,3.0,88.2,328239523.0,14.7,270663028.0,37.09024,-95.712891
413,Britain's Got Talent,19700000,11323617496.0,Entertainment,Britain's Got Talent,4225,United Kingdom,GB,Entertainment,364.0,17.0,106.0,54192000.0,13500.0,216800.0,162600.0,2600000.0,100000.0,2008.0,Apr,12.0,60.0,66834405.0,3.85,55908316.0,55.378051,-3.435973
416,Sony AATH,19600000,13930021471.0,Shows,Sony AATH,18661,United States,US,Entertainment,257.0,112.0,106.0,274212000.0,68600.0,1100000.0,822600.0,13200000.0,300000.0,2013.0,Nov,13.0,88.2,328239523.0,14.7,270663028.0,37.09024,-95.712891
417,tabii Urdu,19600000,8779729549.0,Entertainment,tabii Urdu,1306,Turkey,TR,Entertainment,562.0,3.0,107.0,110806000.0,27700.0,443200.0,332400.0,5300000.0,100000.0,2020.0,Apr,17.0,23.9,83429615.0,13.49,63097818.0,38.963745,35.243322
418,DaFuq!?Boom!,19600000,7906181776.0,Film & Animation,DaFuq!?Boom!,214,United States,US,Entertainment,656.0,112.0,106.0,2304000000.0,576000.0,9200000.0,6900000.0,110600000.0,6700000.0,2016.0,Jun,6.0,88.2,328239523.0,14.7,270663028.0,37.09024,-95.712891
420,RKD Studios,19500000,5234251168.0,Entertainment,RKD Studios,847,India,IN,Entertainment,1265.0,74.0,108.0,59841000.0,0.0,0.0,0.0,0.0,300000.0,2014.0,Mar,14.0,28.1,1366417754.0,5.36,471031528.0,20.593684,78.96288
423,etvteluguindia,19400000,23038014291.0,Entertainment,etvteluguindia,125974,India,IN,Entertainment,88.0,75.0,109.0,272917000.0,68200.0,1100000.0,818800.0,13100000.0,200000.0,2010.0,Mar,15.0,28.1,1366417754.0,5.36,471031528.0,20.593684,78.96288
426,Vsauce,19300000,2897907132.0,Science & Technology,Vsauce,462,,,Entertainment,3024.0,,110.0,69614000.0,17400.0,278500.0,208800.0,3300000.0,100000.0,2007.0,Jul,30.0,,,,,,
434,ýýýýýýýýýýýýýý ýýýý,19000000,4924054368.0,Education,ýýýýýýýýýýýýýý ýýýý,60,United States,US,Entertainment,1399.0,116.0,111.0,21587000.0,5400.0,86300.0,64800.0,1000000.0,100000.0,2018.0,Feb,20.0,88.2,328239523.0,14.7,270663028.0,37.09024,-95.712891
436,Wow Kidz Action,19000000,8281724393.0,Film & Animation,Wow Kidz Action,1525,India,IN,Entertainment,618.0,78.0,111.0,105706000.0,26400.0,422800.0,317100.0,5100000.0,200000.0,2017.0,Nov,8.0,28.1,1366417754.0,5.36,471031528.0,20.593684,78.96288
439,KBS WORLD TV,19000000,15126092508.0,Entertainment,KBS WORLD TV,64496,South Korea,KR,Entertainment,217.0,8.0,111.0,107989000.0,27000.0,432000.0,324000.0,5200000.0,,2007.0,Jan,6.0,94.3,51709098.0,4.15,42106719.0,35.907757,127.766922
440,HiMan,18900000,2855519150.0,People & Blogs,HiMan,375,Russia,RU,Entertainment,3094.0,4.0,112.0,24563000.0,6100.0,98300.0,73700.0,1200000.0,,2014.0,Oct,16.0,81.9,144373535.0,4.59,107683889.0,61.52401,105.318756
444,Sidemen,18800000,5257834105.0,Entertainment,Sidemen,312,United Kingdom,GB,Entertainment,1263.0,19.0,113.0,78158000.0,19500.0,312600.0,234500.0,3800000.0,100000.0,2015.0,Jun,14.0,60.0,66834405.0,3.85,55908316.0,55.378051,-3.435973
448,ýýýýýýýýýýýýýýýýýýýýýý,18800000,9594188708.0,Entertainment,ýýýýýýýýýýýýýýýýýýýýýý,530,Ukraine,UA,Entertainment,483.0,2.0,113.0,68006000.0,17000.0,272000.0,204000.0,3300000.0,100000.0,2014.0,Oct,20.0,82.7,44385155.0,8.88,30835699.0,48.379433,31.16558
453,Smile Family Spanish,18600000,7008250496.0,,Smile Family Spanish,457,United States,US,Entertainment,830.0,118.0,115.0,43396000.0,10800.0,173600.0,130200.0,2100000.0,200000.0,2019.0,Jun,19.0,88.2,328239523.0,14.7,270663028.0,37.09024,-95.712891
461,PDK Films,18400000,4120324310.0,Entertainment,PDK Films,111,United States,US,Entertainment,1825.0,120.0,116.0,14430000.0,3600.0,57700.0,43300.0,692600.0,,2009.0,Jul,21.0,88.2,328239523.0,14.7,270663028.0,37.09024,-95.712891
466,Naisa Alifia Yuriza (N.A.Y),18300000,1606834186.0,People & Blogs,Naisa Alifia Yuriza (N.A.Y),786,Indonesia,ID,Entertainment,6502.0,14.0,117.0,17063000.0,4300.0,68300.0,51200.0,819000.0,,2017.0,Jul,8.0,36.3,270203917.0,4.69,151509724.0,-0.789275,113.921327
467,Miley Cyrus,18300000,7760819588.0,Entertainment,Miley Cyrus,142,United States,US,Entertainment,696.0,121.0,117.0,127982000.0,32000.0,511900.0,383900.0,6100000.0,100000.0,2009.0,Sep,15.0,88.2,328239523.0,14.7,270663028.0,37.09024,-95.712891
472,Jake Fellman,18100000,13378360425.0,Entertainment,Jake Fellman,420,United States,US,Entertainment,274.0,122.0,118.0,497044000.0,124300.0,2000000.0,1500000.0,23900000.0,700000.0,2012.0,Oct,13.0,88.2,328239523.0,14.7,270663028.0,37.09024,-95.712891
473,GEN HALILINTAR,18100000,3306242674.0,Entertainment,GEN HALILINTAR,1037,Indonesia,ID,Entertainment,2498.0,15.0,119.0,27312000.0,6800.0,109200.0,81900.0,1300000.0,,2015.0,Mar,4.0,36.3,270203917.0,4.69,151509724.0,-0.789275,113.921327
474,SQUEEZIE,18100000,9983065083.0,Gaming,SQUEEZIE,1521,France,FR,Entertainment,443.0,1.0,119.0,48099000.0,12000.0,192400.0,144300.0,2300000.0,100000.0,2011.0,Jan,9.0,65.6,67059887.0,8.43,54123364.0,46.227638,2.213749
480,And TV,18000000,15412333005.0,Entertainment,ANDtv,45,United States,US,Entertainment,4012108.0,7627.0,6667.0,4.0,0.0,0.02,0.01,0.19,,2006.0,Aug,4.0,88.2,328239523.0,14.7,270663028.0,37.09024,-95.712891
484,BeatboxJCOP,18000000,8716982055.0,Film & Animation,BeatboxJCOP,748,,,Entertainment,539.0,,115.0,1375000000.0,343800.0,5500000.0,4100000.0,66000000.0,3400000.0,2011.0,Mar,12.0,,,,,,
488,Lele Pons,17900000,5244917119.0,Comedy,Lele Pons,185,United States,US,Entertainment,1264.0,125.0,121.0,18548000.0,4600.0,74200.0,55600.0,890300.0,,2015.0,Sep,19.0,88.2,328239523.0,14.7,270663028.0,37.09024,-95.712891
490,Like Nastya VNM,17900000,9867515979.0,Entertainment,Like Nastya VNM,602,Vietnam,VN,Entertainment,455.0,1.0,121.0,84467000.0,21100.0,337900.0,253400.0,4100000.0,100000.0,2019.0,Nov,22.0,28.5,96462106.0,2.01,35332140.0,14.058324,108.277199
500,tanboy kun,17700000,3647267655.0,People & Blogs,tanboy kun,739,Indonesia,ID,Entertainment,2169.0,17.0,122.0,48174000.0,12000.0,192700.0,144500.0,2300000.0,100000.0,2016.0,Oct,27.0,36.3,270203917.0,4.69,151509724.0,-0.789275,113.921327
502,Porta dos Fundos,17700000,7739048000.0,Entertainment,Porta dos Fundos,2240,Brazil,BR,Entertainment,705.0,27.0,123.0,35337000.0,8800.0,141300.0,106000.0,1700000.0,,2012.0,Mar,12.0,51.3,212559417.0,12.08,183241641.0,-14.235004,-51.92528
504,Les' Copaque Production,17700000,9059696049.0,Film & Animation,Les' Copaque Production,1716,Malaysia,MY,Entertainment,531.0,1.0,123.0,117727000.0,29400.0,470900.0,353200.0,5700000.0,200000.0,2009.0,Nov,9.0,45.1,32447385.0,3.32,24475766.0,4.210484,101.975766
512,FactTechz,17500000,2238134438.0,Entertainment,FactTechz,709,India,IN,Entertainment,4243.0,86.0,124.0,21056000.0,5300.0,84200.0,63200.0,1000000.0,,2016.0,Jul,24.0,28.1,1366417754.0,5.36,471031528.0,20.593684,78.96288
514,Fun For Kids TV - Hindi Rhymes,17500000,7612385622.0,Entertainment,Fun For Kids TV - Hindi Rhymes,149,India,IN,Entertainment,723.0,86.0,124.0,109847000.0,27500.0,439400.0,329500.0,5300000.0,300000.0,2017.0,Sep,27.0,28.1,1366417754.0,5.36,471031528.0,20.593684,78.96288
521,Stubborn Facts,17300000,902225615.0,Film & Animation,Stubborn Facts,287,India,IN,Entertainment,13315.0,87.0,125.0,837850.0,209.0,3400.0,2500.0,40200.0,,2016.0,Sep,5.0,28.1,1366417754.0,5.36,471031528.0,20.593684,78.96288
522,Taarak Mehta Ka Ooltah Chashmah,17300000,11371738047.0,Entertainment,Taarak Mehta Ka Ooltah Chashmah,4778,India,IN,Entertainment,356.0,87.0,125.0,331944000.0,83000.0,1300000.0,995800.0,15900000.0,300000.0,2014.0,Aug,4.0,28.1,1366417754.0,5.36,471031528.0,20.593684,78.96288
530,TheBrianMaps,17100000,4448334716.0,Comedy,TheBrianMaps,498,Russia,RU,Entertainment,1624.0,6.0,126.0,37164000.0,9300.0,148700.0,111500.0,1800000.0,100000.0,2012.0,Jun,4.0,81.9,144373535.0,4.59,107683889.0,61.52401,105.318756
531,TRANS TV Official,17100000,9710962528.0,Entertainment,TRANS TV Official,148225,Indonesia,ID,Entertainment,472.0,18.0,127.0,45811000.0,11500.0,183200.0,137400.0,2200000.0,100000.0,2014.0,Sep,2.0,36.3,270203917.0,4.69,151509724.0,-0.789275,113.921327
532,Liza Koshy,17100000,2173106162.0,Comedy,Liza Koshy,142,United States,US,Entertainment,4443.0,132.0,127.0,1761000.0,440.0,7000.0,5300.0,84500.0,,2013.0,Sep,2.0,88.2,328239523.0,14.7,270663028.0,37.09024,-95.712891
534,Prajapati News,17000000,1001465469.0,Comedy,Prajapati News,1407,India,IN,Entertainment,11662.0,89.0,128.0,7626000.0,1900.0,30500.0,22900.0,366100.0,100000.0,2013.0,Mar,14.0,28.1,1366417754.0,5.36,471031528.0,20.593684,78.96288
538,Guava Juice,16900000,9111000228.0,Gaming,Guava Juice,1910,United States,US,Entertainment,527.0,134.0,129.0,10889000.0,2700.0,43600.0,32700.0,522600.0,,2006.0,Jul,18.0,88.2,328239523.0,14.7,270663028.0,37.09024,-95.712891
539,EeOneGuy,16900000,3827906874.0,Entertainment,EeOneGuy,366,United States,US,Entertainment,2039.0,134.0,129.0,1635000.0,409.0,6500.0,4900.0,78500.0,,2013.0,Mar,19.0,88.2,328239523.0,14.7,270663028.0,37.09024,-95.712891
540,VICE,16900000,4609753237.0,Entertainment,VICE,3900,United States,US,Entertainment,1543.0,134.0,129.0,36357000.0,9100.0,145400.0,109100.0,1700000.0,100000.0,2005.0,Dec,16.0,88.2,328239523.0,14.7,270663028.0,37.09024,-95.712891
542,Danny Fitt,16900000,9544277833.0,People & Blogs,Danny Fitt,2337,United States,US,Entertainment,488.0,134.0,129.0,275264000.0,68800.0,1100000.0,825800.0,13200000.0,700000.0,2016.0,Dec,31.0,88.2,328239523.0,14.7,270663028.0,37.09024,-95.712891
547,Like Nastya IDN,16800000,7195314800.0,Entertainment,Like Nastya IDN,502,Indonesia,ID,Entertainment,795.0,19.0,130.0,42836000.0,10700.0,171300.0,128500.0,2100000.0,100000.0,2019.0,Nov,22.0,36.3,270203917.0,4.69,151509724.0,-0.789275,113.921327
548,Gato Galactico | GALï¿½ï¿,16800000,3693798804.0,Film & Animation,Gato Galactico | GALï¿½ï¿,1491,Brazil,BR,Entertainment,2129.0,30.0,130.0,44121000.0,11000.0,176500.0,132400.0,2100000.0,100000.0,2013.0,Apr,2.0,51.3,212559417.0,12.08,183241641.0,-14.235004,-51.92528
551,With Kids[ï¿½ï¿½ï¿½ï¿½ï,16700000,8826138204.0,Entertainment,With Kids[ï¿½ï¿½ï¿½ï¿½ï,920,United States,US,Entertainment,559.0,135.0,130.0,45698000.0,11400.0,182800.0,137100.0,2200000.0,100000.0,2012.0,Jul,6.0,88.2,328239523.0,14.7,270663028.0,37.09024,-95.712891
558,SriBalajiMovies,16600000,9439857193.0,Entertainment,SriBalajiMovies,20102,India,IN,Entertainment,497.0,91.0,132.0,154049000.0,38500.0,616200.0,462100.0,7400000.0,200000.0,2011.0,Sep,29.0,28.1,1366417754.0,5.36,471031528.0,20.593684,78.96288
560,Younes Zarou,16600000,15278668857.0,Entertainment,Younes Zarou,2200,Germany,DE,Entertainment,213.0,4.0,131.0,617257000.0,154300.0,2500000.0,1900000.0,29600000.0,900000.0,2021.0,May,6.0,70.2,83132799.0,3.04,64324835.0,51.165691,10.451526
561,Jordan Matter,16600000,5819508534.0,Entertainment,Jordan Matter,413,United States,US,Entertainment,1088.0,136.0,132.0,199033000.0,49800.0,796100.0,597100.0,9600000.0,300000.0,2006.0,Dec,21.0,88.2,328239523.0,14.7,270663028.0,37.09024,-95.712891
562,ýýýýýýýý ýýýýýýýýýýýýýýýýýýýýýý,16500000,2440934034.0,Entertainment,ýýýýýýýý ýýýýýýýýýýýýýýýýýýýýýý,421,United States,US,Entertainment,3778.0,137.0,133.0,21953000.0,5500.0,87800.0,65900.0,1100000.0,200000.0,2014.0,Mar,9.0,88.2,328239523.0,14.7,270663028.0,37.09024,-95.712891
563,FailArmy,16500000,3037260680.0,Comedy,FailArmy,438,United States,US,Entertainment,2766.0,137.0,133.0,112986000.0,28200.0,451900.0,339000.0,5400000.0,100000.0,2011.0,Jul,5.0,88.2,328239523.0,14.7,270663028.0,37.09024,-95.712891
565,FunFun Toy Doll TV,16500000,7406207930.0,Entertainment,FunFun Toy Doll TV,735,United States,US,Entertainment,757.0,137.0,133.0,24378000.0,6100.0,97500.0,73100.0,1200000.0,,2016.0,May,31.0,88.2,328239523.0,14.7,270663028.0,37.09024,-95.712891
566,Sandra Cires Art,16400000,3955426159.0,Howto & Style,Sandra Cires Art,1091,United States,US,Entertainment,1938.0,138.0,134.0,18028000.0,4500.0,72100.0,54100.0,865300.0,,2011.0,Sep,27.0,88.2,328239523.0,14.7,270663028.0,37.09024,-95.712891
567,Kaykai Salaider,16400000,4434679706.0,Comedy,Kaykai Salaider,428,Thailand,TH,Entertainment,1636.0,9.0,134.0,9341000.0,2300.0,37400.0,28000.0,448400.0,,2011.0,Jan,24.0,49.3,69625582.0,0.75,35294600.0,15.870032,100.992541
569,Ch7HD,16400000,9463244435.0,Entertainment,Ch7HD,56203,Thailand,TH,Entertainment,496.0,9.0,134.0,87757000.0,21900.0,351000.0,263300.0,4200000.0,100000.0,2010.0,May,17.0,49.3,69625582.0,0.75,35294600.0,15.870032,100.992541
571,Alfredo Larin,16400000,14431830557.0,Entertainment,Alfredo Larin,1,,,Entertainment,4057780.0,,6788.0,1.0,0.0,0.0,0.0,0.05,,2015.0,Nov,23.0,,,,,,
572,GMMTV OFFICIALï¿½ï¿½,16400000,12844432341.0,Entertainment,GMMTV OFFICIALï¿½ï¿½,23952,Thailand,TH,Entertainment,294.0,9.0,134.0,181382000.0,45300.0,725500.0,544100.0,8700000.0,200000.0,2010.0,Sep,13.0,49.3,69625582.0,0.75,35294600.0,15.870032,100.992541
573,Matt Stonie,16300000,3527627264.0,Entertainment,MattStonie,54,United States,US,Entertainment,283499.0,1874.0,1836.0,29735.0,7.0,119.0,89.0,1400.0,,2010.0,Jun,19.0,88.2,328239523.0,14.7,270663028.0,37.09024,-95.712891
577,SAM SMITH,16300000,10170264839.0,Music,SAM SMITH,230,United Kingdom,GB,Entertainment,428.0,22.0,135.0,85778000.0,21400.0,343100.0,257300.0,4100000.0,,2012.0,Sep,14.0,60.0,66834405.0,3.85,55908316.0,55.378051,-3.435973
581,W2S,16300000,4768370464.0,Gaming,W2S,652,United Kingdom,GB,Entertainment,1455.0,22.0,135.0,3079000.0,770.0,12300.0,9200.0,147800.0,,2012.0,Jul,26.0,60.0,66834405.0,3.85,55908316.0,55.378051,-3.435973
583,Kids Play,16200000,8091706232.0,Entertainment,Kids Play,593,United States,US,Entertainment,636.0,140.0,136.0,25912000.0,6500.0,103600.0,77700.0,1200000.0,,2018.0,May,14.0,88.2,328239523.0,14.7,270663028.0,37.09024,-95.712891
585,JJ Olatunji,16200000,4076692623.0,Gaming,JJ Olatunji,1294,United Kingdom,GB,Entertainment,1856.0,23.0,136.0,27808000.0,7000.0,111200.0,83400.0,1300000.0,100000.0,2011.0,Jan,26.0,60.0,66834405.0,3.85,55908316.0,55.378051,-3.435973
588,LEGO,16200000,20522339099.0,Entertainment,LEGO,31889,Singapore,SG,Entertainment,116.0,1.0,136.0,117209000.0,29300.0,468800.0,351600.0,5600000.0,200000.0,2005.0,Oct,22.0,84.8,5703569.0,4.11,5703569.0,1.352083,103.819836
594,Vlad and Niki ARA,16100000,7399296005.0,,Vlad and Niki ARA,510,United States,US,Entertainment,759.0,141.0,137.0,32011000.0,8000.0,128000.0,96000.0,1500000.0,100000.0,2019.0,May,24.0,88.2,328239523.0,14.7,270663028.0,37.09024,-95.712891
595,Canal IN,16100000,2687443643.0,People & Blogs,Canal IN,723,Brazil,BR,Entertainment,3338.0,32.0,137.0,13802000.0,3500.0,55200.0,41400.0,662500.0,,2017.0,Jul,21.0,51.3,212559417.0,12.08,183241641.0,-14.235004,-51.92528
597,Daily Dose Of Internet,16100000,6872702790.0,Entertainment,Daily Dose Of Internet,671,United States,US,Entertainment,851.0,140.0,136.0,399807000.0,100000.0,1600000.0,1200000.0,19200000.0,300000.0,2015.0,Jul,15.0,88.2,328239523.0,14.7,270663028.0,37.09024,-95.712891
598,FitDance,16100000,7126210721.0,Music,Fitdance Academy,41,France,FR,Entertainment,4006012.0,3726.0,6335.0,780.0,0.2,3.0,2.0,37.0,4.0,2006.0,Nov,20.0,65.6,67059887.0,8.43,54123364.0,46.227638,2.213749
600,Disney Junior,16100000,15812009296.0,Entertainment,Disney Junior,4045,United States,US,Entertainment,196.0,140.0,136.0,267131000.0,66800.0,1100000.0,801400.0,12800000.0,300000.0,2008.0,Apr,22.0,88.2,328239523.0,14.7,270663028.0,37.09024,-95.712891
618,Volga Video,15700000,9787697838.0,Film & Animation,Volga Video,16874,India,IN,Entertainment,463.0,97.0,139.0,51315000.0,12800.0,205300.0,153900.0,2500000.0,,2012.0,Mar,23.0,28.1,1366417754.0,5.36,471031528.0,20.593684,78.96288
623,Prime Video India,15700000,8696631898.0,Entertainment,Prime Video India,7090,United States,US,Entertainment,569.0,144.0,139.0,335111000.0,83800.0,1300000.0,1000000.0,16100000.0,1200000.0,2016.0,Oct,3.0,88.2,328239523.0,14.7,270663028.0,37.09024,-95.712891
624,Caeli YT,15600000,1511794214.0,Entertainment,Caeli YT,483,Mexico,MX,Entertainment,7440.0,24.0,140.0,62551000.0,0.0,0.0,0.0,0.0,,2010.0,Sep,22.0,40.2,126014024.0,3.42,102626859.0,23.634501,-102.552784
627,Juliana Baltar,15600000,3869457097.0,Entertainment,Juliana Baltar,2019,Brazil,BR,Entertainment,2002.0,34.0,140.0,56218000.0,14100.0,224900.0,168700.0,2700000.0,100000.0,2010.0,May,9.0,51.3,212559417.0,12.08,183241641.0,-14.235004,-51.92528
635,Mr DegrEE,15500000,12880388253.0,Science & Technology,MrDegree,0,United States,US,Entertainment,4057944.0,5048.0,4453.0,,0.0,0.0,0.0,0.0,10.0,2016.0,Mar,2.0,88.2,328239523.0,14.7,270663028.0,37.09024,-95.712891
636,Kashvi Adlakha,15500000,12714141740.0,Entertainment,Kashvi Adlakha,1525,India,IN,Entertainment,300.0,99.0,141.0,139123000.0,34800.0,556500.0,417400.0,6700000.0,200000.0,2017.0,Apr,9.0,28.1,1366417754.0,5.36,471031528.0,20.593684,78.96288
640,FFUNTV,15400000,11513738907.0,Gaming,FFUNTV,379,United Arab Emirates,AE,Entertainment,349.0,6.0,141.0,80172000.0,20000.0,320700.0,240500.0,3800000.0,200000.0,2018.0,Jul,18.0,36.8,9770529.0,2.35,8479744.0,23.424076,53.847818
651,Mazhavil Manorama,15300000,16545966132.0,Entertainment,Mazhavil Manorama,87864,India,IN,Entertainment,175.0,100.0,142.0,361483000.0,90400.0,1400000.0,1100000.0,17400000.0,300000.0,2011.0,Oct,31.0,28.1,1366417754.0,5.36,471031528.0,20.593684,78.96288
654,Niana Guerrero,15200000,1491452935.0,Entertainment,Niana Guerrero,443,Philippines,PH,Entertainment,7153.0,6.0,144.0,9980000.0,2500.0,39900.0,29900.0,479000.0,,2013.0,Apr,11.0,35.5,108116615.0,2.15,50975903.0,12.879721,121.774017
656,Sony LIV,15200000,7151683497.0,Entertainment,Sony LIV,11099,India,IN,Entertainment,794.0,102.0,144.0,210909000.0,52700.0,843600.0,632700.0,10100000.0,300000.0,2014.0,May,2.0,28.1,1366417754.0,5.36,471031528.0,20.593684,78.96288
658,Oyuncak Avï¿,15200000,8333387785.0,Entertainment,Oyuncak Avï¿,654,Turkey,TR,Entertainment,615.0,5.0,144.0,4427000.0,1100.0,17700.0,13300.0,212500.0,,2014.0,Dec,29.0,23.9,83429615.0,13.49,63097818.0,38.963745,35.243322
663,Daftar Populer,15100000,2143140898.0,Education,Daftar Populer,3810,Indonesia,ID,Entertainment,4520.0,24.0,144.0,17231000.0,4300.0,68900.0,51700.0,827100.0,100000.0,2017.0,Jan,16.0,36.3,270203917.0,4.69,151509724.0,-0.789275,113.921327
665,Ranz Kyle,15100000,1760131384.0,People & Blogs,Ranz Kyle,533,Philippines,PH,Entertainment,5849.0,7.0,145.0,12376000.0,3100.0,49500.0,37100.0,594000.0,,2008.0,Apr,27.0,35.5,108116615.0,2.15,50975903.0,12.879721,121.774017
667,Mariale,15100000,2761547758.0,Howto & Style,Mariale,2618,United States,US,Entertainment,3241.0,150.0,145.0,11956000.0,3000.0,47800.0,35900.0,573900.0,,2010.0,Jan,6.0,88.2,328239523.0,14.7,270663028.0,37.09024,-95.712891
668,Makiman131,15100000,4236036141.0,Gaming,Makiman131,2997,Spain,ES,Entertainment,1760.0,12.0,145.0,5972000.0,1500.0,23900.0,17900.0,286600.0,,2013.0,Feb,12.0,88.9,47076781.0,13.96,37927409.0,40.463667,-3.74922
670,Mohamed Ramadan I ï¿½ï¿½ï¿½ï¿½ï¿½ï¿½ï,15100000,5324913850.0,People & Blogs,Mohamed Ramadan I ï¿½ï¿½ï¿½ï¿½ï¿½ï¿½ï,753,Egypt,EG,Entertainment,1242.0,2.0,145.0,46060000.0,11500.0,184200.0,138200.0,2200000.0,100000.0,2014.0,Oct,31.0,35.2,100388073.0,10.76,42895824.0,26.820553,30.802498
675,Chapitosiki,15100000,13897932103.0,Entertainment,Chapitosiki,2717,Russia,RU,Entertainment,256.0,9.0,143.0,713509000.0,178400.0,2900000.0,2100000.0,34200000.0,700000.0,2020.0,Jan,24.0,81.9,144373535.0,4.59,107683889.0,61.52401,105.318756
682,XpressTV,15000000,4008801873.0,Entertainment,XpressTV,724,Mexico,MX,Entertainment,1907.0,26.0,146.0,33880000.0,8500.0,135500.0,101600.0,1600000.0,100000.0,2014.0,Nov,17.0,40.2,126014024.0,3.42,102626859.0,23.634501,-102.552784
686,THE BROWN SIBLINGS,15000000,8658553456.0,Entertainment,THE BROWN SIBLINGS,965,India,IN,Entertainment,577.0,103.0,145.0,102357000.0,25600.0,409400.0,307100.0,4900000.0,200000.0,2016.0,Oct,9.0,28.1,1366417754.0,5.36,471031528.0,20.593684,78.96288
693,A2 Motivation by Arvind Arora,15000000,8932038210.0,Entertainment,A2 Motivation by Arvind Arora,3168,India,IN,Entertainment,544.0,104.0,146.0,130731000.0,32700.0,522900.0,392200.0,6300000.0,200000.0,2017.0,Apr,7.0,28.1,1366417754.0,5.36,471031528.0,20.593684,78.96288
695,MNCTV OFFICIAL,14900000,8074260978.0,Entertainment,MNCTV OFFICIAL,66362,Indonesia,ID,Entertainment,639.0,26.0,146.0,43581000.0,10900.0,174300.0,130700.0,2100000.0,100000.0,2012.0,Nov,29.0,36.3,270203917.0,4.69,151509724.0,-0.789275,113.921327
696,ERB,14900000,4033400167.0,Entertainment,ERB,86,United States,US,Entertainment,1886.0,152.0,147.0,11043000.0,2800.0,44200.0,33100.0,530100.0,,2006.0,Feb,8.0,88.2,328239523.0,14.7,270663028.0,37.09024,-95.712891
699,ýýýýýýýýýýýý8 : Thai Ch8,14900000,5549770244.0,Entertainment,ýýýýýýýýýýýý8 : Thai Ch8,27944,Thailand,TH,Entertainment,1181.0,12.0,147.0,49556000.0,12400.0,198200.0,148700.0,2400000.0,100000.0,2011.0,Oct,17.0,49.3,69625582.0,0.75,35294600.0,15.870032,100.992541
704,Fueled By Ramen,14800000,13356517783.0,Music,Fueled By Ramen,1210,United States,US,Entertainment,276.0,153.0,148.0,61205000.0,15300.0,244800.0,183600.0,2900000.0,,2006.0,Jun,9.0,88.2,328239523.0,14.7,270663028.0,37.09024,-95.712891
715,ýýýýýýýýýý ýýýýýýýýýýýý,14700000,2230986039.0,Entertainment,ýýýýýýýýýý ýýýýýýýýýýýý,1385,Saudi Arabia,SA,Entertainment,4276.0,5.0,149.0,2694000.0,673.0,10800.0,8100.0,129300.0,,2016.0,May,27.0,68.0,34268528.0,5.93,28807838.0,23.885942,45.079162
716,Maha Fun Tv,14700000,1321380490.0,Entertainment,Maha Fun Tv,85,United States,US,Entertainment,8317.0,154.0,149.0,4781000.0,1200.0,19100.0,14300.0,229500.0,,2017.0,Sep,5.0,88.2,328239523.0,14.7,270663028.0,37.09024,-95.712891
717,Canal Nostalgia,14700000,1506796393.0,Entertainment,Canal Nostalgia TV,554,Spain,ES,Entertainment,325721.0,1549.0,2275.0,226420.0,57.0,906.0,679.0,10900.0,600.0,2010.0,Feb,19.0,88.9,47076781.0,13.96,37927409.0,40.463667,-3.74922
720,Chad Wild Clay,14700000,6751985988.0,Comedy,Chad Wild Clay,698,United States,US,Entertainment,885.0,154.0,149.0,36338000.0,9100.0,145400.0,109000.0,1700000.0,100000.0,2006.0,Mar,26.0,88.2,328239523.0,14.7,270663028.0,37.09024,-95.712891
723,Colors Rishtey,14700000,12362331529.0,Entertainment,Colors Rishtey,23490,India,IN,Entertainment,310.0,105.0,148.0,347603000.0,86900.0,1400000.0,1000000.0,16700000.0,400000.0,2013.0,Nov,28.0,28.1,1366417754.0,5.36,471031528.0,20.593684,78.96288
725,Camila Loures,14700000,4684983333.0,Music,Camila Loures,3978,Brazil,BR,Entertainment,1501.0,39.0,149.0,40975000.0,10200.0,163900.0,122900.0,2000000.0,100000.0,2014.0,May,27.0,51.3,212559417.0,12.08,183241641.0,-14.235004,-51.92528
726,Doc Tops,14600000,2613197447.0,Entertainment,Doc Tops,490,Ecuador,EC,Entertainment,3458.0,1.0,150.0,16409000.0,4100.0,65600.0,49200.0,787600.0,100000.0,2014.0,Dec,29.0,44.9,17373662.0,3.97,11116711.0,-1.831239,-78.183406
728,Jesser,14600000,3603556207.0,Gaming,Jesser,1244,United States,US,Entertainment,2223.0,155.0,150.0,92594000.0,23100.0,370400.0,277800.0,4400000.0,400000.0,2012.0,Jul,9.0,88.2,328239523.0,14.7,270663028.0,37.09024,-95.712891
729,Planeta das Gï¿½ï¿½,14600000,4622581344.0,People & Blogs,Planeta das Gï¿½ï¿½,951,Brazil,BR,Entertainment,1534.0,40.0,150.0,10547000.0,2600.0,42200.0,31600.0,506300.0,,2015.0,Nov,21.0,51.3,212559417.0,12.08,183241641.0,-14.235004,-51.92528
730,PrestonPlayz,14600000,5766647017.0,Gaming,Preston,4009,United States,US,Entertainment,621.0,78.0,72.0,151697000.0,37900.0,606800.0,455100.0,7300000.0,200000.0,2012.0,Jul,4.0,88.2,328239523.0,14.7,270663028.0,37.09024,-95.712891
737,Like Nastya Stories,14500000,6944967581.0,Entertainment,Like Nastya Stories,479,United States,US,Entertainment,848.0,156.0,151.0,29941000.0,7500.0,119800.0,89800.0,1400000.0,,2019.0,Sep,9.0,88.2,328239523.0,14.7,270663028.0,37.09024,-95.712891
741,Reaction Time,14500000,4260187928.0,Entertainment,Reaction Time,1717,United States,US,Entertainment,1747.0,156.0,151.0,9910000.0,2500.0,39600.0,29700.0,475700.0,,2015.0,Apr,25.0,88.2,328239523.0,14.7,270663028.0,37.09024,-95.712891
746,Telemundo,14500000,8582696157.0,Entertainment,Telemundo,19201,United States,US,Entertainment,592.0,156.0,151.0,48285000.0,12100.0,193100.0,144900.0,2300000.0,,2007.0,Jan,3.0,88.2,328239523.0,14.7,270663028.0,37.09024,-95.712891
747,GMM25Thailand,14500000,9383692066.0,Entertainment,GMM25Thailand,68606,Thailand,TH,Entertainment,502.0,13.0,151.0,45622000.0,11400.0,182500.0,136900.0,2200000.0,100000.0,2011.0,Jun,8.0,49.3,69625582.0,0.75,35294600.0,15.870032,100.992541
753,ýýýýýýýýýýýýýýýýýýýýý,14400000,600154268.0,Entertainment,ýýýýýýýýýýýýýýýýýýýýý,364,South Korea,KR,Entertainment,21132.0,14.0,151.0,1370000.0,342.0,5500.0,4100.0,65700.0,300000.0,2017.0,Mar,8.0,94.3,51709098.0,4.15,42106719.0,35.907757,127.766922
755,Drawblogs,14400000,1629801448.0,Entertainment,Drawblogs,399,Peru,PE,Entertainment,6402.0,1.0,152.0,1002000.0,251.0,4000.0,3000.0,48100.0,,2014.0,May,20.0,70.7,32510453.0,3.31,25390339.0,-9.189967,-75.015152
757,ýýýýýýýýýýýý ýýýýýýýýýýýý I ýýýýýý ýý ýýýýýýýýýý,14400000,2972474215.0,Entertainment,ýýýýýýýýýýýý ýýýýýýýýýýýý I ýýýýýý ýý ýýýýýýýýý,381,Saudi Arabia,SA,Entertainment,2934.0,6.0,152.0,4673000.0,1200.0,18700.0,14000.0,224300.0,,2017.0,Dec,1.0,68.0,34268528.0,5.93,28807838.0,23.885942,45.079162
759,Rclbeauty101,14400000,3900312631.0,Comedy,Rclbeauty101,463,United States,US,Entertainment,1986.0,157.0,152.0,8636000.0,2200.0,34500.0,25900.0,414500.0,,2010.0,Dec,14.0,88.2,328239523.0,14.7,270663028.0,37.09024,-95.712891
764,Vlad and Niki PRT,14400000,6543282459.0,,Vlad and Niki PRT,516,United States,US,Entertainment,918.0,157.0,152.0,40089000.0,10000.0,160400.0,120300.0,1900000.0,,2018.0,Nov,3.0,88.2,328239523.0,14.7,270663028.0,37.09024,-95.712891
765,RS 1313 SHORTS,14400000,8011977288.0,Entertainment,RS 1313 SHORTS,5628,India,IN,Entertainment,647.0,108.0,152.0,212639000.0,53200.0,850600.0,637900.0,10200000.0,200000.0,2020.0,Oct,24.0,28.1,1366417754.0,5.36,471031528.0,20.593684,78.96288
768,ZEE5,14400000,18515587421.0,Entertainment,ZEE5,101401,India,IN,Entertainment,142.0,108.0,152.0,149799000.0,37400.0,599200.0,449400.0,7200000.0,100000.0,2018.0,Feb,13.0,28.1,1366417754.0,5.36,471031528.0,20.593684,78.96288
769,Super Polina,14300000,4776507159.0,People & Blogs,Super Polina,576,United States,US,Entertainment,1452.0,158.0,153.0,413774.0,103.0,1700.0,1200.0,19900.0,100000.0,2014.0,Jul,8.0,88.2,328239523.0,14.7,270663028.0,37.09024,-95.712891
770,Rebecca Zamolo,14300000,6388439235.0,Comedy,RebeccaZamolo,1,United States,US,Entertainment,4054606.0,6342.0,5464.0,,0.0,0.0,0.0,0.0,,2011.0,Aug,4.0,88.2,328239523.0,14.7,270663028.0,37.09024,-95.712891
772,Invento na Hora,14200000,4040297006.0,Film & Animation,Invento na Hora,1281,Brazil,BR,Entertainment,1877.0,43.0,154.0,19029000.0,4800.0,76100.0,57100.0,913400.0,,2014.0,Oct,18.0,51.3,212559417.0,12.08,183241641.0,-14.235004,-51.92528
773,SIS vs BRO,14200000,6973932553.0,Entertainment,SiS,60,Ukraine,UA,Entertainment,3739171.0,2460.0,4686.0,105.0,0.03,0.42,0.32,5.0,10.0,2016.0,Aug,3.0,82.7,44385155.0,8.88,30835699.0,48.379433,31.16558
774,NikkieTutorials,14200000,1778318927.0,Howto & Style,NikkieTutorials,876,Netherlands,NL,Entertainment,5764.0,2.0,154.0,35934000.0,9000.0,143700.0,107800.0,1700000.0,,2008.0,Jun,23.0,85.0,17332850.0,3.2,15924729.0,52.132633,5.291266
781,Zee Bangla,14200000,11428794827.0,Entertainment,Zee Bangla,132398,India,IN,Entertainment,352.0,109.0,153.0,59927000.0,15000.0,239700.0,179800.0,2900000.0,200000.0,2008.0,Feb,26.0,28.1,1366417754.0,5.36,471031528.0,20.593684,78.96288
782,DangMattSmith,14200000,3317805543.0,Entertainment,DangMattSmith,1724,United States,US,Entertainment,2485.0,159.0,154.0,12902000.0,3200.0,51600.0,38700.0,619300.0,,2011.0,Aug,18.0,88.2,328239523.0,14.7,270663028.0,37.09024,-95.712891
784,#Refugio Mental,14100000,3594936775.0,Entertainment,#Refugio Mental,846,,,Entertainment,2218.0,,155.0,6942000.0,1700.0,27800.0,20800.0,333200.0,,2013.0,Aug,10.0,,,,,,
788,Yudist Ardhana,14100000,6036496916.0,Entertainment,Yudist Ardhana,2854,Indonesia,ID,Entertainment,1029.0,27.0,154.0,176062000.0,44000.0,704200.0,528200.0,8500000.0,400000.0,2016.0,Jan,6.0,36.3,270203917.0,4.69,151509724.0,-0.789275,113.921327
792,Bie The Ska,14100000,4627069704.0,Entertainment,Bie The Ska,1540,Thailand,TH,Entertainment,1531.0,14.0,155.0,12502000.0,3100.0,50000.0,37500.0,600100.0,100000.0,2006.0,Oct,3.0,49.3,69625582.0,0.75,35294600.0,15.870032,100.992541
794,Narins Beauty,14000000,2214167846.0,Howto & Style,Narins Beauty,431,Sweden,SE,Entertainment,4325.0,3.0,156.0,13709000.0,3400.0,54800.0,41100.0,658000.0,,2014.0,Sep,24.0,67.0,10285453.0,6.48,9021165.0,60.128161,18.643501
795,TV Ana Emilia,14000000,4674164601.0,People & Blogs,TV Ana Emilia,651,Mexico,MX,Entertainment,1504.0,29.0,156.0,26783000.0,6700.0,107100.0,80300.0,1300000.0,100000.0,2014.0,Dec,30.0,40.2,126014024.0,3.42,102626859.0,23.634501,-102.552784
808,ADEL et SAMI,13900000,5465532801.0,Entertainment,ADEL et SAMI,503,United States,US,Entertainment,1200.0,161.0,157.0,26883000.0,6700.0,107500.0,80600.0,1300000.0,,2018.0,Mar,12.0,88.2,328239523.0,14.7,270663028.0,37.09024,-95.712891
809,Jamuna TV,13900000,12129583055.0,News & Politics,jamuna tv24,6,Bangladesh,BD,Entertainment,4056658.0,3776.0,6756.0,1.0,0.0,0.0,0.0,0.05,,2021.0,Feb,10.0,20.6,167310838.0,4.19,60987417.0,23.684994,90.356331
813,Alexa Rivera,13900000,3193226072.0,Howto & Style,Alexa Rivera,288,,,Entertainment,2613.0,,157.0,142760000.0,35700.0,571000.0,428300.0,6900000.0,300000.0,2010.0,Aug,21.0,,,,,,
814,Airrack,13800000,2224911030.0,Entertainment,Airrack,173,United States,US,Entertainment,4285.0,161.0,157.0,99654000.0,24900.0,398600.0,299000.0,4800000.0,300000.0,2015.0,Jan,3.0,88.2,328239523.0,14.7,270663028.0,37.09024,-95.712891
822,O Que Nï¿½ï¿½ï¿½ï¿½ï¿½ï¿,13700000,1967930734.0,Comedy,O Que Nï¿½ï¿½ï¿½ï¿½ï¿½ï¿,696,Brazil,BR,Entertainment,5035.0,47.0,159.0,87804000.0,22000.0,351200.0,263400.0,4200000.0,200000.0,2015.0,Feb,6.0,51.3,212559417.0,12.08,183241641.0,-14.235004,-51.92528
824,MAIKI021,13700000,1950178163.0,Entertainment,MAIKI021,3298,Brazil,BR,Entertainment,5135.0,47.0,159.0,7438000.0,1900.0,29800.0,22300.0,357000.0,,2008.0,Jan,22.0,51.3,212559417.0,12.08,183241641.0,-14.235004,-51.92528
827,MyMissAnand,13700000,4963275018.0,People & Blogs,MyMissAnand,340,India,IN,Entertainment,1387.0,113.0,159.0,27882000.0,7000.0,111500.0,83600.0,1300000.0,,2014.0,Jul,22.0,28.1,1366417754.0,5.36,471031528.0,20.593684,78.96288
837,BBC,13600000,9685060624.0,Pets & Animals,BBC,16047,United Kingdom,GB,Entertainment,474.0,29.0,160.0,44414000.0,11100.0,177700.0,133200.0,2100000.0,100000.0,2005.0,Nov,12.0,60.0,66834405.0,3.85,55908316.0,55.378051,-3.435973
846,Woody & Kleiny,13500000,11717217293.0,Comedy,Woody & Kleiny,975,United Kingdom,GB,Entertainment,333.0,29.0,160.0,495561000.0,123900.0,2000000.0,1500000.0,23800000.0,400000.0,2013.0,Mar,30.0,60.0,66834405.0,3.85,55908316.0,55.378051,-3.435973
847,Vijay Kumar Viner Vlogs,13500000,7958771872.0,Entertainment,Vijay Kumar Viner Vlogs,1357,India,IN,Entertainment,663.0,116.0,162.0,109813000.0,27500.0,439300.0,329400.0,5300000.0,300000.0,2019.0,Mar,22.0,28.1,1366417754.0,5.36,471031528.0,20.593684,78.96288
850,Vlad y Niki Show,13400000,4622628957.0,,Vlad y Niki Show,477,United States,US,Entertainment,1537.0,166.0,162.0,92228000.0,23100.0,368900.0,276700.0,4400000.0,200000.0,2018.0,Nov,8.0,88.2,328239523.0,14.7,270663028.0,37.09024,-95.712891
856,My Mate Nate,13400000,3363634923.0,Comedy,My Mate Nate,1195,Thailand,TH,Entertainment,2436.0,15.0,162.0,41672000.0,10400.0,166700.0,125000.0,2000000.0,,2014.0,Dec,8.0,49.3,69625582.0,0.75,35294600.0,15.870032,100.992541
863,Matt Steffanina,13300000,3299216601.0,Entertainment,Matt Steffanina,331,United States,US,Entertainment,14275.0,692.0,694.0,1929000.0,482.0,7700.0,5800.0,92600.0,,2007.0,Nov,28.0,88.2,328239523.0,14.7,270663028.0,37.09024,-95.712891
865,Kurt Hugo Schneider,13300000,3733856870.0,Entertainment,Kurt Hugo Schneider,698,United States,US,Entertainment,2110.0,167.0,163.0,4233000.0,1100.0,16900.0,12700.0,203200.0,,2007.0,Oct,16.0,88.2,328239523.0,14.7,270663028.0,37.09024,-95.712891
867,ýýýýýýýýýýýýýýýýýý,13300000,6482687220.0,People & Blogs,ýýýýýýýýýýýýýýýýýý,608,Russia,RU,Entertainment,927.0,13.0,163.0,90241000.0,22600.0,361000.0,270700.0,4300000.0,100000.0,2015.0,Oct,4.0,81.9,144373535.0,4.59,107683889.0,61.52401,105.318756
869,VexTrex,13300000,7923901253.0,Entertainment,VexTrex,2411,Ukraine,UA,Entertainment,669.0,5.0,163.0,379346000.0,0.0,0.0,0.0,0.0,,2014.0,Sep,8.0,82.7,44385155.0,8.88,30835699.0,48.379433,31.16558
870,penguinz0,13300000,7773543609.0,Gaming,penguinz0,4613,United States,US,Entertainment,689.0,166.0,162.0,188948000.0,47200.0,755800.0,566800.0,9100000.0,200000.0,2007.0,May,7.0,88.2,328239523.0,14.7,270663028.0,37.09024,-95.712891
874,AzzyLand,13300000,6412313570.0,Gaming,AzzyLand,1749,Canada,CA,Entertainment,949.0,12.0,163.0,5387000.0,1300.0,21500.0,16200.0,258600.0,100000.0,2015.0,May,8.0,68.9,36991981.0,5.56,30628482.0,56.130366,-106.346771
875,HUBAï¿½ï¿½,13200000,9884886099.0,Entertainment,HUBAï¿½ï¿½,538,United States,US,Entertainment,454.0,167.0,163.0,319647000.0,79900.0,1300000.0,958900.0,15300000.0,500000.0,2021.0,Feb,20.0,88.2,328239523.0,14.7,270663028.0,37.09024,-95.712891
876,BIBO ï¿½ï¿½ï¿½ï¿½ï¿½ï¿,13200000,1148422000.0,Entertainment,BIBO ï¿½ï¿½ï¿½ï¿½ï¿½ï¿,192,Russia,RU,Entertainment,9855.0,13.0,163.0,8769000.0,2200.0,35100.0,26300.0,420900.0,200000.0,2019.0,Jan,10.0,81.9,144373535.0,4.59,107683889.0,61.52401,105.318756
881,MC Divertida,13200000,5224764969.0,Entertainment,MC Divertida,413,Brazil,BR,Entertainment,1269.0,49.0,164.0,64517000.0,16100.0,258100.0,193600.0,3100000.0,100000.0,2018.0,Jan,17.0,51.3,212559417.0,12.08,183241641.0,-14.235004,-51.92528
890,Ian Boggs,13100000,9110348202.0,Entertainment,Ian Boggs,1327,,,Entertainment,520.0,,163.0,329312000.0,82300.0,1300000.0,987900.0,15800000.0,700000.0,2010.0,Mar,25.0,,,,,,
898,RedeTV,13100000,5333569294.0,Entertainment,RedeTV,36760,Brazil,BR,Entertainment,1240.0,50.0,165.0,17588000.0,4400.0,70400.0,52800.0,844200.0,,2011.0,Oct,18.0,51.3,212559417.0,12.08,183241641.0,-14.235004,-51.92528
901,Davie504,13000000,2683297849.0,Entertainment,Davie504,838,Italy,IT,Entertainment,3340.0,2.0,166.0,29870000.0,7500.0,119500.0,89600.0,1400000.0,100000.0,2011.0,May,18.0,61.9,60297396.0,9.89,42651966.0,41.87194,12.56738
902,Everson Zoio,13000000,1024467771.0,Comedy,Everson Zoio,625,Brazil,BR,Entertainment,11340.0,51.0,166.0,3052000.0,763.0,12200.0,9200.0,146500.0,,2009.0,Mar,26.0,51.3,212559417.0,12.08,183241641.0,-14.235004,-51.92528
903,Calon Sarjana,13000000,10664585.0,Entertainment,Calon Sarjana,29,Indonesia,ID,Entertainment,772571.0,31.0,166.0,2292000000.0,0.0,0.0,0.0,0.0,300000.0,2016.0,Jan,20.0,36.3,270203917.0,4.69,151509724.0,-0.789275,113.921327
907,JesseAndMike,13000000,9999238237.0,Entertainment,JesseAndMike,716,United States,US,Entertainment,440.0,170.0,166.0,41109000.0,10300.0,164400.0,123300.0,2000000.0,,2007.0,Apr,29.0,88.2,328239523.0,14.7,270663028.0,37.09024,-95.712891
909,Susy Mouriz,13000000,6270909026.0,Entertainment,Susy Mouriz,1299,Mexico,MX,Entertainment,969.0,31.0,165.0,368437000.0,92100.0,1500000.0,1100000.0,17700000.0,600000.0,2017.0,Mar,18.0,40.2,126014024.0,3.42,102626859.0,23.634501,-102.552784
913,Matheus Yurley,12900000,140022442.0,Entertainment,Matheus Yurley,69,Brazil,BR,Entertainment,93531.0,52.0,167.0,147626.0,37.0,591.0,443.0,7100.0,,2015.0,Jan,27.0,51.3,212559417.0,12.08,183241641.0,-14.235004,-51.92528
915,BIBOï¿½ï¿½ï¿½ï¿½ï,12900000,3178222797.0,Entertainment,BIBOï¿½ï¿½ï¿½ï¿½ï,193,South Korea,KR,Entertainment,2649.0,16.0,167.0,4001000.0,1000.0,16000.0,12000.0,192100.0,,2016.0,Aug,8.0,94.3,51709098.0,4.15,42106719.0,35.907757,127.766922
916,Top Viral Talent,12900000,3643698504.0,Entertainment,Top Viral Talent,1598,United States,US,Entertainment,2177.0,171.0,167.0,29379000.0,7300.0,117500.0,88100.0,1400000.0,100000.0,2014.0,Jan,2.0,88.2,328239523.0,14.7,270663028.0,37.09024,-95.712891
921,ýýýýýýýý ýýýý ýýýýýýýýýýýýýý,12900000,5585085130.0,Shows,ýýýýýýýý ýýýý ýýýýýýýýýýýýýý,1255,Ukraine,UA,Entertainment,1164.0,6.0,166.0,71118000.0,17800.0,284500.0,213400.0,3400000.0,200000.0,2014.0,Jul,17.0,82.7,44385155.0,8.88,30835699.0,48.379433,31.16558
922,The Shiny Peanut,12900000,2848466522.0,Education,The Shiny Peanut,2337,Indonesia,ID,Entertainment,3109.0,32.0,167.0,837700.0,209.0,3400.0,2500.0,40200.0,,2016.0,Oct,26.0,36.3,270203917.0,4.69,151509724.0,-0.789275,113.921327
927,MrSuicideSheep,12800000,6970899521.0,Entertainment,MrSuicideSheep,3483,Canada,CA,Entertainment,842.0,13.0,168.0,18118000.0,4500.0,72500.0,54400.0,869600.0,,2010.0,Apr,9.0,68.9,36991981.0,5.56,30628482.0,56.130366,-106.346771
932,Ian Lucas,12700000,1450874545.0,Entertainment,Ian Lucas,50,,,Entertainment,4052208.0,,6682.0,48.0,0.0,0.0,0.0,0.0,8.0,2016.0,Apr,16.0,,,,,,
935,Diana and Roma IND,12700000,5567832210.0,,Diana and Roma IND,534,United States,US,Entertainment,1173.0,173.0,169.0,46602000.0,11700.0,186400.0,139800.0,2200000.0,100000.0,2019.0,Nov,7.0,88.2,328239523.0,14.7,270663028.0,37.09024,-95.712891
940,#Refï¿½ï¿½ï¿½ï¿½,12700000,2709954270.0,Entertainment,#Refugio Mental,846,,,Entertainment,2218.0,,155.0,6942000.0,1700.0,27800.0,20800.0,333200.0,,2013.0,Aug,10.0,,,,,,
944,Morgz,12600000,3303595310.0,Gaming,Morgz,825,United Kingdom,GB,Entertainment,2491.0,32.0,170.0,58838000.0,14700.0,235400.0,176500.0,2800000.0,100000.0,2014.0,Jun,10.0,60.0,66834405.0,3.85,55908316.0,55.378051,-3.435973
949,colinfurze,12500000,1612094871.0,Entertainment,colinfurze,385,United Kingdom,GB,Entertainment,6487.0,33.0,171.0,8482000.0,2100.0,33900.0,25400.0,407200.0,,2006.0,Nov,15.0,60.0,66834405.0,3.85,55908316.0,55.378051,-3.435973
950,People Vs Food,12500000,1136534702.0,Entertainment,People Vs Food,601,United States,US,Entertainment,9980.0,175.0,171.0,15340000.0,3800.0,61400.0,46000.0,736300.0,,2013.0,Jul,30.0,88.2,328239523.0,14.7,270663028.0,37.09024,-95.712891
956,First We Feast,12500000,2983799729.0,Howto & Style,First We Feast,1076,United States,US,Entertainment,2892.0,175.0,171.0,111252000.0,27800.0,445000.0,333800.0,5300000.0,200000.0,2014.0,Feb,28.0,88.2,328239523.0,14.7,270663028.0,37.09024,-95.712891
957,Mï¿½ï¿½ï¿½ï¿½,12500000,3140883140.0,Travel & Events,Mï¿½ï¿½ï¿½ï¿½,766,Mexico,MX,Entertainment,2691.0,33.0,171.0,31007000.0,7800.0,124000.0,93000.0,1500000.0,,2015.0,Jul,6.0,40.2,126014024.0,3.42,102626859.0,23.634501,-102.552784
958,Bebefinn - Nursery Rhymes & Kids Songs,12500000,4163639093.0,,Bebefinn - Nursery Rhymes & Kids Songs,322,United States,US,Entertainment,1794.0,175.0,171.0,565459000.0,0.0,0.0,0.0,0.0,500000.0,2022.0,Mar,30.0,88.2,328239523.0,14.7,270663028.0,37.09024,-95.712891
960,Parafernalha,12500000,4625777945.0,Entertainment,Parafernalha,1888,Brazil,BR,Entertainment,1532.0,54.0,171.0,7158000.0,1800.0,28600.0,21500.0,343600.0,,2011.0,May,13.0,51.3,212559417.0,12.08,183241641.0,-14.235004,-51.92528
962,elcarteldesantatv,12500000,7489455451.0,Music,elcarteldesantatv,377,Mexico,MX,Entertainment,743.0,33.0,171.0,115881000.0,29000.0,463500.0,347600.0,5600000.0,100000.0,2008.0,Nov,27.0,40.2,126014024.0,3.42,102626859.0,23.634501,-102.552784
963,Family Fitness,12500000,10384848759.0,Entertainment,Family Fitness,1699,India,IN,Entertainment,413.0,123.0,171.0,235715000.0,58900.0,942900.0,707100.0,11300000.0,400000.0,2017.0,Jan,18.0,28.1,1366417754.0,5.36,471031528.0,20.593684,78.96288
964,Zee Tamil,12500000,11552190002.0,Entertainment,Zee Tamil,102699,India,IN,Entertainment,342.0,123.0,171.0,349940000.0,87500.0,1400000.0,1000000.0,16800000.0,200000.0,2008.0,Aug,26.0,28.1,1366417754.0,5.36,471031528.0,20.593684,78.96288
965,Flowers Comedy,12500000,11691081301.0,Entertainment,Flowers Comedy,11907,India,IN,Entertainment,337.0,122.0,170.0,180021000.0,45000.0,720100.0,540100.0,8600000.0,100000.0,2015.0,Aug,19.0,28.1,1366417754.0,5.36,471031528.0,20.593684,78.96288
974,LOUD,12400000,2394143260.0,Gaming,WatchLOUD,690,United States,US,Entertainment,186431.0,1795.0,1759.0,27596.0,7.0,110.0,83.0,1300.0,,2006.0,Jan,4.0,88.2,328239523.0,14.7,270663028.0,37.09024,-95.712891
977,SAAIHALILINTAR,12400000,1113066203.0,Entertainment,SAAIHALILINTAR,409,Indonesia,ID,Entertainment,10271.0,34.0,172.0,806075.0,202.0,3200.0,2400.0,38700.0,,2012.0,Apr,28.0,36.3,270203917.0,4.69,151509724.0,-0.789275,113.921327
979,Heidi and Zidane HZHtube,12400000,4021409291.0,Entertainment,Heidi and Zidane HZHtube,813,Canada,CA,Entertainment,1900.0,14.0,172.0,9595000.0,2400.0,38400.0,28800.0,460600.0,,2015.0,Nov,24.0,68.9,36991981.0,5.56,30628482.0,56.130366,-106.346771
981,Zee Kids,12400000,7683670251.0,Film & Animation,Zee Kids,1212,India,IN,Entertainment,709.0,124.0,172.0,95163000.0,23800.0,380700.0,285500.0,4600000.0,100000.0,2012.0,Jul,6.0,28.1,1366417754.0,5.36,471031528.0,20.593684,78.96288
983,DisneyChannelUK,12400000,12607488647.0,Music,DisneyChannelUK,4422,United Kingdom,GB,Entertainment,306.0,34.0,172.0,34758000.0,8700.0,139000.0,104300.0,1700000.0,,2007.0,Dec,6.0,60.0,66834405.0,3.85,55908316.0,55.378051,-3.435973
990,Migos ATL,12400000,6993406259.0,Music,Migos ATL,99,United States,US,Entertainment,833.0,175.0,171.0,49412000.0,12400.0,197600.0,148200.0,2400000.0,100000.0,2012.0,Jan,17.0,88.2,328239523.0,14.7,270663028.0,37.09024,-95.712891
991,Natan por Aï¿,12300000,9029609749.0,Sports,Natan por Aï¿,1200,Brazil,BR,Entertainment,525.0,55.0,172.0,552513000.0,138100.0,2200000.0,1700000.0,26500000.0,700000.0,2017.0,Feb,12.0,51.3,212559417.0,12.08,183241641.0,-14.235004,-51.92528
