<?xml version="1.0" encoding="UTF-8"?>
<metadata xml:lang="en"><Esri><CreaDate>20161216</CreaDate><CreaTime>13322300</CreaTime><ArcGISFormat>1.0</ArcGISFormat><SyncOnce>TRUE</SyncOnce><DataProperties><itemProps><itemLocation><linkage Sync="TRUE">file://\\SKREGIA666915D\C$\Users\kleinac\Desktop\CDM Assessment\2016\11\nadm_1611\nadm_impact_labels</linkage><protocol Sync="TRUE">Local Area Network</protocol></itemLocation></itemProps><copyHistory><copy source="C:\Users\kleinac\Desktop\CDM Assessment\2016\11\nadm-201611_processed\nadm-201611\nadm\nadm_impact_labels" dest="\\SKREGIA666915D\C$\Users\kleinac\Desktop\CDM Assessment\2016\11\nadm_1611\nadm_impact_labels" date="20161216" time="13322500"></copy></copyHistory></DataProperties></Esri></metadata>
