<?xml version="1.0" encoding="UTF-8"?>
<metadata xml:lang="en"><Esri><CreaDate>20101110</CreaDate><CreaTime>09212800</CreaTime><SyncOnce>FALSE</SyncOnce><SyncDate>20101109</SyncDate><SyncTime>15465100</SyncTime><ModDate>20101109</ModDate><ModTime>15465100</ModTime><DataProperties><lineage><Process ToolSource="C:\Program Files\ArcGIS\ArcToolbox\Toolboxes\Analysis Tools.tbx\Clip" Date="20100409" Time="154428">Clip "Drought Assessment\cdm201003\cdm201003_D3_lr" "Static Shapefiles\Reference\ca_bndy" N:\nais_gis\NADM\DroughtAreas\CANADA\10\03\cdm201003_D3_lr_draft4.shp #</Process><Process ToolSource="C:\Program Files\ArcGIS\ArcToolbox\Toolboxes\Data Management Tools.tbx\Project" Date="20100412" Time="162557">Project Analysis\cdm201003_D3_lr_draft4 N:\nais_gis\NADM\DroughtAreas\CANADA\10\03\cdm201003_D3_lr_final.shp GEOGCS['GCS_North_American_1983',DATUM['D_North_American_1983',SPHEROID['GRS_1980',6378137.0,298.257222101]],PRIMEM['Greenwich',0.0],UNIT['Degree',0.0174532925199433]] NAD_1983_To_NAD_1983_CSRS_1 GEOGCS['GCS_North_American_1983_CSRS',DATUM['D_North_American_1983_CSRS',SPHEROID['GRS_1980',6378137.0,298.257222101]],PRIMEM['Greenwich',0.0],UNIT['Degree',0.0174532925199433]]</Process><Process ToolSource="C:\Program Files\ArcGIS\ArcToolbox\Toolboxes\Data Management Tools.tbx\Merge" Date="20100429" Time="105009">Merge cdm201004_D0_draft1;d0 P:\PROJECTS\NADM\1004\cdm201004_D0_draft1_1.shp "DM 'DM' true true false 9 Long 0 9 ,First,#,cdm201004_D0_draft1,DM,-1,-1,d0,DM,-1,-1"</Process><Process ToolSource="C:\Program Files\ArcGIS\ArcToolbox\Toolboxes\Analysis Tools.tbx\Clip" Date="20100527" Time="153303">Clip cdm201005_D2_draft1 "\\skregisd\NAIS\nais_gis\Base Mapping Layers\ca_bndyCopy.shp" P:\PROJECTS\NADM\1005\cdm201005_D2_draft1_c.shp #</Process><Process ToolSource="C:\Program Files\ArcGIS\ArcToolbox\Toolboxes\Analysis Tools.tbx\Clip" Date="20100603" Time="113815">Clip "Drought Assessment\cdm201005_D2_draft2_lr" "Static Shapefiles\Reference\ca_bndy" C:\WorkSpace\cdm201005_D2_draft2_lr.shp #</Process><Process ToolSource="C:\Program Files\ArcGIS\ArcToolbox\Toolboxes\Analysis Tools.tbx\Clip" Date="20100805" Time="133941">Clip "Drought Assessment\cdm201007_D2_draft2" "Drought Assessment\ca_bndy_provinces" N:\nais_gis\NADM\DroughtAreas\CANADA\Working\cdm201007_D2_draft2_c.shp #</Process><Process ToolSource="C:\Program Files\ArcGIS\ArcToolbox\Toolboxes\Analysis Tools.tbx\Clip" Date="20100827" Time="110824">Clip cdm201008_d2_draft1 "Static Shapefiles\ca_bndy" N:\nais_gis\NADM\DroughtAreas\CANADA\Working\cdm201008_d2_draft1_1.shp #</Process><Process Name="Clip" ToolSource="C:\Program Files\ArcGIS\ArcToolbox\Toolboxes\Analysis Tools.tbx\Clip" Date="20101006" Time="142049">Clip P:\PROJECTS\NADM\1009\cdm201009_d2_draft2.shp "\\skregisd\NAIS\nais_gis\Base Mapping Layers\ca_bndyCopy.shp" P:\PROJECTS\NADM\1009\cdm201009_d2_draft2_Clip.shp #</Process><Process ToolSource="C:\Program Files\ArcGIS\Desktop10.0\ArcToolbox\Toolboxes\Data Management Tools.tbx\Merge" Date="20101109" Time="154104">Merge cdm201010_d2_final;nadm_d2 \\Dc2\Shares\Projects\NADM\MergeFileWorkArea\Oct2010\uscan201010_d2.shp "DM "DM" true true false 9 Long 0 9 ,First,#,cdm201010_d2_final,DM,-1,-1;Id "Id" true true false 6 Long 0 6 ,First,#,nadm_d2,Id,-1,-1"</Process><Process ToolSource="C:\Program Files\ArcGIS\Desktop10.0\ArcToolbox\Toolboxes\Data Management Tools.tbx\Dissolve" Date="20101109" Time="154652">Dissolve uscan201010_d2 "C:\Documents and Settings\liz.love-brotak\My Documents\ArcGIS\Default.gdb\uscan201010_d2_Dissolve" # # MULTI_PART DISSOLVE_LINES</Process></lineage><itemProps><itemName Sync="TRUE">uscan201010_d2_Dissolve</itemName><imsContentType Sync="TRUE">002</imsContentType><itemSize Sync="TRUE">0.000</itemSize><itemLocation><linkage Sync="TRUE">file://\\LLOVE\C\Documents and Settings\liz.love-brotak\My Documents\ArcGIS\Default.gdb</linkage><protocol Sync="TRUE">Local Area Network</protocol></itemLocation></itemProps><coordRef><type Sync="TRUE">Geographic</type><geogcsn Sync="TRUE">GCS_North_American_1983</geogcsn><peXml Sync="TRUE">&lt;GeographicCoordinateSystem xsi:type='typens:GeographicCoordinateSystem' xmlns:xsi='http://www.w3.org/2001/XMLSchema-instance' xmlns:xs='http://www.w3.org/2001/XMLSchema' xmlns:typens='http://www.esri.com/schemas/ArcGIS/10.0'&gt;&lt;WKT&gt;GEOGCS[&amp;quot;GCS_North_American_1983&amp;quot;,DATUM[&amp;quot;D_North_American_1983&amp;quot;,SPHEROID[&amp;quot;GRS_1980&amp;quot;,6378137.0,298.257222101]],PRIMEM[&amp;quot;Greenwich&amp;quot;,0.0],UNIT[&amp;quot;Degree&amp;quot;,0.0174532925199433],AUTHORITY[&amp;quot;EPSG&amp;quot;,4269]]&lt;/WKT&gt;&lt;XOrigin&gt;-399.99999999999989&lt;/XOrigin&gt;&lt;YOrigin&gt;-399.99999999999989&lt;/YOrigin&gt;&lt;XYScale&gt;1111948722.2222221&lt;/XYScale&gt;&lt;ZOrigin&gt;-100000&lt;/ZOrigin&gt;&lt;ZScale&gt;10000&lt;/ZScale&gt;&lt;MOrigin&gt;-100000&lt;/MOrigin&gt;&lt;MScale&gt;10000&lt;/MScale&gt;&lt;XYTolerance&gt;8.9831528411952117e-009&lt;/XYTolerance&gt;&lt;ZTolerance&gt;0.001&lt;/ZTolerance&gt;&lt;MTolerance&gt;0.001&lt;/MTolerance&gt;&lt;HighPrecision&gt;true&lt;/HighPrecision&gt;&lt;LeftLongitude&gt;-180&lt;/LeftLongitude&gt;&lt;WKID&gt;4269&lt;/WKID&gt;&lt;/GeographicCoordinateSystem&gt;</peXml></coordRef></DataProperties><ArcGISFormat>1.0</ArcGISFormat></Esri><idinfo><citation><citeinfo><onlink Sync="TRUE">\\skregisd\NAIS\nais_gis\NADM\DroughtAreas\CANADA\Working\cdm201010_d2_final</onlink><origin>REQUIRED: The name of an organization or individual that developed the data set.</origin><pubdate>REQUIRED: The date when the data set is published or otherwise made available for release.</pubdate><title Sync="TRUE">cdm201009_d2_draft2_Clip</title><ftname Sync="TRUE">cdm201009_d2_draft2_Clip</ftname><geoform Sync="TRUE">vector digital data</geoform></citeinfo></citation><native Sync="TRUE">Microsoft Windows XP Version 5.1 (Build 2600) Service Pack 3; ESRI ArcCatalog 9.3.1.3000</native><descript><langdata Sync="TRUE">en</langdata><abstract>REQUIRED: A brief narrative summary of the data set.</abstract><purpose>REQUIRED: A summary of the intentions with which the data set was developed.</purpose></descript><timeperd><current>REQUIRED: The basis on which the time period of content information is determined.</current><timeinfo><sngdate><caldate>REQUIRED: The year (and optionally month, or month and day) for which the data set corresponds to the ground.</caldate></sngdate></timeinfo></timeperd><status><progress>REQUIRED: The state of the data set.</progress><update>REQUIRED: The frequency with which changes and additions are made to the data set after the initial data set is completed.</update></status><spdom><bounding><westbc Sync="TRUE">REQUIRED: Western-most coordinate of the limit of coverage expressed in longitude.</westbc><eastbc Sync="TRUE">REQUIRED: Eastern-most coordinate of the limit of coverage expressed in longitude.</eastbc><northbc Sync="TRUE">REQUIRED: Northern-most coordinate of the limit of coverage expressed in latitude.</northbc><southbc Sync="TRUE">REQUIRED: Southern-most coordinate of the limit of coverage expressed in latitude.</southbc></bounding></spdom><keywords><theme><themekt>REQUIRED: Reference to a formally registered thesaurus or a similar authoritative source of theme keywords.</themekt><themekey>REQUIRED: Common-use word or phrase used to describe the subject of the data set.</themekey></theme></keywords><accconst>REQUIRED: Restrictions and legal prerequisites for accessing the data set.</accconst><useconst>REQUIRED: Restrictions and legal prerequisites for using the data set after access is granted.</useconst><natvform Sync="TRUE">Shapefile</natvform></idinfo><distInfo><distributor><distorTran><onLineSrc><linkage Sync="TRUE">file://\\skregisd\NAIS\nais_gis\NADM\DroughtAreas\CANADA\Working\cdm201010_d2_final</linkage><protocol Sync="TRUE">Local Area Network</protocol><orDesc Sync="TRUE">002</orDesc></onLineSrc><transSize Sync="TRUE">0.000</transSize></distorTran><distorFormat><formatName Sync="TRUE">Shapefile</formatName></distorFormat></distributor><distFormat><formatName Sync="TRUE">File Geodatabase Feature Class</formatName></distFormat><distTranOps><transSize Sync="TRUE">0.000</transSize></distTranOps></distInfo><dataqual><lineage><procstep><procdesc Sync="TRUE">Dataset moved.</procdesc><srcused Sync="TRUE">N:\nais_gis\NADM\DroughtAreas\CANADA\10\03\cdm201003_D3_lr</srcused><procdate Sync="TRUE">20100406</procdate><proctime Sync="TRUE">14171300</proctime></procstep><procstep><procdesc Sync="TRUE">Dataset copied.</procdesc><srcused Sync="TRUE"></srcused><procdate Sync="TRUE">20100412</procdate><proctime Sync="TRUE">16255600</proctime></procstep><procstep><procdesc Sync="TRUE">Dataset copied.</procdesc><srcused Sync="TRUE">N:\nais_gis\NADM\DroughtAreas\CANADA\10\03\cdm201003_D3_lr_final</srcused><procdate Sync="TRUE">20100412</procdate><proctime Sync="TRUE">16595200</proctime></procstep><procstep><procdesc Sync="TRUE">Dataset moved.</procdesc><srcused Sync="TRUE">N:\nais_gis\NADM\DroughtAreas\CANADA\10\03\Clip\cdm201003_D3_lr_final</srcused><procdate Sync="TRUE">20100413</procdate><proctime Sync="TRUE">13073600</proctime></procstep><procstep><procdesc Sync="TRUE">Dataset copied.</procdesc><srcused Sync="TRUE">N:\nais_gis\NADM\DroughtAreas\CANADA\Working\cdm201003_D3_lr_final</srcused><procdate Sync="TRUE">20100429</procdate><proctime Sync="TRUE">09355000</proctime></procstep><procstep><procdesc Sync="TRUE">Dataset copied.</procdesc><srcused Sync="TRUE"></srcused><procdate Sync="TRUE">20100429</procdate><proctime Sync="TRUE">10451900</proctime></procstep><procstep><procdesc Sync="TRUE">Dataset copied.</procdesc><srcused Sync="TRUE">P:\PROJECTS\NADM\1004\cdm201004_D0_draft1</srcused><procdate Sync="TRUE">20100527</procdate><proctime Sync="TRUE">14153800</proctime></procstep><procstep><procdesc Sync="TRUE">Dataset copied.</procdesc><srcused Sync="TRUE">P:\PROJECTS\NADM\1005\cdm201005_D0_draft1</srcused><procdate Sync="TRUE">20100527</procdate><proctime Sync="TRUE">14155100</proctime></procstep><procstep><procdesc Sync="TRUE">Dataset copied.</procdesc><srcused Sync="TRUE">P:\PROJECTS\NADM\1005\cdm201005_D1_draft1</srcused><procdate Sync="TRUE">20100527</procdate><proctime Sync="TRUE">14160400</proctime></procstep><procstep><procdesc Sync="TRUE">Dataset copied.</procdesc><srcused Sync="TRUE">P:\PROJECTS\NADM\1005\cdm201005_D2_draft1_c</srcused><procdate Sync="TRUE">20100527</procdate><proctime Sync="TRUE">15460200</proctime></procstep><procstep><procdesc Sync="TRUE">Dataset copied.</procdesc><srcused Sync="TRUE">N:\nais_gis\NADM\DroughtAreas\CANADA\Working\cdm201005_D2_draft2_lr</srcused><procdate Sync="TRUE">20100608</procdate><proctime Sync="TRUE">12505900</proctime></procstep><procstep><procdesc Sync="TRUE">Dataset copied.</procdesc><srcused Sync="TRUE">N:\nais_gis\NADM\DroughtAreas\CANADA\Working\cdm201005_D2_draft3_lr</srcused><procdate Sync="TRUE">20100617</procdate><proctime Sync="TRUE">09232700</proctime></procstep><procstep><procdesc Sync="TRUE">Dataset copied.</procdesc><srcused Sync="TRUE">P:\PROJECTS\NADM\1006\cdm201006_D2_draft1</srcused><procdate Sync="TRUE">20100617</procdate><proctime Sync="TRUE">10511900</proctime></procstep><procstep><procdesc Sync="TRUE">Dataset copied.</procdesc><srcused Sync="TRUE"></srcused><procdate Sync="TRUE">20100617</procdate><proctime Sync="TRUE">11441400</proctime></procstep><procstep><procdesc Sync="TRUE">Dataset copied.</procdesc><srcused Sync="TRUE">N:\nais_gis\NADM\DroughtAreas\CANADA\Working\cdm201006_D2_draft1</srcused><procdate Sync="TRUE">20100617</procdate><proctime Sync="TRUE">11522500</proctime></procstep><procstep><procdesc Sync="TRUE">Dataset copied.</procdesc><srcused Sync="TRUE">P:\PROJECTS\NADM\1006\cdm201006_D2_draft1</srcused><procdate Sync="TRUE">20100723</procdate><proctime Sync="TRUE">09322100</proctime></procstep><procstep><procdesc Sync="TRUE">Dataset copied.</procdesc><srcused Sync="TRUE">P:\PROJECTS\NADM\1007\cdm201007_D2_draft1</srcused><procdate Sync="TRUE">20100723</procdate><proctime Sync="TRUE">11232500</proctime></procstep><procstep><procdesc Sync="TRUE">Dataset copied.</procdesc><srcused Sync="TRUE">N:\nais_gis\NADM\DroughtAreas\CANADA\Working\cdm201007_D2_draft1</srcused><procdate Sync="TRUE">20100805</procdate><proctime Sync="TRUE">10104900</proctime></procstep><procstep><procdesc Sync="TRUE">Dataset copied.</procdesc><srcused Sync="TRUE"></srcused><procdate Sync="TRUE">20100826</procdate><proctime Sync="TRUE">15180900</proctime></procstep><procstep><procdesc Sync="TRUE">Dataset copied.</procdesc><srcused Sync="TRUE">P:\PROJECTS\NADM\1008\cdm201008_d2_draft1</srcused><procdate Sync="TRUE">20100826</procdate><proctime Sync="TRUE">16133200</proctime></procstep><procstep><procdesc Sync="TRUE">Dataset copied.</procdesc><srcused Sync="TRUE"></srcused><procdate Sync="TRUE">20100930</procdate><proctime Sync="TRUE">10372100</proctime></procstep><procstep><procdesc Sync="TRUE">Dataset copied.</procdesc><srcused Sync="TRUE"></srcused><procdate Sync="TRUE">20101006</procdate><proctime Sync="TRUE">13282000</proctime></procstep><procstep><procdesc Sync="TRUE">Dataset copied.</procdesc><srcused Sync="TRUE">P:\PROJECTS\NADM\1009\cdm201009_d2_final</srcused><procdate Sync="TRUE">20101028</procdate><proctime Sync="TRUE">13504500</proctime></procstep><procstep><procdesc Sync="TRUE">Dataset copied.</procdesc><srcused Sync="TRUE">P:\PROJECTS\NADM\1010\cdm201010_d2_final</srcused><procdate Sync="TRUE">20101028</procdate><proctime Sync="TRUE">15124300</proctime></procstep></lineage></dataqual><dataIdInfo><envirDesc Sync="TRUE">Microsoft Windows XP Version 5.1 (Build 2600) Service Pack 3; ESRI ArcGIS 10.0.0.2414</envirDesc><dataLang><languageCode Sync="TRUE" value="en" country="US"></languageCode></dataLang><idCitation><resTitle Sync="TRUE">uscan201010_d2_Dissolve</resTitle><presForm><PresFormCd Sync="TRUE" value="005"></PresFormCd></presForm></idCitation><spatRpType><SpatRepTypCd Sync="TRUE" value="001"></SpatRepTypCd></spatRpType><descKeys><thesaName uuidref="723f6998-058e-11dc-8314-0800200c9a66"></thesaName><keyword Sync="TRUE">002</keyword></descKeys></dataIdInfo><metainfo><langmeta Sync="TRUE">en</langmeta><metstdn Sync="TRUE">FGDC Content Standards for Digital Geospatial Metadata</metstdn><metstdv Sync="TRUE">FGDC-STD-001-1998</metstdv><mettc Sync="TRUE">local time</mettc><metc><cntinfo><cntorgp><cntper>REQUIRED: The person responsible for the metadata information.</cntper><cntorg>REQUIRED: The organization responsible for the metadata information.</cntorg></cntorgp><cntaddr><addrtype>REQUIRED: The mailing and/or physical address for the organization or individual.</addrtype><city>REQUIRED: The city of the address.</city><state>REQUIRED: The state or province of the address.</state><postal>REQUIRED: The ZIP or other postal code of the address.</postal></cntaddr><cntvoice>REQUIRED: The telephone number by which individuals can speak to the organization or individual.</cntvoice></cntinfo></metc><metd Sync="TRUE">20101006</metd></metainfo><mdLang><languageCode Sync="TRUE" value="en"></languageCode></mdLang><mdStanName Sync="TRUE">ISO 19115 Geographic Information - Metadata</mdStanName><mdStanVer Sync="TRUE">DIS_ESRI1.0</mdStanVer><mdChar><CharSetCd Sync="TRUE" value="004"></CharSetCd></mdChar><mdHrLv><ScopeCd Sync="TRUE" value="005"></ScopeCd></mdHrLv><mdHrLvName Sync="TRUE">dataset</mdHrLvName><distinfo><resdesc Sync="TRUE">Downloadable Data</resdesc><stdorder><digform><digtinfo><transize Sync="TRUE">0.000</transize><dssize Sync="TRUE">0.000</dssize></digtinfo></digform></stdorder></distinfo><spdoinfo><direct Sync="TRUE">Vector</direct><ptvctinf><esriterm Name="uscan201010_d2_Dissolve"><efeatyp Sync="TRUE">Simple</efeatyp><efeageom Sync="TRUE">4</efeageom><esritopo Sync="TRUE">FALSE</esritopo><efeacnt Sync="TRUE">0</efeacnt><spindex Sync="TRUE">TRUE</spindex><linrefer Sync="TRUE">FALSE</linrefer></esriterm></ptvctinf></spdoinfo><spref><horizsys><cordsysn><geogcsn Sync="TRUE">GCS_North_American_1983</geogcsn></cordsysn><geograph><geogunit Sync="TRUE">Decimal degrees</geogunit><latres Sync="TRUE">0.000000</latres><longres Sync="TRUE">0.000000</longres></geograph><geodetic><horizdn Sync="TRUE">North American Datum of 1983</horizdn><ellips Sync="TRUE">Geodetic Reference System 80</ellips><semiaxis Sync="TRUE">6378137.000000</semiaxis><denflat Sync="TRUE">298.257222</denflat></geodetic></horizsys></spref><refSysInfo><RefSystem><refSysID><identCode Sync="TRUE" code="4269">GCS_North_American_1983</identCode><idCodeSpace Sync="TRUE">EPSG</idCodeSpace><idVersion Sync="TRUE">7.4.1</idVersion></refSysID></RefSystem></refSysInfo><spatRepInfo><VectSpatRep><topLvl><TopoLevCd Sync="TRUE" value="001"></TopoLevCd></topLvl><geometObjs Name="cdm201009_d2_draft2_Clip"><geoObjTyp><GeoObjTypCd Sync="TRUE" value="002"></GeoObjTypCd><geoObjCnt Sync="TRUE">0</geoObjCnt></geoObjTyp><geoObjCnt Sync="TRUE">0</geoObjCnt></geometObjs></VectSpatRep></spatRepInfo><eainfo><detailed Name="uscan201010_d2_Dissolve"><enttyp><enttypl Sync="TRUE">uscan201010_d2_Dissolve</enttypl><enttypt Sync="TRUE">Feature Class</enttypt><enttypc Sync="TRUE">0</enttypc></enttyp><attr><attrlabl Sync="TRUE">OBJECTID</attrlabl><attalias Sync="TRUE">OBJECTID</attalias><attrtype Sync="TRUE">OID</attrtype><attwidth Sync="TRUE">4</attwidth><atprecis Sync="TRUE">0</atprecis><attscale Sync="TRUE">0</attscale><attrdef Sync="TRUE">Internal feature number.</attrdef><attrdefs Sync="TRUE">ESRI</attrdefs><attrdomv><udom Sync="TRUE">Sequential unique whole numbers that are automatically generated.</udom></attrdomv></attr><attr><attrlabl Sync="TRUE">Shape</attrlabl><attalias Sync="TRUE">Shape</attalias><attrtype Sync="TRUE">Geometry</attrtype><attwidth Sync="TRUE">0</attwidth><atprecis Sync="TRUE">0</atprecis><attscale Sync="TRUE">0</attscale><attrdef Sync="TRUE">Feature geometry.</attrdef><attrdefs Sync="TRUE">ESRI</attrdefs><attrdomv><udom Sync="TRUE">Coordinates defining the features.</udom></attrdomv></attr><attr><attrlabl Sync="TRUE">Shape_Length</attrlabl><attalias Sync="TRUE">Shape_Length</attalias><attrtype Sync="TRUE">Double</attrtype><attwidth Sync="TRUE">8</attwidth><atprecis Sync="TRUE">0</atprecis><attscale Sync="TRUE">0</attscale><attrdef Sync="TRUE">Length of feature in internal units.</attrdef><attrdefs Sync="TRUE">ESRI</attrdefs><attrdomv><udom Sync="TRUE">Positive real numbers that are automatically generated.</udom></attrdomv></attr><attr><attrlabl Sync="TRUE">Shape_Area</attrlabl><attalias Sync="TRUE">Shape_Area</attalias><attrtype Sync="TRUE">Double</attrtype><attwidth Sync="TRUE">8</attwidth><atprecis Sync="TRUE">0</atprecis><attscale Sync="TRUE">0</attscale><attrdef Sync="TRUE">Area of feature in internal units squared.</attrdef><attrdefs Sync="TRUE">ESRI</attrdefs><attrdomv><udom Sync="TRUE">Positive real numbers that are automatically generated.</udom></attrdomv></attr></detailed></eainfo><mdDateSt Sync="TRUE">20101109</mdDateSt></metadata>
