<?xml version="1.0" encoding="UTF-8"?>
<metadata xml:lang="es"><Esri><CreaDate>20101110</CreaDate><CreaTime>09194200</CreaTime><SyncOnce>FALSE</SyncOnce><SyncDate>20101110</SyncDate><SyncTime>09092500</SyncTime><ModDate>20101110</ModDate><ModTime>09092500</ModTime><DataProperties><itemProps><itemName Sync="TRUE">uscanmex201010_d0_Dissolve</itemName><imsContentType Sync="TRUE">002</imsContentType><itemSize Sync="TRUE">0.000</itemSize><itemLocation><linkage Sync="TRUE">file://\\LLOVE\C\Documents and Settings\liz.love-brotak\My Documents\ArcGIS\Default.gdb</linkage><protocol Sync="TRUE">Local Area Network</protocol></itemLocation></itemProps><coordRef><type Sync="TRUE">Geographic</type><geogcsn Sync="TRUE">GCS_WGS_1984</geogcsn><peXml Sync="TRUE">&lt;GeographicCoordinateSystem xsi:type='typens:GeographicCoordinateSystem' xmlns:xsi='http://www.w3.org/2001/XMLSchema-instance' xmlns:xs='http://www.w3.org/2001/XMLSchema' xmlns:typens='http://www.esri.com/schemas/ArcGIS/10.0'&gt;&lt;WKT&gt;GEOGCS[&amp;quot;GCS_WGS_1984&amp;quot;,DATUM[&amp;quot;D_WGS_1984&amp;quot;,SPHEROID[&amp;quot;WGS_1984&amp;quot;,6378137.0,298.257223563]],PRIMEM[&amp;quot;Greenwich&amp;quot;,0.0],UNIT[&amp;quot;Degree&amp;quot;,0.0174532925199433],AUTHORITY[&amp;quot;EPSG&amp;quot;,4326]]&lt;/WKT&gt;&lt;XOrigin&gt;-399.99999999999989&lt;/XOrigin&gt;&lt;YOrigin&gt;-399.99999999999989&lt;/YOrigin&gt;&lt;XYScale&gt;1111948722.2222221&lt;/XYScale&gt;&lt;ZOrigin&gt;-100000&lt;/ZOrigin&gt;&lt;ZScale&gt;10000&lt;/ZScale&gt;&lt;MOrigin&gt;-100000&lt;/MOrigin&gt;&lt;MScale&gt;10000&lt;/MScale&gt;&lt;XYTolerance&gt;8.9831528411952133e-009&lt;/XYTolerance&gt;&lt;ZTolerance&gt;0.001&lt;/ZTolerance&gt;&lt;MTolerance&gt;0.001&lt;/MTolerance&gt;&lt;HighPrecision&gt;true&lt;/HighPrecision&gt;&lt;LeftLongitude&gt;-180&lt;/LeftLongitude&gt;&lt;WKID&gt;4326&lt;/WKID&gt;&lt;/GeographicCoordinateSystem&gt;</peXml></coordRef><lineage><Process ToolSource="C:\Program Files\ArcGIS\Desktop10.0\ArcToolbox\Toolboxes\Data Management Tools.tbx\Merge" Date="20101110" Time="090726">Merge mex_1010_d0;uscan201010_d0_Dissolve \\Dc2\Shares\Projects\NADM\MergeFileWorkArea\Oct2010\uscanmex201010_d0.shp "ID "ID" true true false 6 Long 0 6 ,First,#,mex_1010_d0,ID,-1,-1;Shape_Leng "Shape_Length" false true true 8 Double 0 0 ,First,#,uscan201010_d0_Dissolve,Shape_Length,-1,-1;Shape_Area "Shape_Area" false true true 8 Double 0 0 ,First,#,uscan201010_d0_Dissolve,Shape_Area,-1,-1"</Process><Process ToolSource="C:\Program Files\ArcGIS\Desktop10.0\ArcToolbox\Toolboxes\Data Management Tools.tbx\Dissolve" Date="20101110" Time="090926">Dissolve uscanmex201010_d0 "C:\Documents and Settings\liz.love-brotak\My Documents\ArcGIS\Default.gdb\uscanmex201010_d0_Dissolve" # # MULTI_PART DISSOLVE_LINES</Process></lineage></DataProperties><ArcGISFormat>1.0</ArcGISFormat></Esri><idinfo><native Sync="TRUE"> Version 6.0 (Build 6000) ; ESRI ArcCatalog 9.2.4.1420</native><descript><langdata Sync="TRUE">es</langdata><abstract>REQUIRED: A brief narrative summary of the data set.</abstract><purpose>REQUIRED: A summary of the intentions with which the data set was developed.</purpose></descript><citation><citeinfo><origin>REQUIRED: The name of an organization or individual that developed the data set.</origin><pubdate>REQUIRED: The date when the data set is published or otherwise made available for release.</pubdate><title Sync="TRUE">mex_0408_d0</title><ftname Sync="TRUE">mex_0408_d0</ftname><geoform Sync="TRUE">vector digital data</geoform><onlink Sync="TRUE">\\CE0408W176\C$\Users\fromeroc\Desktop\Drought\2010 SEPTIEMBRE\SEPTIEMBRE 2010\mex_0810_d0</onlink></citeinfo></citation><timeperd><current>REQUIRED: The basis on which the time period of content information is determined.</current><timeinfo><sngdate><caldate>REQUIRED: The year (and optionally month, or month and day) for which the data set corresponds to the ground.</caldate></sngdate></timeinfo></timeperd><status><progress>REQUIRED: The state of the data set.</progress><update>REQUIRED: The frequency with which changes and additions are made to the data set after the initial data set is completed.</update></status><spdom><bounding><westbc Sync="TRUE">-118.844121</westbc><eastbc Sync="TRUE">-86.009732</eastbc><northbc Sync="TRUE">33.366387</northbc><southbc Sync="TRUE">15.769052</southbc></bounding><lboundng><leftbc Sync="TRUE">-118.844121</leftbc><rightbc Sync="TRUE">-86.009732</rightbc><bottombc Sync="TRUE">15.769052</bottombc><topbc Sync="TRUE">33.366387</topbc></lboundng></spdom><keywords><theme><themekt>REQUIRED: Reference to a formally registered thesaurus or a similar authoritative source of theme keywords.</themekt><themekey>REQUIRED: Common-use word or phrase used to describe the subject of the data set.</themekey></theme></keywords><accconst>REQUIRED: Restrictions and legal prerequisites for accessing the data set.</accconst><useconst>REQUIRED: Restrictions and legal prerequisites for using the data set after access is granted.</useconst><natvform Sync="TRUE">Shapefile</natvform></idinfo><dataIdInfo><envirDesc Sync="TRUE">Microsoft Windows XP Version 5.1 (Build 2600) Service Pack 3; ESRI ArcGIS 10.0.0.2414</envirDesc><dataLang><languageCode Sync="TRUE" value="en" country="US"></languageCode></dataLang><idCitation><resTitle Sync="TRUE">uscanmex201010_d0_Dissolve</resTitle><presForm><PresFormCd Sync="TRUE" value="005"></PresFormCd></presForm></idCitation><spatRpType><SpatRepTypCd Sync="TRUE" value="001"></SpatRepTypCd></spatRpType><dataExt><geoEle><GeoBndBox esriExtentType="native"><westBL Sync="TRUE">-118.844121</westBL><eastBL Sync="TRUE">-86.009732</eastBL><northBL Sync="TRUE">33.366387</northBL><southBL Sync="TRUE">15.769052</southBL><exTypeCode Sync="TRUE">1</exTypeCode></GeoBndBox></geoEle></dataExt><geoBox esriExtentType="decdegrees"><westBL Sync="TRUE">-118.844121</westBL><eastBL Sync="TRUE">-86.009732</eastBL><northBL Sync="TRUE">33.366387</northBL><southBL Sync="TRUE">15.769052</southBL><exTypeCode Sync="TRUE">1</exTypeCode></geoBox><descKeys><thesaName uuidref="723f6998-058e-11dc-8314-0800200c9a66"></thesaName><keyword Sync="TRUE">002</keyword></descKeys></dataIdInfo><metainfo><langmeta Sync="TRUE">es</langmeta><metstdn Sync="TRUE">FGDC Content Standards for Digital Geospatial Metadata</metstdn><metstdv Sync="TRUE">FGDC-STD-001-1998</metstdv><mettc Sync="TRUE">local time</mettc><metc><cntinfo><cntorgp><cntper>REQUIRED: The person responsible for the metadata information.</cntper><cntorg>REQUIRED: The organization responsible for the metadata information.</cntorg></cntorgp><cntaddr><addrtype>REQUIRED: The mailing and/or physical address for the organization or individual.</addrtype><city>REQUIRED: The city of the address.</city><state>REQUIRED: The state or province of the address.</state><postal>REQUIRED: The ZIP or other postal code of the address.</postal></cntaddr><cntvoice>REQUIRED: The telephone number by which individuals can speak to the organization or individual.</cntvoice></cntinfo></metc><metd Sync="TRUE">20080613</metd></metainfo><mdLang><languageCode Sync="TRUE" value="en"></languageCode></mdLang><mdStanName Sync="TRUE">ISO 19115 Geographic Information - Metadata</mdStanName><mdStanVer Sync="TRUE">DIS_ESRI1.0</mdStanVer><mdChar><CharSetCd Sync="TRUE" value="004"></CharSetCd></mdChar><mdHrLv><ScopeCd Sync="TRUE" value="005"></ScopeCd></mdHrLv><mdHrLvName Sync="TRUE">dataset</mdHrLvName><distinfo><resdesc Sync="TRUE">Downloadable Data</resdesc><stdorder><digform><digtinfo><transize Sync="TRUE">0.002</transize><dssize Sync="TRUE">0.002</dssize></digtinfo></digform></stdorder></distinfo><distInfo><distributor><distorTran><onLineSrc><orDesc Sync="TRUE">002</orDesc><linkage Sync="TRUE">file://\\CE0408W176\C$\Users\fromeroc\Desktop\Drought\2010 SEPTIEMBRE\SEPTIEMBRE 2010\mex_0810_d0</linkage><protocol Sync="TRUE">Local Area Network</protocol></onLineSrc><transSize Sync="TRUE">0.002</transSize></distorTran><distorFormat><formatName Sync="TRUE">Shapefile</formatName></distorFormat></distributor><distFormat><formatName Sync="TRUE">File Geodatabase Feature Class</formatName></distFormat><distTranOps><transSize Sync="TRUE">0.000</transSize></distTranOps></distInfo><spdoinfo><direct Sync="TRUE">Vector</direct><ptvctinf><esriterm Name="uscanmex201010_d0_Dissolve"><efeatyp Sync="TRUE">Simple</efeatyp><efeageom Sync="TRUE">4</efeageom><esritopo Sync="TRUE">FALSE</esritopo><efeacnt Sync="TRUE">0</efeacnt><spindex Sync="TRUE">TRUE</spindex><linrefer Sync="TRUE">FALSE</linrefer></esriterm></ptvctinf></spdoinfo><spref><horizsys><cordsysn><geogcsn Sync="TRUE">GCS_North_American_1983</geogcsn></cordsysn><geograph><geogunit Sync="TRUE">Decimal degrees</geogunit><latres Sync="TRUE">0.000000</latres><longres Sync="TRUE">0.000000</longres></geograph><geodetic><horizdn Sync="TRUE">North American Datum of 1983</horizdn><ellips Sync="TRUE">Geodetic Reference System 80</ellips><semiaxis Sync="TRUE">6378137.000000</semiaxis><denflat Sync="TRUE">298.257222</denflat></geodetic></horizsys></spref><refSysInfo><RefSystem><refSysID><identCode Sync="TRUE" code="4326">GCS_North_American_1983</identCode><idCodeSpace Sync="TRUE">EPSG</idCodeSpace><idVersion Sync="TRUE">7.4.1</idVersion></refSysID></RefSystem></refSysInfo><spatRepInfo><VectSpatRep><topLvl><TopoLevCd Sync="TRUE" value="001"></TopoLevCd></topLvl><geometObjs Name="mex_0408_d0"><geoObjTyp><GeoObjTypCd Sync="TRUE" value="002"></GeoObjTypCd><geoObjCnt Sync="TRUE">0</geoObjCnt></geoObjTyp><geoObjCnt Sync="TRUE">1</geoObjCnt></geometObjs></VectSpatRep></spatRepInfo><eainfo><detailed Name="uscanmex201010_d0_Dissolve"><enttyp><enttypl Sync="TRUE">uscanmex201010_d0_Dissolve</enttypl><enttypt Sync="TRUE">Feature Class</enttypt><enttypc Sync="TRUE">0</enttypc></enttyp><attr><attrlabl Sync="TRUE">OBJECTID</attrlabl><attalias Sync="TRUE">OBJECTID</attalias><attrtype Sync="TRUE">OID</attrtype><attwidth Sync="TRUE">4</attwidth><atprecis Sync="TRUE">0</atprecis><attscale Sync="TRUE">0</attscale><attrdef Sync="TRUE">Internal feature number.</attrdef><attrdefs Sync="TRUE">ESRI</attrdefs><attrdomv><udom Sync="TRUE">Sequential unique whole numbers that are automatically generated.</udom></attrdomv></attr><attr><attrlabl Sync="TRUE">Shape</attrlabl><attalias Sync="TRUE">Shape</attalias><attrtype Sync="TRUE">Geometry</attrtype><attwidth Sync="TRUE">0</attwidth><atprecis Sync="TRUE">0</atprecis><attscale Sync="TRUE">0</attscale><attrdef Sync="TRUE">Feature geometry.</attrdef><attrdefs Sync="TRUE">ESRI</attrdefs><attrdomv><udom Sync="TRUE">Coordinates defining the features.</udom></attrdomv></attr><attr><attrlabl Sync="TRUE">Shape_Length</attrlabl><attalias Sync="TRUE">Shape_Length</attalias><attrtype Sync="TRUE">Double</attrtype><attwidth Sync="TRUE">8</attwidth><atprecis Sync="TRUE">0</atprecis><attscale Sync="TRUE">0</attscale><attrdef Sync="TRUE">Length of feature in internal units.</attrdef><attrdefs Sync="TRUE">ESRI</attrdefs><attrdomv><udom Sync="TRUE">Positive real numbers that are automatically generated.</udom></attrdomv></attr><attr><attrlabl Sync="TRUE">Shape_Area</attrlabl><attalias Sync="TRUE">Shape_Area</attalias><attrtype Sync="TRUE">Double</attrtype><attwidth Sync="TRUE">8</attwidth><atprecis Sync="TRUE">0</atprecis><attscale Sync="TRUE">0</attscale><attrdef Sync="TRUE">Area of feature in internal units squared.</attrdef><attrdefs Sync="TRUE">ESRI</attrdefs><attrdomv><udom Sync="TRUE">Positive real numbers that are automatically generated.</udom></attrdomv></attr></detailed></eainfo><mdDateSt Sync="TRUE">20101110</mdDateSt><dataqual><lineage><procstep><procdesc Sync="TRUE">Dataset copied.</procdesc><srcused Sync="TRUE">C:\NADM training\Mexico_Abril08\mex_0408_d0</srcused><date Sync="TRUE">20080613</date><time Sync="TRUE">13531000</time></procstep><procstep><procdesc Sync="TRUE">Dataset moved.</procdesc><srcused Sync="TRUE">C:\NADM\Mexico_Junio08\Mex_Junio08\mex_0608_d0</srcused><date Sync="TRUE">20080818</date><time Sync="TRUE">16100700</time></procstep><procstep><procdesc Sync="TRUE">Dataset moved.</procdesc><srcused Sync="TRUE">C:\NADM\Mexico_Julio08\mex_0608_d0</srcused><date Sync="TRUE">20080818</date><time Sync="TRUE">16102000</time></procstep><procstep><procdesc Sync="TRUE">Dataset copied.</procdesc><srcused Sync="TRUE">C:\NADM\Mexico_Junio08\Mex_Junio08\mex_0608_d0</srcused><date Sync="TRUE">20080818</date><time Sync="TRUE">16102800</time></procstep><procstep><procdesc Sync="TRUE">Dataset copied.</procdesc><srcused Sync="TRUE">C:\NADM\Mexico_Julio08\Mexico_Julio08\mex_0708_d0</srcused><date Sync="TRUE">20080911</date><time Sync="TRUE">18044500</time></procstep><procstep><procdesc Sync="TRUE">Dataset moved.</procdesc><srcused Sync="TRUE">C:\NADM\Mexico_Agosto08\mex_0808_d0</srcused><date Sync="TRUE">20081015</date><time Sync="TRUE">07210000</time></procstep><procstep><procdesc Sync="TRUE">Dataset copied.</procdesc><srcused Sync="TRUE">C:\NADM\Mexico_September08\mex_0908_d0</srcused><date Sync="TRUE">20081210</date><time Sync="TRUE">19154200</time></procstep><procstep><procdesc Sync="TRUE">Dataset copied.</procdesc><srcused Sync="TRUE">C:\NADM\Noviembre_2008\mex_1108_d0</srcused><date Sync="TRUE">20090115</date><time Sync="TRUE">15511800</time></procstep><procstep><procdesc Sync="TRUE">Dataset copied.</procdesc><srcused Sync="TRUE">C:\NADM\Diciembre_2008\mex_1208_d0</srcused><date Sync="TRUE">20090211</date><time Sync="TRUE">10133400</time></procstep><procstep><procdesc Sync="TRUE">Dataset copied.</procdesc><srcused Sync="TRUE">C:\NADM\MARZO 2009\mex_0309_d0</srcused><date Sync="TRUE">20090513</date><time Sync="TRUE">15563400</time></procstep><procstep><procdesc Sync="TRUE">Dataset copied.</procdesc><srcused Sync="TRUE">C:\NADM\ABRIL 2009\mex_0409_d0</srcused><date Sync="TRUE">20090615</date><time Sync="TRUE">13134700</time></procstep><procstep><procdesc Sync="TRUE">Dataset copied.</procdesc><srcused Sync="TRUE">C:\NADM\MAYO_2009\mex_0509_d0</srcused><date Sync="TRUE">20090715</date><time Sync="TRUE">13142500</time></procstep><procstep><procdesc Sync="TRUE">Dataset moved.</procdesc><srcused Sync="TRUE">C:\NADM\JULIO_2009\mex_0709_d0</srcused><date Sync="TRUE">20090915</date><time Sync="TRUE">18252400</time></procstep><procstep><procdesc Sync="TRUE">Dataset moved.</procdesc><srcused Sync="TRUE">C:\NADM\AGOSTO_2009\mex_0709_d0</srcused><date Sync="TRUE">20090915</date><time Sync="TRUE">18253600</time></procstep><procstep><procdesc Sync="TRUE">Dataset copied.</procdesc><srcused Sync="TRUE">C:\NADM\JULIO_2009\mex_0709_d0</srcused><date Sync="TRUE">20090915</date><time Sync="TRUE">18254800</time></procstep><procstep><procdesc Sync="TRUE">Dataset copied.</procdesc><srcused Sync="TRUE">C:\NADM\AGOSTO_2009\mex_0809_d0</srcused><date Sync="TRUE">20091012</date><time Sync="TRUE">14133300</time></procstep><procstep><procdesc Sync="TRUE">Dataset copied.</procdesc><srcused Sync="TRUE">C:\Users\fromeroc\Desktop\Drought\2009 Septiembre\Septiembre 2009\mex_0909_d0</srcused><date Sync="TRUE">20091109</date><time Sync="TRUE">18200300</time></procstep><procstep><procdesc Sync="TRUE">Dataset copied.</procdesc><srcused Sync="TRUE">C:\Users\fromeroc\Desktop\Drought\2009 NOVIEMBRE\Noviembre2009\mex_1109_d0</srcused><date Sync="TRUE">20100114</date><time Sync="TRUE">20294800</time></procstep><procstep><procdesc Sync="TRUE">Dataset copied.</procdesc><srcused Sync="TRUE">C:\Users\fromeroc\Desktop\Drought\2010 FEBRERO\FEB2010\mex_0210_d0</srcused><date Sync="TRUE">20100414</date><time Sync="TRUE">17550800</time></procstep><procstep><procdesc Sync="TRUE">Dataset copied.</procdesc><srcused Sync="TRUE">C:\Users\fromeroc\Desktop\Drought\2010 MARZO\MAR2010\mex_0310_d0</srcused><date Sync="TRUE">20100511</date><time Sync="TRUE">09232500</time></procstep><procstep><procdesc Sync="TRUE">Dataset moved.</procdesc><srcused Sync="TRUE">C:\Users\fromeroc\Desktop\Drought\2010 ABRIL\mex_0310_d0</srcused><date Sync="TRUE">20100511</date><time Sync="TRUE">09252500</time></procstep><procstep><procdesc Sync="TRUE">Dataset copied.</procdesc><srcused Sync="TRUE">C:\Users\fromeroc\Desktop\Drought\2010 ABRIL\ABR2010\mex_0410_d0</srcused><date Sync="TRUE">20100609</date><time Sync="TRUE">16351100</time></procstep><procstep><procdesc Sync="TRUE">Dataset copied.</procdesc><srcused Sync="TRUE">C:\Users\fromeroc\Desktop\Drought\2010 MAYO\MAY2010\mex_0510_d0</srcused><date Sync="TRUE">20100611</date><time Sync="TRUE">18124800</time></procstep><procstep><procdesc Sync="TRUE">Dataset copied.</procdesc><srcused Sync="TRUE">C:\Users\fromeroc\Desktop\Drought\2010 JUNIO\2010JUN\mex_0610_d0</srcused><date Sync="TRUE">20100811</date><time Sync="TRUE">11205200</time></procstep><procstep><procdesc Sync="TRUE">Dataset copied.</procdesc><srcused Sync="TRUE">C:\Users\fromeroc\Desktop\Drought\2010 JULIO\JULIO2010\mex_0710_d0</srcused><date Sync="TRUE">20100914</date><time Sync="TRUE">14284300</time></procstep><procstep><procdesc Sync="TRUE">Dataset copied.</procdesc><srcused Sync="TRUE">C:\Users\fromeroc\Desktop\Drought\2010 AGOSTO\AGOSTO 2010\mex_0810_d0</srcused><date Sync="TRUE">20101011</date><time Sync="TRUE">18430000</time></procstep></lineage></dataqual></metadata>
