<?xml version="1.0" encoding="UTF-8"?>
<metadata xml:lang="en"><Esri><CreaDate>20140408</CreaDate><CreaTime>16160700</CreaTime><SyncOnce>FALSE</SyncOnce><DataProperties><lineage><Process Name="Add Field" ToolSource="C:\Program Files (x86)\ArcGIS\Desktop10.0\ArcToolbox\Toolboxes\Data Management Tools.tbx\AddField" Date="20140320" Time="171031">AddField \\aguilar\PROJECTS\NAIS_GIS\NADM\DroughtAreas\NADM\14\02\nadm_d1.shp DM LONG # # # # NON_NULLABLE NON_REQUIRED #</Process><Process Name="Calculate Field" ToolSource="C:\Program Files (x86)\ArcGIS\Desktop10.0\ArcToolbox\Toolboxes\Data Management Tools.tbx\CalculateField" Date="20140320" Time="171031">CalculateField \\aguilar\PROJECTS\NAIS_GIS\NADM\DroughtAreas\NADM\14\02\nadm_d1.shp DM 1 VB #</Process><Process Name="Delete Field" ToolSource="C:\Program Files (x86)\ArcGIS\Desktop10.0\ArcToolbox\Toolboxes\Data Management Tools.tbx\DeleteField" Date="20140320" Time="171032">DeleteField \\aguilar\PROJECTS\NAIS_GIS\NADM\DroughtAreas\NADM\14\02\nadm_d1.shp AREA;CODE;NAME;POP1991;POP91_SQMI;SOURCETHM;PERIMETER;ACRES;CLASS</Process><Process Name="Clip" ToolSource="C:\Program Files (x86)\ArcGIS\Desktop10.0\ArcToolbox\Toolboxes\Analysis Tools.tbx\Clip" Date="20140320" Time="171033">Clip \\aguilar\PROJECTS\NAIS_GIS\NADM\DroughtAreas\NADM\14\02\nadm_d1.shp \\aguilar\PROJECTS\NAIS_GIS\NADM\StaticShapefiles\cdm-admin.mdb\ca_bndy_lakes_north_removed \\aguilar\PROJECTS\NAIS_GIS\NADM\DroughtAreas\CANADA\Working\CDM_Clip.shp #</Process><Process Name="Dissolve" ToolSource="C:\Program Files (x86)\ArcGIS\Desktop10.0\ArcToolbox\Toolboxes\Data Management Tools.tbx\Dissolve" Date="20140320" Time="171034">Dissolve \\aguilar\PROJECTS\NAIS_GIS\NADM\DroughtAreas\CANADA\Working\CDM_Clip.shp "\\aguilar\PROJECTS\NAIS_GIS\NADM\DroughtAreas\CANADA\Working\CDM Dissolves\CDM201402_D1_dsv.shp" DM # MULTI_PART DISSOLVE_LINES</Process><Process Name="Add Field" ToolSource="C:\Program Files (x86)\ArcGIS\Desktop10.0\ArcToolbox\Toolboxes\Data Management Tools.tbx\AddField" Date="20140326" Time="180941">AddField \\aguilar\PROJECTS\NAIS_GIS\NADM\DroughtAreas\CANADA\14\03\CDM201403_D1.shp DM LONG # # # # NON_NULLABLE NON_REQUIRED #</Process><Process Name="Calculate Field" ToolSource="C:\Program Files (x86)\ArcGIS\Desktop10.0\ArcToolbox\Toolboxes\Data Management Tools.tbx\CalculateField" Date="20140326" Time="180941">CalculateField \\aguilar\PROJECTS\NAIS_GIS\NADM\DroughtAreas\CANADA\14\03\CDM201403_D1.shp DM 1 VB #</Process><Process Name="Delete Field" ToolSource="C:\Program Files (x86)\ArcGIS\Desktop10.0\ArcToolbox\Toolboxes\Data Management Tools.tbx\DeleteField" Date="20140326" Time="180941">DeleteField \\aguilar\PROJECTS\NAIS_GIS\NADM\DroughtAreas\CANADA\14\03\CDM201403_D1.shp AREA;CODE;NAME;POP1991;POP91_SQMI;SOURCETHM;PERIMETER;ACRES;CLASS</Process><Process Name="Clip" ToolSource="C:\Program Files (x86)\ArcGIS\Desktop10.0\ArcToolbox\Toolboxes\Analysis Tools.tbx\Clip" Date="20140326" Time="180942">Clip \\aguilar\PROJECTS\NAIS_GIS\NADM\DroughtAreas\CANADA\14\03\CDM201403_D1.shp \\aguilar\PROJECTS\NAIS_GIS\NADM\StaticShapefiles\cdm-admin.mdb\ca_bndy_lakes_north_removed \\aguilar\PROJECTS\NAIS_GIS\NADM\DroughtAreas\CANADA\Working\CDM_Clip.shp #</Process><Process Name="Dissolve" ToolSource="C:\Program Files (x86)\ArcGIS\Desktop10.0\ArcToolbox\Toolboxes\Data Management Tools.tbx\Dissolve" Date="20140326" Time="180944">Dissolve \\aguilar\PROJECTS\NAIS_GIS\NADM\DroughtAreas\CANADA\Working\CDM_Clip.shp "\\aguilar\PROJECTS\NAIS_GIS\NADM\DroughtAreas\CANADA\Working\CDM Dissolves\CDM201403_D1_dsv.shp" DM # MULTI_PART DISSOLVE_LINES</Process><Process ToolSource="c:\program files (x86)\arcgis\desktop10.0\ArcToolbox\Toolboxes\Data Management Tools.tbx\DefineProjection" Date="20140326" Time="182105">DefineProjection \\aguilar\PROJECTS\NAIS_GIS\NADM\DroughtAreas\CANADA\14\03\CDM201403_D1_dsv.shp GEOGCS['GCS_North_American_1983',DATUM['D_North_American_1983',SPHEROID['GRS_1980',6378137.0,298.257222101]],PRIMEM['Greenwich',0.0],UNIT['Degree',0.0174532925199433]]</Process><Process ToolSource="C:\Program Files (x86)\ArcGIS\Desktop10.0\ArcToolbox\Toolboxes\Data Management Tools.tbx\Merge" Date="20140409" Time="170853">Merge CDM201403_D2;mexseq_201403_d2;Drought_Areas_US_D2_Clip "C:\MONITOR_DE_SEQUIA\Sequia Mexico-NADM\201403NADM\Para los tres paises\nadm_d2.shp" "DM "DM" true true false 9 Long 0 9 ,First,#,CDM201403_D2,DM,-1,-1,Drought_Areas_US_D2_Clip,DM,-1,-1;ID "ID" true true false 6 Long 0 6 ,First,#,mexseq_201403_d2,ID,-1,-1;AREA "AREA" true true false 19 Double 0 0 ,First,#,mexseq_201403_d2,AREA,-1,-1;OBJECTID "OBJECTID" true true false 4 Long 0 0 ,First,#,Drought_Areas_US_D2_Clip,OBJECTID,-1,-1"</Process></lineage><itemProps><itemName Sync="TRUE">nadm_d2</itemName><imsContentType Sync="TRUE">002</imsContentType><itemSize Sync="TRUE">0.000</itemSize><itemLocation><linkage Sync="TRUE">file://\\CE0408W432\MONITOR_DE_SEQUIA\Sequia Mexico-NADM\201403NADM\Para los tres paises\nadm_d2.shp</linkage><protocol Sync="TRUE">Local Area Network</protocol></itemLocation></itemProps><coordRef><type Sync="TRUE">Geographic</type><geogcsn Sync="TRUE">GCS_North_American_1983</geogcsn><csUnits Sync="TRUE">Angular Unit: Degree (0.017453)</csUnits><peXml Sync="TRUE">&lt;GeographicCoordinateSystem xsi:type='typens:GeographicCoordinateSystem' xmlns:xsi='http://www.w3.org/2001/XMLSchema-instance' xmlns:xs='http://www.w3.org/2001/XMLSchema' xmlns:typens='http://www.esri.com/schemas/ArcGIS/10.0'&gt;&lt;WKT&gt;GEOGCS[&amp;quot;GCS_North_American_1983&amp;quot;,DATUM[&amp;quot;D_North_American_1983&amp;quot;,SPHEROID[&amp;quot;GRS_1980&amp;quot;,6378137.0,298.257222101]],PRIMEM[&amp;quot;Greenwich&amp;quot;,0.0],UNIT[&amp;quot;Degree&amp;quot;,0.0174532925199433],AUTHORITY[&amp;quot;EPSG&amp;quot;,4269]]&lt;/WKT&gt;&lt;XOrigin&gt;-400&lt;/XOrigin&gt;&lt;YOrigin&gt;-400&lt;/YOrigin&gt;&lt;XYScale&gt;11258999068426.238&lt;/XYScale&gt;&lt;ZOrigin&gt;-100000&lt;/ZOrigin&gt;&lt;ZScale&gt;10000&lt;/ZScale&gt;&lt;MOrigin&gt;-100000&lt;/MOrigin&gt;&lt;MScale&gt;10000&lt;/MScale&gt;&lt;XYTolerance&gt;8.9831528411952133e-009&lt;/XYTolerance&gt;&lt;ZTolerance&gt;0.001&lt;/ZTolerance&gt;&lt;MTolerance&gt;0.001&lt;/MTolerance&gt;&lt;HighPrecision&gt;true&lt;/HighPrecision&gt;&lt;LeftLongitude&gt;-180&lt;/LeftLongitude&gt;&lt;WKID&gt;4269&lt;/WKID&gt;&lt;/GeographicCoordinateSystem&gt;</peXml></coordRef><copyHistory><copy source="\\aguilar\PROJECTS\NAIS_GIS\NADM\DroughtAreas\CANADA\Working\CDM Dissolves\CDM201403_D1_dsv" dest="\\aguilar\PROJECTS\NAIS_GIS\NADM\DroughtAreas\CANADA\14\03\CDM201403_D1_dsv" date="20140326" time="18103100"></copy></copyHistory></DataProperties><SyncDate>20140409</SyncDate><SyncTime>17085300</SyncTime><ModDate>20140409</ModDate><ModTime>17085300</ModTime><ArcGISFormat>1.0</ArcGISFormat></Esri><dataIdInfo><envirDesc Sync="TRUE">Microsoft Windows Server 2008 R2 Version 6.1 (Build 7601) Service Pack 1; ESRI ArcGIS 10.0.0.2414</envirDesc><dataLang><languageCode value="spa" Sync="TRUE" country="MEX"></languageCode><countryCode value="USA" Sync="TRUE"></countryCode></dataLang><idCitation><resTitle Sync="TRUE">nadm_d2</resTitle><presForm><PresFormCd value="005" Sync="TRUE"></PresFormCd></presForm></idCitation><spatRpType><SpatRepTypCd value="001" Sync="TRUE"></SpatRepTypCd></spatRpType><descKeys><thesaName uuidref="723f6998-058e-11dc-8314-0800200c9a66"></thesaName><keyword Sync="TRUE">002</keyword></descKeys></dataIdInfo><mdLang><languageCode value="spa" Sync="TRUE"></languageCode><countryCode value="USA" Sync="TRUE"></countryCode></mdLang><mdChar><CharSetCd value="004" Sync="TRUE"></CharSetCd></mdChar><distInfo><distFormat><formatName Sync="TRUE">Shapefile</formatName></distFormat><distTranOps><transSize Sync="TRUE">0.000</transSize></distTranOps></distInfo><mdHrLv><ScopeCd value="005" Sync="TRUE"></ScopeCd></mdHrLv><mdHrLvName Sync="TRUE">dataset</mdHrLvName><refSysInfo><RefSystem><refSysID><identCode code="4269" Sync="TRUE" value="4326"></identCode><idCodeSpace Sync="TRUE">EPSG</idCodeSpace><idVersion Sync="TRUE">7.4.1</idVersion></refSysID></RefSystem></refSysInfo><spatRepInfo><VectSpatRep><geometObjs Name="CDM201403_D1_dsv"><geoObjTyp><GeoObjTypCd value="002" Sync="TRUE"></GeoObjTypCd><geoObjCnt Sync="TRUE">0</geoObjCnt></geoObjTyp><geoObjCnt Sync="TRUE">0</geoObjCnt></geometObjs><topLvl><TopoLevCd value="001" Sync="TRUE"></TopoLevCd></topLvl></VectSpatRep></spatRepInfo><spdoinfo><ptvctinf><esriterm Name="nadm_d2"><efeatyp Sync="TRUE">Simple</efeatyp><efeageom Sync="TRUE">4</efeageom><esritopo Sync="TRUE">FALSE</esritopo><efeacnt Sync="TRUE">0</efeacnt><spindex Sync="TRUE">FALSE</spindex><linrefer Sync="TRUE">FALSE</linrefer></esriterm></ptvctinf></spdoinfo><eainfo><detailed Name="nadm_d2"><enttyp><enttypl Sync="TRUE">nadm_d2</enttypl><enttypt Sync="TRUE">Feature Class</enttypt><enttypc Sync="TRUE">0</enttypc></enttyp><attr><attrlabl Sync="TRUE">FID</attrlabl><attalias Sync="TRUE">FID</attalias><attrtype Sync="TRUE">OID</attrtype><attwidth Sync="TRUE">4</attwidth><atprecis Sync="TRUE">0</atprecis><attscale Sync="TRUE">0</attscale><attrdef Sync="TRUE">Internal feature number.</attrdef><attrdefs Sync="TRUE">ESRI</attrdefs><attrdomv><udom Sync="TRUE">Sequential unique whole numbers that are automatically generated.</udom></attrdomv></attr><attr><attrlabl Sync="TRUE">Shape</attrlabl><attalias Sync="TRUE">Shape</attalias><attrtype Sync="TRUE">Geometry</attrtype><attwidth Sync="TRUE">0</attwidth><atprecis Sync="TRUE">0</atprecis><attscale Sync="TRUE">0</attscale><attrdef Sync="TRUE">Feature geometry.</attrdef><attrdefs Sync="TRUE">ESRI</attrdefs><attrdomv><udom Sync="TRUE">Coordinates defining the features.</udom></attrdomv></attr><attr><attrlabl Sync="TRUE">DM</attrlabl><attalias Sync="TRUE">DM</attalias><attrtype Sync="TRUE">Integer</attrtype><attwidth Sync="TRUE">9</attwidth><atprecis Sync="TRUE">9</atprecis><attscale Sync="TRUE">0</attscale></attr><attr><attrlabl Sync="TRUE">ID</attrlabl><attalias Sync="TRUE">ID</attalias><attrtype Sync="TRUE">Integer</attrtype><attwidth Sync="TRUE">6</attwidth><atprecis Sync="TRUE">6</atprecis><attscale Sync="TRUE">0</attscale></attr><attr><attrlabl Sync="TRUE">AREA</attrlabl><attalias Sync="TRUE">AREA</attalias><attrtype Sync="TRUE">Double</attrtype><attwidth Sync="TRUE">19</attwidth><atprecis Sync="TRUE">0</atprecis><attscale Sync="TRUE">0</attscale></attr><attr><attrlabl Sync="TRUE">OBJECTID</attrlabl><attalias Sync="TRUE">OBJECTID</attalias><attrtype Sync="TRUE">Integer</attrtype><attwidth Sync="TRUE">9</attwidth><atprecis Sync="TRUE">9</atprecis><attscale Sync="TRUE">0</attscale></attr></detailed></eainfo><mdDateSt Sync="TRUE">20140409</mdDateSt></metadata>
