<metadata xml:lang="en"><Esri><CreaDate>20091209</CreaDate><CreaTime>14085000</CreaTime><SyncOnce>FALSE</SyncOnce><MetaID>{C275552A-F555-465A-AEE9-8CF28F0D26C8}</MetaID><SyncDate>20140409</SyncDate><SyncTime>11323800</SyncTime><ModDate>20140409</ModDate><ModTime>11323800</ModTime><DataProperties><itemProps><itemName Sync="TRUE">nadm_types_201403b</itemName><imsContentType Sync="TRUE">002</imsContentType><itemLocation><linkage Sync="TRUE">file://\\CE0408W432\MONITOR_DE_SEQUIA\Sequia Mexico-NADM\201403NADM\Para los tres paises\nadm_types_201403b.shp</linkage><protocol Sync="TRUE">Local Area Network</protocol></itemLocation><itemSize Sync="TRUE">0.000</itemSize></itemProps><coordRef><type Sync="TRUE">Projected</type><geogcsn Sync="TRUE">GCS_North_American_1983</geogcsn><csUnits Sync="TRUE">Linear Unit: Meter (1.000000)</csUnits><projcsn Sync="TRUE">USA_Contiguous_Albers_Equal_Area_Conic</projcsn><peXml Sync="TRUE">&lt;ProjectedCoordinateSystem xsi:type='typens:ProjectedCoordinateSystem' xmlns:xsi='http://www.w3.org/2001/XMLSchema-instance' xmlns:xs='http://www.w3.org/2001/XMLSchema' xmlns:typens='http://www.esri.com/schemas/ArcGIS/10.0'&gt;&lt;WKT&gt;PROJCS[&amp;quot;USA_Contiguous_Albers_Equal_Area_Conic&amp;quot;,GEOGCS[&amp;quot;GCS_North_American_1983&amp;quot;,DATUM[&amp;quot;D_North_American_1983&amp;quot;,SPHEROID[&amp;quot;GRS_1980&amp;quot;,6378137.0,298.257222101]],PRIMEM[&amp;quot;Greenwich&amp;quot;,0.0],UNIT[&amp;quot;Degree&amp;quot;,0.0174532925199433]],PROJECTION[&amp;quot;Albers&amp;quot;],PARAMETER[&amp;quot;False_Easting&amp;quot;,0.0],PARAMETER[&amp;quot;False_Northing&amp;quot;,0.0],PARAMETER[&amp;quot;central_meridian&amp;quot;,-96.0],PARAMETER[&amp;quot;Standard_Parallel_1&amp;quot;,29.5],PARAMETER[&amp;quot;Standard_Parallel_2&amp;quot;,45.5],PARAMETER[&amp;quot;latitude_of_origin&amp;quot;,37.5],UNIT[&amp;quot;Meter&amp;quot;,1.0],AUTHORITY[&amp;quot;ESRI&amp;quot;,102003]]&lt;/WKT&gt;&lt;XOrigin&gt;-16901100&lt;/XOrigin&gt;&lt;YOrigin&gt;-8579000&lt;/YOrigin&gt;&lt;XYScale&gt;266467840.99085236&lt;/XYScale&gt;&lt;ZOrigin&gt;-100000&lt;/ZOrigin&gt;&lt;ZScale&gt;10000&lt;/ZScale&gt;&lt;MOrigin&gt;-100000&lt;/MOrigin&gt;&lt;MScale&gt;10000&lt;/MScale&gt;&lt;XYTolerance&gt;0.001&lt;/XYTolerance&gt;&lt;ZTolerance&gt;0.001&lt;/ZTolerance&gt;&lt;MTolerance&gt;0.001&lt;/MTolerance&gt;&lt;HighPrecision&gt;true&lt;/HighPrecision&gt;&lt;WKID&gt;102003&lt;/WKID&gt;&lt;/ProjectedCoordinateSystem&gt;</peXml></coordRef><lineage><Process ToolSource="c:\program files (x86)\arcgis\desktop10.1\ArcToolbox\Toolboxes\Data Management Tools.tbx\CopyFeatures" Date="20131016" Time="150452">CopyFeatures \\seca\f\OperationalProcessing\DroughtMonitor\raw\usdm131015\Drought_Impacts_Type.shp \\seca\f\OperationalProcessing\DroughtMonitor\processed\20131015\20131015.gdb\Drought_Impacts_Type_P # 0 0 0</Process><Process ToolSource="c:\program files (x86)\arcgis\desktop10.1\ArcToolbox\Toolboxes\Data Management Tools.tbx\CopyFeatures" Date="20131016" Time="161130">CopyFeatures \\seca\f\OperationalProcessing\DroughtMonitor\processed\20131015\20131015.gdb\Drought_Impacts_Type_P \\seca\f\OperationalProcessing\DroughtMonitor\data\shapefiles_r\Drought_Impacts_Type_P.shp # 0 0 0</Process><Process ToolSource="c:\program files (x86)\arcgis\desktop10.1\ArcToolbox\Toolboxes\Data Management Tools.tbx\CopyFeatures" Date="20131030" Time="143739">CopyFeatures \\seca\f\OperationalProcessing\DroughtMonitor\raw\usdm131029\Drought_Impacts_Type.shp \\seca\f\OperationalProcessing\DroughtMonitor\processed\20131029\20131029.gdb\Drought_Impacts_Type_P # 0 0 0</Process><Process ToolSource="c:\program files (x86)\arcgis\desktop10.1\ArcToolbox\Toolboxes\Data Management Tools.tbx\CopyFeatures" Date="20131030" Time="152850">CopyFeatures \\seca\f\OperationalProcessing\DroughtMonitor\processed\20131029\20131029.gdb\Drought_Impacts_Type_P \\seca\f\OperationalProcessing\DroughtMonitor\data\shapefiles_r\Drought_Impacts_Type_P.shp # 0 0 0</Process><Process ToolSource="c:\program files (x86)\arcgis\desktop10.1\ArcToolbox\Toolboxes\Data Management Tools.tbx\CopyFeatures" Date="20131113" Time="162043">CopyFeatures \\seca\f\OperationalProcessing\DroughtMonitor\raw\usdm131112\Drought_Impacts_Type.shp \\seca\f\OperationalProcessing\DroughtMonitor\processed\20131112\20131112.gdb\Drought_Impacts_Type_P # 0 0 0</Process><Process ToolSource="c:\program files (x86)\arcgis\desktop10.1\ArcToolbox\Toolboxes\Data Management Tools.tbx\CopyFeatures" Date="20131113" Time="171416">CopyFeatures \\seca\f\OperationalProcessing\DroughtMonitor\processed\20131112\20131112.gdb\Drought_Impacts_Type_P \\seca\f\OperationalProcessing\DroughtMonitor\data\shapefiles_r\Drought_Impacts_Type_P.shp # 0 0 0</Process><Process ToolSource="c:\program files (x86)\arcgis\desktop10.1\ArcToolbox\Toolboxes\Data Management Tools.tbx\CopyFeatures" Date="20131120" Time="162855">CopyFeatures \\seca\f\OperationalProcessing\DroughtMonitor\raw\usdm131119\Drought_Impacts_Type.shp \\seca\f\OperationalProcessing\DroughtMonitor\processed\20131119\20131119.gdb\Drought_Impacts_Type_P # 0 0 0</Process><Process ToolSource="c:\program files (x86)\arcgis\desktop10.1\ArcToolbox\Toolboxes\Data Management Tools.tbx\CopyFeatures" Date="20131120" Time="171606">CopyFeatures \\seca\f\OperationalProcessing\DroughtMonitor\processed\20131119\20131119.gdb\Drought_Impacts_Type_P \\seca\f\OperationalProcessing\DroughtMonitor\data\shapefiles_r\Drought_Impacts_Type_P.shp # 0 0 0</Process><Process ToolSource="c:\program files (x86)\arcgis\desktop10.1\ArcToolbox\Toolboxes\Data Management Tools.tbx\CopyFeatures" Date="20131204" Time="153500">CopyFeatures \\seca\f\OperationalProcessing\DroughtMonitor\raw\usdm131203\Drought_Impacts_Type.shp \\seca\f\OperationalProcessing\DroughtMonitor\processed\20131203\20131203.gdb\Drought_Impacts_Type_P # 0 0 0</Process><Process ToolSource="c:\program files (x86)\arcgis\desktop10.1\ArcToolbox\Toolboxes\Data Management Tools.tbx\CopyFeatures" Date="20131204" Time="162119">CopyFeatures \\seca\f\OperationalProcessing\DroughtMonitor\processed\20131203\20131203.gdb\Drought_Impacts_Type_P \\seca\f\OperationalProcessing\DroughtMonitor\data\shapefiles_r\Drought_Impacts_Type_P.shp # 0 0 0</Process><Process ToolSource="c:\program files (x86)\arcgis\desktop10.1\ArcToolbox\Toolboxes\Data Management Tools.tbx\CopyFeatures" Date="20131211" Time="144912">CopyFeatures \\seca\f\OperationalProcessing\DroughtMonitor\raw\usdm131210\Drought_Impacts_Type.shp \\seca\f\OperationalProcessing\DroughtMonitor\processed\20131210\20131210.gdb\Drought_Impacts_Type_P # 0 0 0</Process><Process ToolSource="c:\program files (x86)\arcgis\desktop10.1\ArcToolbox\Toolboxes\Data Management Tools.tbx\CopyFeatures" Date="20131211" Time="153720">CopyFeatures \\seca\f\OperationalProcessing\DroughtMonitor\processed\20131210\20131210.gdb\Drought_Impacts_Type_P \\seca\f\OperationalProcessing\DroughtMonitor\data\shapefiles_r\Drought_Impacts_Type_P.shp # 0 0 0</Process><Process ToolSource="c:\program files (x86)\arcgis\desktop10.1\ArcToolbox\Toolboxes\Data Management Tools.tbx\CopyFeatures" Date="20131218" Time="163852">CopyFeatures \\seca\f\OperationalProcessing\DroughtMonitor\raw\usdm131217\Drought_Impacts_Type.shp \\seca\f\OperationalProcessing\DroughtMonitor\processed\20131217\20131217.gdb\Drought_Impacts_Type_P # 0 0 0</Process><Process ToolSource="c:\program files (x86)\arcgis\desktop10.1\ArcToolbox\Toolboxes\Data Management Tools.tbx\CopyFeatures" Date="20131218" Time="172344">CopyFeatures \\seca\f\OperationalProcessing\DroughtMonitor\processed\20131217\20131217.gdb\Drought_Impacts_Type_P \\seca\f\OperationalProcessing\DroughtMonitor\data\shapefiles_r\Drought_Impacts_Type_P.shp # 0 0 0</Process><Process ToolSource="c:\program files (x86)\arcgis\desktop10.1\ArcToolbox\Toolboxes\Data Management Tools.tbx\CopyFeatures" Date="20131231" Time="173401">CopyFeatures \\seca\f\OperationalProcessing\DroughtMonitor\raw\usdm131231\Drought_Impacts_Type.shp \\seca\f\OperationalProcessing\DroughtMonitor\processed\20131231\20131231.gdb\Drought_Impacts_Type_P # 0 0 0</Process><Process ToolSource="c:\program files (x86)\arcgis\desktop10.1\ArcToolbox\Toolboxes\Data Management Tools.tbx\CopyFeatures" Date="20131231" Time="181814">CopyFeatures \\seca\f\OperationalProcessing\DroughtMonitor\processed\20131231\20131231.gdb\Drought_Impacts_Type_P \\seca\f\OperationalProcessing\DroughtMonitor\data\shapefiles_r\Drought_Impacts_Type_P.shp # 0 0 0</Process><Process ToolSource="c:\program files (x86)\arcgis\desktop10.1\ArcToolbox\Toolboxes\Data Management Tools.tbx\CopyFeatures" Date="20140108" Time="174927">CopyFeatures \\seca\f\OperationalProcessing\DroughtMonitor\raw\usdm140107\Drought_Impacts_Type.shp \\seca\f\OperationalProcessing\DroughtMonitor\processed\20140107\20140107.gdb\Drought_Impacts_Type_P # 0 0 0</Process><Process ToolSource="c:\program files (x86)\arcgis\desktop10.1\ArcToolbox\Toolboxes\Data Management Tools.tbx\CopyFeatures" Date="20140108" Time="214447">CopyFeatures \\seca\f\OperationalProcessing\DroughtMonitor\processed\20140107\20140107.gdb\Drought_Impacts_Type_P \\seca\f\OperationalProcessing\DroughtMonitor\data\authorfiles\temp\Drought_Impacts_Type_P.shp # 0 0 0</Process><Process ToolSource="c:\program files (x86)\arcgis\desktop10.1\ArcToolbox\Toolboxes\Data Management Tools.tbx\CopyFeatures" Date="20140115" Time="143946">CopyFeatures \\seca\f\OperationalProcessing\DroughtMonitor\raw\usdm140114\Drought_Impacts_Type.shp \\seca\f\OperationalProcessing\DroughtMonitor\processed\20140114\20140114.gdb\Drought_Impacts_Type_P # 0 0 0</Process><Process ToolSource="c:\program files (x86)\arcgis\desktop10.1\ArcToolbox\Toolboxes\Data Management Tools.tbx\CopyFeatures" Date="20140115" Time="150846">CopyFeatures \\seca\f\OperationalProcessing\DroughtMonitor\processed\20140114\20140114.gdb\Drought_Impacts_Type_P \\seca\f\OperationalProcessing\DroughtMonitor\data\shapefiles_r\Drought_Impacts_Type_P.shp # 0 0 0</Process><Process ToolSource="c:\program files (x86)\arcgis\desktop10.1\ArcToolbox\Toolboxes\Data Management Tools.tbx\CopyFeatures" Date="20140205" Time="163822">CopyFeatures \\seca\f\OperationalProcessing\DroughtMonitor\raw\usdm140204\Drought_Impacts_Type.shp \\seca\f\OperationalProcessing\DroughtMonitor\processed\20140204\20140204.gdb\Drought_Impacts_Type_P # 0 0 0</Process><Process ToolSource="c:\program files (x86)\arcgis\desktop10.1\ArcToolbox\Toolboxes\Data Management Tools.tbx\CopyFeatures" Date="20140205" Time="170901">CopyFeatures \\seca\f\OperationalProcessing\DroughtMonitor\processed\20140204\20140204.gdb\Drought_Impacts_Type_P \\seca\f\OperationalProcessing\DroughtMonitor\data\shapefiles_r\Drought_Impacts_Type_P.shp # 0 0 0</Process><Process ToolSource="c:\program files (x86)\arcgis\desktop10.1\ArcToolbox\Toolboxes\Data Management Tools.tbx\CopyFeatures" Date="20140212" Time="114504">CopyFeatures \\seca\f\OperationalProcessing\DroughtMonitor\raw\usdm140211\Drought_Impacts_Type.shp \\seca\f\OperationalProcessing\DroughtMonitor\processed\20140211\20140211.gdb\Drought_Impacts_Type_P # 0 0 0</Process><Process ToolSource="c:\program files (x86)\arcgis\desktop10.1\ArcToolbox\Toolboxes\Data Management Tools.tbx\CopyFeatures" Date="20140212" Time="121329">CopyFeatures \\seca\f\OperationalProcessing\DroughtMonitor\processed\20140211\20140211.gdb\Drought_Impacts_Type_P \\seca\f\OperationalProcessing\DroughtMonitor\data\shapefiles_r\Drought_Impacts_Type_P.shp # 0 0 0</Process><Process ToolSource="c:\program files (x86)\arcgis\desktop10.1\ArcToolbox\Toolboxes\Data Management Tools.tbx\CopyFeatures" Date="20140219" Time="143844">CopyFeatures \\seca\f\OperationalProcessing\DroughtMonitor\raw\usdm140218\Drought_Impacts_Type.shp \\seca\f\OperationalProcessing\DroughtMonitor\processed\20140218\20140218.gdb\Drought_Impacts_Type_P # 0 0 0</Process><Process ToolSource="c:\program files (x86)\arcgis\desktop10.1\ArcToolbox\Toolboxes\Data Management Tools.tbx\CopyFeatures" Date="20140219" Time="173646">CopyFeatures \\seca\f\OperationalProcessing\DroughtMonitor\processed\20140218\20140218.gdb\Drought_Impacts_Type_P \\seca\f\OperationalProcessing\DroughtMonitor\data\authorfiles\temp\Drought_Impacts_Type_P.shp # 0 0 0</Process><Process ToolSource="c:\program files (x86)\arcgis\desktop10.1\ArcToolbox\Toolboxes\Data Management Tools.tbx\CopyFeatures" Date="20140226" Time="161857">CopyFeatures \\seca\f\OperationalProcessing\DroughtMonitor\raw\usdm140225\Drought_Impacts_Type.shp \\seca\f\OperationalProcessing\DroughtMonitor\processed\20140225\20140225.gdb\Drought_Impacts_Type_P # 0 0 0</Process><Process ToolSource="c:\program files (x86)\arcgis\desktop10.1\ArcToolbox\Toolboxes\Data Management Tools.tbx\CopyFeatures" Date="20140226" Time="185337">CopyFeatures \\seca\f\OperationalProcessing\DroughtMonitor\processed\20140225\20140225.gdb\Drought_Impacts_Type_P \\seca\f\OperationalProcessing\DroughtMonitor\data\authorfiles\temp\Drought_Impacts_Type_P.shp # 0 0 0</Process><Process ToolSource="c:\program files (x86)\arcgis\desktop10.1\ArcToolbox\Toolboxes\Data Management Tools.tbx\CopyFeatures" Date="20140312" Time="170013">CopyFeatures \\seca\f\OperationalProcessing\DroughtMonitor\raw\usdm140311\Drought_Impacts_Type.shp \\seca\f\OperationalProcessing\DroughtMonitor\processed\20140311\20140311.gdb\Drought_Impacts_Type_P # 0 0 0</Process><Process ToolSource="c:\program files (x86)\arcgis\desktop10.1\ArcToolbox\Toolboxes\Data Management Tools.tbx\CopyFeatures" Date="20140312" Time="194446">CopyFeatures \\seca\f\OperationalProcessing\DroughtMonitor\processed\20140311\20140311.gdb\Drought_Impacts_Type_P \\seca\f\OperationalProcessing\DroughtMonitor\data\authorfiles\temp\Drought_Impacts_Type_P.shp # 0 0 0</Process><Process ToolSource="c:\program files (x86)\arcgis\desktop10.1\ArcToolbox\Toolboxes\Data Management Tools.tbx\CopyFeatures" Date="20140319" Time="151144">CopyFeatures \\seca\f\OperationalProcessing\DroughtMonitor\raw\usdm140318\Drought_Impacts_Type.shp \\seca\f\OperationalProcessing\DroughtMonitor\processed\20140318\20140318.gdb\Drought_Impacts_Type_P # 0 0 0</Process><Process ToolSource="c:\program files (x86)\arcgis\desktop10.1\ArcToolbox\Toolboxes\Data Management Tools.tbx\CopyFeatures" Date="20140319" Time="153902">CopyFeatures \\seca\f\OperationalProcessing\DroughtMonitor\processed\20140318\20140318.gdb\Drought_Impacts_Type_P \\seca\f\OperationalProcessing\DroughtMonitor\data\shapefiles_r\Drought_Impacts_Type_P.shp # 0 0 0</Process><Process ToolSource="c:\program files (x86)\arcgis\desktop10.1\ArcToolbox\Toolboxes\Data Management Tools.tbx\CopyFeatures" Date="20140326" Time="161941">CopyFeatures \\seca\f\OperationalProcessing\DroughtMonitor\raw\usdm140325\Drought_Impacts_Type.shp \\seca\f\OperationalProcessing\DroughtMonitor\processed\20140325\20140325.gdb\Drought_Impacts_Type_P # 0 0 0</Process><Process ToolSource="c:\program files (x86)\arcgis\desktop10.1\ArcToolbox\Toolboxes\Data Management Tools.tbx\CopyFeatures" Date="20140326" Time="164931">CopyFeatures \\seca\f\OperationalProcessing\DroughtMonitor\processed\20140325\20140325.gdb\Drought_Impacts_Type_P \\seca\f\OperationalProcessing\DroughtMonitor\data\shapefiles_r\Drought_Impacts_Type_P.shp # 0 0 0</Process><Process ToolSource="c:\program files (x86)\arcgis\desktop10.1\ArcToolbox\Toolboxes\Data Management Tools.tbx\CopyFeatures" Date="20140402" Time="163121">CopyFeatures \\seca\f\OperationalProcessing\DroughtMonitor\raw\usdm140401\Drought_Impacts_Type.shp \\seca\f\OperationalProcessing\DroughtMonitor\processed\20140401\20140401.gdb\Drought_Impacts_Type_P # 0 0 0</Process><Process ToolSource="c:\program files (x86)\arcgis\desktop10.1\ArcToolbox\Toolboxes\Data Management Tools.tbx\CopyFeatures" Date="20140402" Time="170031">CopyFeatures \\seca\f\OperationalProcessing\DroughtMonitor\processed\20140401\20140401.gdb\Drought_Impacts_Type_P \\seca\f\OperationalProcessing\DroughtMonitor\data\shapefiles_i\Drought_Impacts_Type_P.shp # 0 0 0</Process><Process ToolSource="C:\Program Files (x86)\ArcGIS\Desktop10.0\ArcToolbox\Toolboxes\Data Management Tools.tbx\Merge" Date="20140409" Time="113239">Merge Drought_Impacts_Type;Drought_impact_types_201403 "C:\MONITOR_DE_SEQUIA\Sequia Mexico-NADM\201403NADM\Para los tres paises\nadm_types_201403b.shp" "Id "Id" true true false 9 Long 0 9 ,First,#,Drought_Impacts_Type,Id,-1,-1,Drought_impact_types_201403,Id,-1,-1;Type "Type" true true false 12 Text 0 0 ,First,#,Drought_Impacts_Type,Type,-1,-1,Drought_impact_types_201403,Type,-1,-1"</Process></lineage></DataProperties></Esri><idinfo><citation><citeinfo><onlink Sync="TRUE">\\ncdc\shares\Projects\USDM\USDM_ArcGIS\USDM-ArcGIS\USDroughtMonitor\DroughtImpactsType\Drought_Impacts_Type.shp</onlink><origin>REQUIRED: The name of an organization or individual that developed the data set.</origin><pubdate>REQUIRED: The date when the data set is published or otherwise made available for release.</pubdate><title Sync="TRUE">Drought_Impacts_Type</title><ftname Sync="TRUE">Drought_Impacts_Type</ftname><geoform Sync="TRUE">vector digital data</geoform></citeinfo></citation><native Sync="TRUE">Microsoft Windows XP Version 5.1 (Build 2600) Service Pack 3; ESRI ArcCatalog 9.3.0.1770</native><descript><langdata Sync="TRUE">en</langdata><abstract>REQUIRED: A brief narrative summary of the data set.</abstract><purpose>REQUIRED: A summary of the intentions with which the data set was developed.</purpose></descript><timeperd><current>REQUIRED: The basis on which the time period of content information is determined.</current><timeinfo><sngdate><caldate>REQUIRED: The year (and optionally month, or month and day) for which the data set corresponds to the ground.</caldate></sngdate></timeinfo></timeperd><status><progress>REQUIRED: The state of the data set.</progress><update>REQUIRED: The frequency with which changes and additions are made to the data set after the initial data set is completed.</update></status><spdom><bounding><westbc Sync="TRUE">-180.000000</westbc><eastbc Sync="TRUE">180.000000</eastbc><northbc Sync="TRUE">74.027424</northbc><southbc Sync="TRUE">14.302232</southbc></bounding><lboundng><leftbc Sync="TRUE">-6262814.440715</leftbc><rightbc Sync="TRUE">1621522.875699</rightbc><bottombc Sync="TRUE">-546291.731586</bottombc><topbc Sync="TRUE">3675643.299184</topbc></lboundng></spdom><keywords><theme><themekt>REQUIRED: Reference to a formally registered thesaurus or a similar authoritative source of theme keywords.</themekt><themekey>REQUIRED: Common-use word or phrase used to describe the subject of the data set.</themekey></theme></keywords><accconst>REQUIRED: Restrictions and legal prerequisites for accessing the data set.</accconst><useconst>REQUIRED: Restrictions and legal prerequisites for using the data set after access is granted.</useconst><natvform Sync="TRUE">Shapefile</natvform></idinfo><distInfo><distributor><distorTran><onLineSrc><linkage Sync="TRUE">file://\\ncdc\shares\Projects\USDM\USDM_ArcGIS\USDM-ArcGIS\USDroughtMonitor\DroughtImpactsType\Drought_Impacts_Type.shp</linkage><protocol Sync="TRUE">Local Area Network</protocol><orDesc Sync="TRUE">002</orDesc></onLineSrc><transSize Sync="TRUE">0.000</transSize></distorTran><distorFormat><formatName Sync="TRUE">Shapefile</formatName></distorFormat></distributor><distFormat><formatName Sync="TRUE">Shapefile</formatName></distFormat><distTranOps><transSize Sync="TRUE">0.000</transSize></distTranOps></distInfo><dataqual><lineage><procstep><procdesc Sync="TRUE">Dataset copied.</procdesc><srcused Sync="TRUE">P:\Drought\Drought_Monitor\Drought_Monitor_TypeDigitizer\usdm070306\Drought_Impacts_Type</srcused><date Sync="TRUE">20070315</date><time Sync="TRUE">13591100</time></procstep><procstep><procdesc Sync="TRUE">Dataset copied.</procdesc><srcused Sync="TRUE">P:\Drought\Drought_Monitor\Drought_Monitor_TypeDigitizer\USDM022707\Drought_Impacts_Type</srcused><date Sync="TRUE">20070315</date><time Sync="TRUE">16352900</time></procstep><procstep><procdesc Sync="TRUE">Dataset copied.</procdesc><srcused Sync="TRUE"></srcused><date Sync="TRUE">20070405</date><time Sync="TRUE">10013700</time></procstep><procstep><procdesc Sync="TRUE">Dataset copied.</procdesc><srcused Sync="TRUE"></srcused><date Sync="TRUE">20070405</date><time Sync="TRUE">10131900</time></procstep><procstep><procdesc Sync="TRUE">Dataset copied.</procdesc><srcused Sync="TRUE"></srcused><date Sync="TRUE">20070405</date><time Sync="TRUE">10185400</time></procstep><procstep><procdesc Sync="TRUE">Dataset copied.</procdesc><srcused Sync="TRUE">E:\gisdata\drought_monitor\Drought_Monitor_clean\usdm070410\Drought_Impacts_Type</srcused><date Sync="TRUE">20070418</date><time Sync="TRUE">17110200</time></procstep><procstep><procdesc Sync="TRUE">Dataset copied.</procdesc><srcused Sync="TRUE">E:\gisdata\drought_monitor\Drought_Monitor_clean\usdm070417\Drought_Impacts_Type</srcused><date Sync="TRUE">20070425</date><time Sync="TRUE">16563600</time></procstep><procstep><procdesc Sync="TRUE">Dataset copied.</procdesc><srcused Sync="TRUE">E:\gisdata\drought_monitor\Drought_Monitor_clean\usdm090414\Drought_Impacts_Type</srcused><procdate Sync="TRUE">20090422</procdate><proctime Sync="TRUE">16302600</proctime></procstep><procstep><procdesc Sync="TRUE">Dataset copied.</procdesc><srcused Sync="TRUE"></srcused><procdate Sync="TRUE">20091209</procdate><proctime Sync="TRUE">14085000</proctime></procstep></lineage></dataqual><dataIdInfo><envirDesc Sync="TRUE">Microsoft Windows Server 2008 R2 Version 6.1 (Build 7601) Service Pack 1; ESRI ArcGIS 10.0.0.2414</envirDesc><dataLang><languageCode Sync="TRUE" value="spa" country="MEX"></languageCode><countryCode value="USA" Sync="TRUE"></countryCode></dataLang><idCitation><resTitle Sync="TRUE">nadm_types_201403b</resTitle><presForm><PresFormCd Sync="TRUE" value="005"></PresFormCd></presForm></idCitation><spatRpType><SpatRepTypCd Sync="TRUE" value="001"></SpatRepTypCd></spatRpType><dataExt><geoEle><GeoBndBox esriExtentType="native"><westBL Sync="TRUE">-6262814.440715</westBL><eastBL Sync="TRUE">1621522.875699</eastBL><northBL Sync="TRUE">3675643.299184</northBL><southBL Sync="TRUE">-546291.731586</southBL><exTypeCode Sync="TRUE">1</exTypeCode></GeoBndBox></geoEle></dataExt><geoBox esriExtentType="decdegrees"><westBL Sync="TRUE">-180</westBL><eastBL Sync="TRUE">180</eastBL><northBL Sync="TRUE">74.027424</northBL><southBL Sync="TRUE">14.302232</southBL><exTypeCode Sync="TRUE">1</exTypeCode></geoBox><descKeys><thesaName uuidref="723f6998-058e-11dc-8314-0800200c9a66"></thesaName><keyword Sync="TRUE">002</keyword></descKeys></dataIdInfo><metainfo><langmeta Sync="TRUE">en</langmeta><metstdn Sync="TRUE">FGDC Content Standards for Digital Geospatial Metadata</metstdn><metstdv Sync="TRUE">FGDC-STD-001-1998</metstdv><mettc Sync="TRUE">local time</mettc><metc><cntinfo><cntorgp><cntper>REQUIRED: The person responsible for the metadata information.</cntper><cntorg>REQUIRED: The organization responsible for the metadata information.</cntorg></cntorgp><cntaddr><addrtype>REQUIRED: The mailing and/or physical address for the organization or individual.</addrtype><city>REQUIRED: The city of the address.</city><state>REQUIRED: The state or province of the address.</state><postal>REQUIRED: The ZIP or other postal code of the address.</postal></cntaddr><cntvoice>REQUIRED: The telephone number by which individuals can speak to the organization or individual.</cntvoice></cntinfo></metc><metd Sync="TRUE">20100506</metd></metainfo><mdLang><languageCode Sync="TRUE" value="spa"></languageCode><countryCode value="USA" Sync="TRUE"></countryCode></mdLang><mdStanName Sync="TRUE">ISO 19115 Geographic Information - Metadata</mdStanName><mdStanVer Sync="TRUE">DIS_ESRI1.0</mdStanVer><mdChar><CharSetCd Sync="TRUE" value="004"></CharSetCd></mdChar><mdHrLv><ScopeCd Sync="TRUE" value="005"></ScopeCd></mdHrLv><mdHrLvName Sync="TRUE">dataset</mdHrLvName><distinfo><resdesc Sync="TRUE">Downloadable Data</resdesc><stdorder><digform><digtinfo><transize Sync="TRUE">0.000</transize><dssize Sync="TRUE">0.000</dssize></digtinfo></digform></stdorder></distinfo><spdoinfo><direct Sync="TRUE">Vector</direct><ptvctinf><esriterm Name="nadm_types_201403b"><efeatyp Sync="TRUE">Simple</efeatyp><efeageom Sync="TRUE">1</efeageom><esritopo Sync="TRUE">FALSE</esritopo><efeacnt Sync="TRUE">0</efeacnt><spindex Sync="TRUE">FALSE</spindex><linrefer Sync="TRUE">FALSE</linrefer></esriterm></ptvctinf></spdoinfo><spref><horizsys><cordsysn><geogcsn Sync="TRUE">GCS_North_American_1983</geogcsn><projcsn Sync="TRUE">USA_Contiguous_Albers_Equal_Area_Conic</projcsn></cordsysn><planar><planci><plance Sync="TRUE">coordinate pair</plance><plandu Sync="TRUE">meters</plandu><coordrep><absres Sync="TRUE">0.000000</absres><ordres Sync="TRUE">0.000000</ordres></coordrep></planci></planar><geodetic><horizdn Sync="TRUE">North American Datum of 1983</horizdn><ellips Sync="TRUE">Geodetic Reference System 80</ellips><semiaxis Sync="TRUE">6378137.000000</semiaxis><denflat Sync="TRUE">298.257222</denflat></geodetic></horizsys></spref><refSysInfo><RefSystem><refSysID><identCode Sync="TRUE" value="102003" code="102003">USA_Contiguous_Albers_Equal_Area_Conic</identCode><idCodeSpace Sync="TRUE">ESRI</idCodeSpace><idVersion Sync="TRUE">10.0.0</idVersion></refSysID></RefSystem></refSysInfo><spatRepInfo><VectSpatRep><geometObjs Name="Drought_Impacts_Type_P"><geoObjTyp><GeoObjTypCd value="004" Sync="TRUE"></GeoObjTypCd><geoObjCnt Sync="TRUE">0</geoObjCnt></geoObjTyp><geoObjCnt Sync="TRUE">0</geoObjCnt></geometObjs><topLvl><TopoLevCd value="001" Sync="TRUE"></TopoLevCd></topLvl></VectSpatRep></spatRepInfo><eainfo><detailed Name="nadm_types_201403b"><enttyp><enttypl Sync="TRUE">nadm_types_201403b</enttypl><enttypt Sync="TRUE">Feature Class</enttypt><enttypc Sync="TRUE">0</enttypc></enttyp><attr><attrlabl Sync="TRUE">FID</attrlabl><attalias Sync="TRUE">FID</attalias><attrtype Sync="TRUE">OID</attrtype><attwidth Sync="TRUE">4</attwidth><atprecis Sync="TRUE">0</atprecis><attscale Sync="TRUE">0</attscale><attrdef Sync="TRUE">Internal feature number.</attrdef><attrdefs Sync="TRUE">Esri</attrdefs><attrdomv><udom Sync="TRUE">Sequential unique whole numbers that are automatically generated.</udom></attrdomv></attr><attr><attrlabl Sync="TRUE">Shape</attrlabl><attalias Sync="TRUE">Shape</attalias><attrtype Sync="TRUE">Geometry</attrtype><attwidth Sync="TRUE">0</attwidth><atprecis Sync="TRUE">0</atprecis><attscale Sync="TRUE">0</attscale><attrdef Sync="TRUE">Feature geometry.</attrdef><attrdefs Sync="TRUE">ESRI</attrdefs><attrdomv><udom Sync="TRUE">Coordinates defining the features.</udom></attrdomv></attr><attr><attrlabl Sync="TRUE">Id</attrlabl><attalias Sync="TRUE">Id</attalias><attrtype Sync="TRUE">Integer</attrtype><attwidth Sync="TRUE">9</attwidth><atprecis Sync="TRUE">9</atprecis><attscale Sync="TRUE">0</attscale></attr><attr><attrlabl Sync="TRUE">Type</attrlabl><attalias Sync="TRUE">Type</attalias><attrtype Sync="TRUE">String</attrtype><attwidth Sync="TRUE">12</attwidth><atprecis Sync="TRUE">0</atprecis><attscale Sync="TRUE">0</attscale></attr></detailed></eainfo><mdDateSt Sync="TRUE">20140409</mdDateSt></metadata>
