<?xml version="1.0" encoding="UTF-8"?>
<metadata xml:lang="en"><Esri><CreaDate>20140409</CreaDate><CreaTime>11405800</CreaTime><SyncOnce>FALSE</SyncOnce><SyncDate>20140408</SyncDate><SyncTime>16315400</SyncTime><ModDate>20140408</ModDate><ModTime>16315400</ModTime><DataProperties><lineage><Process Name="Intersect_1" ToolSource="C:\Program Files\ArcGIS\ArcToolbox\Toolboxes\Analysis Tools.tbx\Intersect" Date="20040810" Time="184107">Intersect "Drought_Impacts_US '';Drought_Areas_US_D0 ''" "c:\mydocuments\drought monitor files\usdm-tinkauthor\droughtimpacts\Drought_Impacts_US_Intersect.shp" ALL # INPUT</Process><Process Name="Clip_1" ToolSource="C:\Program Files\ArcGIS\ArcToolbox\Toolboxes\Analysis Tools.tbx\Clip" Date="20041019" Time="123412">Clip Drought_Impacts_USCopy Drought_Areas_US_D0 "C:\MyDocuments\Drought Monitor Files\usdm-current\Drought_Impacts_US.shp" #</Process><Process Name="Clip_1" ToolSource="C:\Program Files\ArcGIS\ArcToolbox\Toolboxes\Analysis Tools.tbx\Clip" Date="20041027" Time="154627">Clip Drought_Impacts_US Drought_Areas_US_D0 "C:\MyDocuments\Drought Monitor Files\usdm-current\Drought_Impacts_US_clipped.shp" #</Process><Process Name="Clip_2" ToolSource="C:\Program Files\ArcGIS\ArcToolbox\Toolboxes\Analysis Tools.tbx\Clip" Date="20050419" Time="114946">Clip Drought_Impacts_US Drought_Areas_US_D0 "c:\mydocuments\drought monitor files\usdmwip16apr2005\Drought_Impacts_US_Clip2.shp" "1.000000 Meters"</Process><Process Name="Clip_1" ToolSource="C:\Program Files\ArcGIS\ArcToolbox\Toolboxes\Analysis Tools.tbx\Clip" Date="20050420" Time="184643">Clip Drought_Impacts_US Drought_Areas_US_D0 "C:\MyDocuments\Drought Monitor Files\usdmWIP16apr2005\Drought_Impacts_US.shp" "1.000000 Meters"</Process><Process Name="Clip_1" ToolSource="C:\Program Files\ArcGIS\ArcToolbox\Toolboxes\Analysis Tools.tbx\Clip" Date="20050628" Time="025848">Clip Drought_Impacts_US Drought_Areas_US_D0 "C:\MyDocuments\Drought Monitor Files\usdm28jun2005-DRAFT1\Drought_Impacts_US_1.shp" #</Process><Process Name="Clip_1" ToolSource="C:\Program Files\ArcGIS\ArcToolbox\Toolboxes\Analysis Tools.tbx\Clip" Date="20051229" Time="004326">Clip Drought_Impacts_US Drought_Areas_US_D0 "C:\MyDocuments\Drought Monitor Files\usdm27dec2005-WIP\Drought_Impacts_US.shp" #</Process><Process Name="Clip_1" ToolSource="C:\Program Files\ArcGIS\ArcToolbox\Toolboxes\Analysis Tools.tbx\Clip" Date="20060315" Time="143339">Clip Drought_Impacts_US Drought_Areas_US_D0 "C:\MyDocuments\Drought Monitor Files\usdm14mar2006WIP\impacts_clip.shp" #</Process><Process Name="Clip_1" ToolSource="C:\Program Files\ArcGIS\ArcToolbox\Toolboxes\Analysis Tools.tbx\Clip" Date="20060419" Time="162735">Clip Drought_Impacts_US Drought_Areas_US_D0 "C:\MyDocuments\Drought Monitor Files\usdm18apr2006WIP\Drought_Impacts_Clipped.shp" #</Process><Process Name="Clip_1" ToolSource="C:\Program Files\ArcGIS\ArcToolbox\Toolboxes\Analysis Tools.tbx\Clip" Date="20070612" Time="143639">Clip Drought_Impacts_US D0 "C:\MyDocuments\Drought Monitor Files\usdm12jun2007-WORKING\DroughtImpacts\Drought_Impacts_US_new.shp" #</Process><Process Name="Intersect_1" ToolSource="C:\Program Files\ArcGIS\ArcToolbox\Toolboxes\Analysis Tools.tbx\Intersect" Date="20080109" Time="140414">Intersect "Drought_Impacts_US #;Drought_Areas_US_D0 #" "C:\MyDocuments\Drought Monitor Files\usdm08jan2008WIP\DroughtImpacts\Drought_Impacts_US_clip2.shp" ALL # INPUT</Process><Process Name="Clip_1" ToolSource="C:\Program Files\ArcGIS\ArcToolbox\Toolboxes\Analysis Tools.tbx\Clip" Date="20080116" Time="141251">Clip Drought_Impacts_US Drought_Areas_US_D0 "C:\MyDocuments\Drought Monitor Files\usdm15jan2008WIP\DroughtImpacts\Drought_Impacts_US_clip.shp" #</Process><Process Name="Clip_1" ToolSource="C:\Program Files\ArcGIS\ArcToolbox\Toolboxes\Analysis Tools.tbx\Clip" Date="20080618" Time="160517">Clip Drought_Impacts_US Drought_Areas_US_D0 "C:\mydocuments\Drought Monitor Files\usdm17jun2008wip\DroughtImpacts\Drought_Impacts_US_Clip.shp" #</Process><Process Name="Clip_1" ToolSource="C:\Program Files\ArcGIS\ArcToolbox\Toolboxes\Analysis Tools.tbx\Clip" Date="20080702" Time="205358">Clip Drought_Impacts_US Drought_Areas_US_D0 "C:\mydocuments\Drought Monitor Files\usdm01jul2008WIP\DroughtImpacts\Drought_impacts_us_Clip.shp" #</Process><Process ToolSource="C:\Program Files\ArcGIS\ArcToolbox\Toolboxes\Analysis Tools.tbx\Clip" Date="20090701" Time="225828">Clip Drought_Impacts_US Drought_Areas_US_D0 G:\Drought_Monitor\DroughtImpacts\Drought_Impacts_US_clip.shp #</Process><Process ToolSource="C:\Program Files\ArcGIS\ArcToolbox\Toolboxes\Analysis Tools.tbx\Clip" Date="20101201" Time="101235">Clip Drought_Impacts_US Drought_Areas_US_D0 G:\Drought_Monitor\DroughtImpacts\Drought_Impacts_US_Clip.shp #</Process><Process ToolSource="C:\Program Files\ArcGIS\ArcToolbox\Toolboxes\Analysis Tools.tbx\Clip" Date="20110511" Time="143955">Clip Drought_Impacts_US Drought_Areas_US_D0 G:\Drought_Monitor\DroughtImpacts\Drought_Impacts_US_Clip.shp #</Process><Process ToolSource="C:\Program Files\ArcGIS\Desktop10.0\ArcToolbox\Toolboxes\Analysis Tools.tbx\Clip" Date="20111005" Time="182343">Clip Drought_Impacts_US Drought_Areas_US_D0 \\Cpcgis\gis\Drought_Monitor\DroughtImpacts\Drought_Impacts_USclip.shp #</Process><Process ToolSource="c:\program files (x86)\arcgis\desktop10.1\ArcToolbox\Toolboxes\Data Management Tools.tbx\CopyFeatures" Date="20131016" Time="150418">CopyFeatures \\seca\f\OperationalProcessing\DroughtMonitor\raw\usdm131015\Drought_Impacts_US.shp \\seca\f\OperationalProcessing\DroughtMonitor\processed\20131015\20131015.gdb\Drought_Impacts_US_P # 0 0 0</Process><Process ToolSource="c:\program files (x86)\arcgis\desktop10.1\ArcToolbox\Toolboxes\Data Management Tools.tbx\CopyFeatures" Date="20131016" Time="161148">CopyFeatures \\seca\f\OperationalProcessing\DroughtMonitor\processed\20131015\20131015.gdb\Drought_Impacts_US_P \\seca\f\OperationalProcessing\DroughtMonitor\data\shapefiles_r\Drought_Impacts_US_P.shp # 0 0 0</Process><Process ToolSource="c:\program files (x86)\arcgis\desktop10.1\ArcToolbox\Toolboxes\Data Management Tools.tbx\CopyFeatures" Date="20131030" Time="143709">CopyFeatures \\seca\f\OperationalProcessing\DroughtMonitor\raw\usdm131029\Drought_Impacts_US.shp \\seca\f\OperationalProcessing\DroughtMonitor\processed\20131029\20131029.gdb\Drought_Impacts_US_P # 0 0 0</Process><Process ToolSource="c:\program files (x86)\arcgis\desktop10.1\ArcToolbox\Toolboxes\Data Management Tools.tbx\CopyFeatures" Date="20131030" Time="152905">CopyFeatures \\seca\f\OperationalProcessing\DroughtMonitor\processed\20131029\20131029.gdb\Drought_Impacts_US_P \\seca\f\OperationalProcessing\DroughtMonitor\data\shapefiles_r\Drought_Impacts_US_P.shp # 0 0 0</Process><Process ToolSource="c:\program files (x86)\arcgis\desktop10.1\ArcToolbox\Toolboxes\Data Management Tools.tbx\CopyFeatures" Date="20131113" Time="162011">CopyFeatures \\seca\f\OperationalProcessing\DroughtMonitor\raw\usdm131112\Drought_Impacts_US.shp \\seca\f\OperationalProcessing\DroughtMonitor\processed\20131112\20131112.gdb\Drought_Impacts_US_P # 0 0 0</Process><Process ToolSource="c:\program files (x86)\arcgis\desktop10.1\ArcToolbox\Toolboxes\Data Management Tools.tbx\CopyFeatures" Date="20131113" Time="171430">CopyFeatures \\seca\f\OperationalProcessing\DroughtMonitor\processed\20131112\20131112.gdb\Drought_Impacts_US_P \\seca\f\OperationalProcessing\DroughtMonitor\data\shapefiles_r\Drought_Impacts_US_P.shp # 0 0 0</Process><Process ToolSource="c:\program files (x86)\arcgis\desktop10.1\ArcToolbox\Toolboxes\Data Management Tools.tbx\CopyFeatures" Date="20131120" Time="162828">CopyFeatures \\seca\f\OperationalProcessing\DroughtMonitor\raw\usdm131119\Drought_Impacts_US.shp \\seca\f\OperationalProcessing\DroughtMonitor\processed\20131119\20131119.gdb\Drought_Impacts_US_P # 0 0 0</Process><Process ToolSource="c:\program files (x86)\arcgis\desktop10.1\ArcToolbox\Toolboxes\Data Management Tools.tbx\CopyFeatures" Date="20131120" Time="171618">CopyFeatures \\seca\f\OperationalProcessing\DroughtMonitor\processed\20131119\20131119.gdb\Drought_Impacts_US_P \\seca\f\OperationalProcessing\DroughtMonitor\data\shapefiles_r\Drought_Impacts_US_P.shp # 0 0 0</Process><Process ToolSource="c:\program files (x86)\arcgis\desktop10.1\ArcToolbox\Toolboxes\Data Management Tools.tbx\CopyFeatures" Date="20131204" Time="153436">CopyFeatures \\seca\f\OperationalProcessing\DroughtMonitor\raw\usdm131203\Drought_Impacts_US.shp \\seca\f\OperationalProcessing\DroughtMonitor\processed\20131203\20131203.gdb\Drought_Impacts_US_P # 0 0 0</Process><Process ToolSource="c:\program files (x86)\arcgis\desktop10.1\ArcToolbox\Toolboxes\Data Management Tools.tbx\CopyFeatures" Date="20131204" Time="162132">CopyFeatures \\seca\f\OperationalProcessing\DroughtMonitor\processed\20131203\20131203.gdb\Drought_Impacts_US_P \\seca\f\OperationalProcessing\DroughtMonitor\data\shapefiles_r\Drought_Impacts_US_P.shp # 0 0 0</Process><Process ToolSource="c:\program files (x86)\arcgis\desktop10.1\ArcToolbox\Toolboxes\Data Management Tools.tbx\CopyFeatures" Date="20131211" Time="144843">CopyFeatures \\seca\f\OperationalProcessing\DroughtMonitor\raw\usdm131210\Drought_Impacts_US.shp \\seca\f\OperationalProcessing\DroughtMonitor\processed\20131210\20131210.gdb\Drought_Impacts_US_P # 0 0 0</Process><Process ToolSource="c:\program files (x86)\arcgis\desktop10.1\ArcToolbox\Toolboxes\Data Management Tools.tbx\CopyFeatures" Date="20131211" Time="153735">CopyFeatures \\seca\f\OperationalProcessing\DroughtMonitor\processed\20131210\20131210.gdb\Drought_Impacts_US_P \\seca\f\OperationalProcessing\DroughtMonitor\data\shapefiles_r\Drought_Impacts_US_P.shp # 0 0 0</Process><Process ToolSource="c:\program files (x86)\arcgis\desktop10.1\ArcToolbox\Toolboxes\Data Management Tools.tbx\CopyFeatures" Date="20131218" Time="163826">CopyFeatures \\seca\f\OperationalProcessing\DroughtMonitor\raw\usdm131217\Drought_Impacts_US.shp \\seca\f\OperationalProcessing\DroughtMonitor\processed\20131217\20131217.gdb\Drought_Impacts_US_P # 0 0 0</Process><Process ToolSource="c:\program files (x86)\arcgis\desktop10.1\ArcToolbox\Toolboxes\Data Management Tools.tbx\CopyFeatures" Date="20131218" Time="172357">CopyFeatures \\seca\f\OperationalProcessing\DroughtMonitor\processed\20131217\20131217.gdb\Drought_Impacts_US_P \\seca\f\OperationalProcessing\DroughtMonitor\data\shapefiles_r\Drought_Impacts_US_P.shp # 0 0 0</Process><Process ToolSource="c:\program files (x86)\arcgis\desktop10.1\ArcToolbox\Toolboxes\Data Management Tools.tbx\CopyFeatures" Date="20131231" Time="173336">CopyFeatures \\seca\f\OperationalProcessing\DroughtMonitor\raw\usdm131231\Drought_Impacts_US.shp \\seca\f\OperationalProcessing\DroughtMonitor\processed\20131231\20131231.gdb\Drought_Impacts_US_P # 0 0 0</Process><Process ToolSource="c:\program files (x86)\arcgis\desktop10.1\ArcToolbox\Toolboxes\Data Management Tools.tbx\CopyFeatures" Date="20131231" Time="181827">CopyFeatures \\seca\f\OperationalProcessing\DroughtMonitor\processed\20131231\20131231.gdb\Drought_Impacts_US_P \\seca\f\OperationalProcessing\DroughtMonitor\data\shapefiles_r\Drought_Impacts_US_P.shp # 0 0 0</Process><Process ToolSource="c:\program files (x86)\arcgis\desktop10.1\ArcToolbox\Toolboxes\Data Management Tools.tbx\CopyFeatures" Date="20140108" Time="174848">CopyFeatures \\seca\f\OperationalProcessing\DroughtMonitor\raw\usdm140107\Drought_Impacts_US.shp \\seca\f\OperationalProcessing\DroughtMonitor\processed\20140107\20140107.gdb\Drought_Impacts_US_P # 0 0 0</Process><Process ToolSource="c:\program files (x86)\arcgis\desktop10.1\ArcToolbox\Toolboxes\Data Management Tools.tbx\CopyFeatures" Date="20140108" Time="214513">CopyFeatures \\seca\f\OperationalProcessing\DroughtMonitor\processed\20140107\20140107.gdb\Drought_Impacts_US_P \\seca\f\OperationalProcessing\DroughtMonitor\data\authorfiles\temp\Drought_Impacts_US_P.shp # 0 0 0</Process><Process ToolSource="c:\program files (x86)\arcgis\desktop10.1\ArcToolbox\Toolboxes\Data Management Tools.tbx\CopyFeatures" Date="20140115" Time="143934">CopyFeatures \\seca\f\OperationalProcessing\DroughtMonitor\raw\usdm140114\Drought_Impacts_US.shp \\seca\f\OperationalProcessing\DroughtMonitor\processed\20140114\20140114.gdb\Drought_Impacts_US_P # 0 0 0</Process><Process ToolSource="c:\program files (x86)\arcgis\desktop10.1\ArcToolbox\Toolboxes\Data Management Tools.tbx\CopyFeatures" Date="20140115" Time="150853">CopyFeatures \\seca\f\OperationalProcessing\DroughtMonitor\processed\20140114\20140114.gdb\Drought_Impacts_US_P \\seca\f\OperationalProcessing\DroughtMonitor\data\shapefiles_r\Drought_Impacts_US_P.shp # 0 0 0</Process><Process ToolSource="c:\program files (x86)\arcgis\desktop10.1\ArcToolbox\Toolboxes\Data Management Tools.tbx\CopyFeatures" Date="20140205" Time="163807">CopyFeatures \\seca\f\OperationalProcessing\DroughtMonitor\raw\usdm140204\Drought_Impacts_US.shp \\seca\f\OperationalProcessing\DroughtMonitor\processed\20140204\20140204.gdb\Drought_Impacts_US_P # 0 0 0</Process><Process ToolSource="c:\program files (x86)\arcgis\desktop10.1\ArcToolbox\Toolboxes\Data Management Tools.tbx\CopyFeatures" Date="20140205" Time="170908">CopyFeatures \\seca\f\OperationalProcessing\DroughtMonitor\processed\20140204\20140204.gdb\Drought_Impacts_US_P \\seca\f\OperationalProcessing\DroughtMonitor\data\shapefiles_r\Drought_Impacts_US_P.shp # 0 0 0</Process><Process ToolSource="c:\program files (x86)\arcgis\desktop10.1\ArcToolbox\Toolboxes\Data Management Tools.tbx\CopyFeatures" Date="20140212" Time="114452">CopyFeatures \\seca\f\OperationalProcessing\DroughtMonitor\raw\usdm140211\Drought_Impacts_US.shp \\seca\f\OperationalProcessing\DroughtMonitor\processed\20140211\20140211.gdb\Drought_Impacts_US_P # 0 0 0</Process><Process ToolSource="c:\program files (x86)\arcgis\desktop10.1\ArcToolbox\Toolboxes\Data Management Tools.tbx\CopyFeatures" Date="20140212" Time="121335">CopyFeatures \\seca\f\OperationalProcessing\DroughtMonitor\processed\20140211\20140211.gdb\Drought_Impacts_US_P \\seca\f\OperationalProcessing\DroughtMonitor\data\shapefiles_r\Drought_Impacts_US_P.shp # 0 0 0</Process><Process ToolSource="c:\program files (x86)\arcgis\desktop10.1\ArcToolbox\Toolboxes\Data Management Tools.tbx\CopyFeatures" Date="20140219" Time="143832">CopyFeatures \\seca\f\OperationalProcessing\DroughtMonitor\raw\usdm140218\Drought_Impacts_US.shp \\seca\f\OperationalProcessing\DroughtMonitor\processed\20140218\20140218.gdb\Drought_Impacts_US_P # 0 0 0</Process><Process ToolSource="c:\program files (x86)\arcgis\desktop10.1\ArcToolbox\Toolboxes\Data Management Tools.tbx\CopyFeatures" Date="20140219" Time="173654">CopyFeatures \\seca\f\OperationalProcessing\DroughtMonitor\processed\20140218\20140218.gdb\Drought_Impacts_US_P \\seca\f\OperationalProcessing\DroughtMonitor\data\authorfiles\temp\Drought_Impacts_US_P.shp # 0 0 0</Process><Process ToolSource="c:\program files (x86)\arcgis\desktop10.1\ArcToolbox\Toolboxes\Data Management Tools.tbx\CopyFeatures" Date="20140226" Time="161845">CopyFeatures \\seca\f\OperationalProcessing\DroughtMonitor\raw\usdm140225\Drought_Impacts_US.shp \\seca\f\OperationalProcessing\DroughtMonitor\processed\20140225\20140225.gdb\Drought_Impacts_US_P # 0 0 0</Process><Process ToolSource="c:\program files (x86)\arcgis\desktop10.1\ArcToolbox\Toolboxes\Data Management Tools.tbx\CopyFeatures" Date="20140226" Time="185344">CopyFeatures \\seca\f\OperationalProcessing\DroughtMonitor\processed\20140225\20140225.gdb\Drought_Impacts_US_P \\seca\f\OperationalProcessing\DroughtMonitor\data\authorfiles\temp\Drought_Impacts_US_P.shp # 0 0 0</Process><Process ToolSource="c:\program files (x86)\arcgis\desktop10.1\ArcToolbox\Toolboxes\Data Management Tools.tbx\CopyFeatures" Date="20140312" Time="170003">CopyFeatures \\seca\f\OperationalProcessing\DroughtMonitor\raw\usdm140311\Drought_Impacts_US.shp \\seca\f\OperationalProcessing\DroughtMonitor\processed\20140311\20140311.gdb\Drought_Impacts_US_P # 0 0 0</Process><Process ToolSource="c:\program files (x86)\arcgis\desktop10.1\ArcToolbox\Toolboxes\Data Management Tools.tbx\CopyFeatures" Date="20140312" Time="194453">CopyFeatures \\seca\f\OperationalProcessing\DroughtMonitor\processed\20140311\20140311.gdb\Drought_Impacts_US_P \\seca\f\OperationalProcessing\DroughtMonitor\data\authorfiles\temp\Drought_Impacts_US_P.shp # 0 0 0</Process><Process ToolSource="c:\program files (x86)\arcgis\desktop10.1\ArcToolbox\Toolboxes\Data Management Tools.tbx\CopyFeatures" Date="20140319" Time="151133">CopyFeatures \\seca\f\OperationalProcessing\DroughtMonitor\raw\usdm140318\Drought_Impacts_US.shp \\seca\f\OperationalProcessing\DroughtMonitor\processed\20140318\20140318.gdb\Drought_Impacts_US_P # 0 0 0</Process><Process ToolSource="c:\program files (x86)\arcgis\desktop10.1\ArcToolbox\Toolboxes\Data Management Tools.tbx\CopyFeatures" Date="20140319" Time="153908">CopyFeatures \\seca\f\OperationalProcessing\DroughtMonitor\processed\20140318\20140318.gdb\Drought_Impacts_US_P \\seca\f\OperationalProcessing\DroughtMonitor\data\shapefiles_r\Drought_Impacts_US_P.shp # 0 0 0</Process><Process ToolSource="c:\program files (x86)\arcgis\desktop10.1\ArcToolbox\Toolboxes\Data Management Tools.tbx\CopyFeatures" Date="20140326" Time="161931">CopyFeatures \\seca\f\OperationalProcessing\DroughtMonitor\raw\usdm140325\Drought_Impacts_US.shp \\seca\f\OperationalProcessing\DroughtMonitor\processed\20140325\20140325.gdb\Drought_Impacts_US_P # 0 0 0</Process><Process ToolSource="c:\program files (x86)\arcgis\desktop10.1\ArcToolbox\Toolboxes\Data Management Tools.tbx\CopyFeatures" Date="20140326" Time="164937">CopyFeatures \\seca\f\OperationalProcessing\DroughtMonitor\processed\20140325\20140325.gdb\Drought_Impacts_US_P \\seca\f\OperationalProcessing\DroughtMonitor\data\shapefiles_r\Drought_Impacts_US_P.shp # 0 0 0</Process><Process ToolSource="c:\program files (x86)\arcgis\desktop10.1\ArcToolbox\Toolboxes\Data Management Tools.tbx\CopyFeatures" Date="20140402" Time="163112">CopyFeatures \\seca\f\OperationalProcessing\DroughtMonitor\raw\usdm140401\Drought_Impacts_US.shp \\seca\f\OperationalProcessing\DroughtMonitor\processed\20140401\20140401.gdb\Drought_Impacts_US_P # 0 0 0</Process><Process ToolSource="c:\program files (x86)\arcgis\desktop10.1\ArcToolbox\Toolboxes\Data Management Tools.tbx\CopyFeatures" Date="20140402" Time="170038">CopyFeatures \\seca\f\OperationalProcessing\DroughtMonitor\processed\20140401\20140401.gdb\Drought_Impacts_US_P \\seca\f\OperationalProcessing\DroughtMonitor\data\shapefiles_i\Drought_Impacts_US_P.shp # 0 0 0</Process><Process ToolSource="C:\Program Files (x86)\ArcGIS\Desktop10.0\ArcToolbox\Toolboxes\Data Management Tools.tbx\Merge" Date="20140408" Time="163108">Merge Export_Output;Drought_impact_lines_201403 C:\Users\mlopezq\Documents\ArcGIS\Default.gdb\Export_Output_Merge "FID_Drough "FID_Drough" true true false 9 Long 0 9 ,First,#,Export_Output,FID_Drough,-1,-1,Drought_impact_lines_201403,FID_Drough,-1,-1;FID_Drou_1 "FID_Drou_1" true true false 9 Long 0 9 ,First,#,Export_Output,FID_Drou_1,-1,-1;Id "Id" true true false 9 Long 0 9 ,First,#,Export_Output,Id,-1,-1;Id_1 "Id_1" true true false 9 Long 0 9 ,First,#,Export_Output,Id_1,-1,-1;Id_12 "Id_12" true true false 9 Long 0 9 ,First,#,Export_Output,Id_12,-1,-1;FID_Drou_2 "FID_Drou_2" true true false 9 Long 0 9 ,First,#,Export_Output,FID_Drou_2,-1,-1;Id_12_13 "Id_12_13" true true false 9 Long 0 9 ,First,#,Export_Output,Id_12_13,-1,-1;FID_Drou_3 "FID_Drou_3" true true false 9 Long 0 9 ,First,#,Export_Output,FID_Drou_3,-1,-1;Id_12_1_14 "Id_12_1_14" true true false 9 Long 0 9 ,First,#,Export_Output,Id_12_1_14,-1,-1;Shape_Leng "Shape_Leng" true true false 19 Double 0 0 ,First,#,Export_Output,Shape_Leng,-1,-1;Shape_Le_1 "Shape_Le_1" true true false 19 Double 0 0 ,First,#,Export_Output,Shape_Le_1,-1,-1;Shape_Le_2 "Shape_Le_2" true true false 19 Double 0 0 ,First,#,Export_Output,Shape_Le_2,-1,-1;Shape_Le_3 "Shape_Le_3" true true false 19 Double 0 0 ,First,#,Export_Output,Shape_Le_3,-1,-1;Shape_Le_4 "Shape_Le_4" true true false 19 Double 0 0 ,First,#,Export_Output,Shape_Le_4,-1,-1;Shape_Le_5 "Shape_Le_5" true true false 19 Double 0 0 ,First,#,Export_Output,Shape_Le_5,-1,-1;Shape_Le_6 "Shape_Le_6" true true false 19 Double 0 0 ,First,#,Export_Output,Shape_Le_6,-1,-1;Shape_Le_7 "Shape_Le_7" true true false 19 Double 0 0 ,First,#,Export_Output,Shape_Le_7,-1,-1;Shape_Le_8 "Shape_Le_8" true true false 19 Double 0 0 ,First,#,Export_Output,Shape_Le_8,-1,-1;Shape_Le_9 "Shape_Le_9" true true false 19 Double 0 0 ,First,#,Export_Output,Shape_Le_9,-1,-1;Shape_L_10 "Shape_L_10" true true false 19 Double 0 0 ,First,#,Export_Output,Shape_L_10,-1,-1;Shape_L_11 "Shape_L_11" true true false 19 Double 0 0 ,First,#,Export_Output,Shape_L_11,-1,-1;Shape_L_12 "Shape_L_12" true true false 19 Double 0 0 ,First,#,Export_Output,Shape_L_12,-1,-1;Shape_L_13 "Shape_L_13" true true false 19 Double 0 0 ,First,#,Export_Output,Shape_L_13,-1,-1;Shape_L_14 "Shape_L_14" true true false 19 Double 0 0 ,First,#,Export_Output,Shape_L_14,-1,-1;Shape_L_15 "Shape_L_15" true true false 19 Double 0 0 ,First,#,Export_Output,Shape_L_15,-1,-1;Shape_L_16 "Shape_L_16" true true false 19 Double 0 0 ,First,#,Export_Output,Shape_L_16,-1,-1;Shape_L_17 "Shape_L_17" true true false 19 Double 0 0 ,First,#,Export_Output,Shape_L_17,-1,-1;Shape_Area "Shape_Area" true true false 19 Double 0 0 ,First,#,Export_Output,Shape_Area,-1,-1;FID_impact "FID_impact" true true false 9 Long 0 9 ,First,#,Drought_impact_lines_201403,FID_impact,-1,-1"</Process><Process ToolSource="C:\Program Files (x86)\ArcGIS\Desktop10.0\ArcToolbox\Toolboxes\Data Management Tools.tbx\Merge" Date="20140408" Time="163154">Merge Export_Output_Merge;Drought_Impacts_US C:\Users\mlopezq\Documents\ArcGIS\Default.gdb\Export_Output_Merge_Merge "FID_Drough "FID_Drough" true true false 4 Long 0 0 ,First,#,Export_Output_Merge,FID_Drough,-1,-1,Drought_Impacts_US,FID_Drough,-1,-1;FID_Drou_1 "FID_Drou_1" true true false 4 Long 0 0 ,First,#,Export_Output_Merge,FID_Drou_1,-1,-1,Drought_Impacts_US,FID_Drou_1,-1,-1;Id "Id" true true false 4 Long 0 0 ,First,#,Export_Output_Merge,Id,-1,-1,Drought_Impacts_US,Id,-1,-1;Id_1 "Id_1" true true false 4 Long 0 0 ,First,#,Export_Output_Merge,Id_1,-1,-1,Drought_Impacts_US,Id_1,-1,-1;Id_12 "Id_12" true true false 4 Long 0 0 ,First,#,Export_Output_Merge,Id_12,-1,-1,Drought_Impacts_US,Id_12,-1,-1;FID_Drou_2 "FID_Drou_2" true true false 4 Long 0 0 ,First,#,Export_Output_Merge,FID_Drou_2,-1,-1,Drought_Impacts_US,FID_Drou_2,-1,-1;Id_12_13 "Id_12_13" true true false 4 Long 0 0 ,First,#,Export_Output_Merge,Id_12_13,-1,-1,Drought_Impacts_US,Id_12_13,-1,-1;FID_Drou_3 "FID_Drou_3" true true false 4 Long 0 0 ,First,#,Export_Output_Merge,FID_Drou_3,-1,-1,Drought_Impacts_US,FID_Drou_3,-1,-1;Id_12_1_14 "Id_12_1_14" true true false 4 Long 0 0 ,First,#,Export_Output_Merge,Id_12_1_14,-1,-1,Drought_Impacts_US,Id_12_1_14,-1,-1;Shape_Leng "Shape_Leng" true true false 8 Double 0 0 ,First,#,Export_Output_Merge,Shape_Leng,-1,-1,Drought_Impacts_US,Shape_Leng,-1,-1;Shape_Le_1 "Shape_Le_1" true true false 8 Double 0 0 ,First,#,Export_Output_Merge,Shape_Le_1,-1,-1,Drought_Impacts_US,Shape_Le_1,-1,-1;Shape_Le_2 "Shape_Le_2" true true false 8 Double 0 0 ,First,#,Export_Output_Merge,Shape_Le_2,-1,-1,Drought_Impacts_US,Shape_Le_2,-1,-1;Shape_Le_3 "Shape_Le_3" true true false 8 Double 0 0 ,First,#,Export_Output_Merge,Shape_Le_3,-1,-1,Drought_Impacts_US,Shape_Le_3,-1,-1;Shape_Le_4 "Shape_Le_4" true true false 8 Double 0 0 ,First,#,Export_Output_Merge,Shape_Le_4,-1,-1,Drought_Impacts_US,Shape_Le_4,-1,-1;Shape_Le_5 "Shape_Le_5" true true false 8 Double 0 0 ,First,#,Export_Output_Merge,Shape_Le_5,-1,-1,Drought_Impacts_US,Shape_Le_5,-1,-1;Shape_Le_6 "Shape_Le_6" true true false 8 Double 0 0 ,First,#,Export_Output_Merge,Shape_Le_6,-1,-1,Drought_Impacts_US,Shape_Le_6,-1,-1;Shape_Le_7 "Shape_Le_7" true true false 8 Double 0 0 ,First,#,Export_Output_Merge,Shape_Le_7,-1,-1,Drought_Impacts_US,Shape_Le_7,-1,-1;Shape_Le_8 "Shape_Le_8" true true false 8 Double 0 0 ,First,#,Export_Output_Merge,Shape_Le_8,-1,-1,Drought_Impacts_US,Shape_Le_8,-1,-1;Shape_Le_9 "Shape_Le_9" true true false 8 Double 0 0 ,First,#,Export_Output_Merge,Shape_Le_9,-1,-1,Drought_Impacts_US,Shape_Le_9,-1,-1;Shape_L_10 "Shape_L_10" true true false 8 Double 0 0 ,First,#,Export_Output_Merge,Shape_L_10,-1,-1,Drought_Impacts_US,Shape_L_10,-1,-1;Shape_L_11 "Shape_L_11" true true false 8 Double 0 0 ,First,#,Export_Output_Merge,Shape_L_11,-1,-1,Drought_Impacts_US,Shape_L_11,-1,-1;Shape_L_12 "Shape_L_12" true true false 8 Double 0 0 ,First,#,Export_Output_Merge,Shape_L_12,-1,-1,Drought_Impacts_US,Shape_L_12,-1,-1;Shape_L_13 "Shape_L_13" true true false 8 Double 0 0 ,First,#,Export_Output_Merge,Shape_L_13,-1,-1,Drought_Impacts_US,Shape_L_13,-1,-1;Shape_L_14 "Shape_L_14" true true false 8 Double 0 0 ,First,#,Export_Output_Merge,Shape_L_14,-1,-1,Drought_Impacts_US,Shape_L_14,-1,-1;Shape_L_15 "Shape_L_15" true true false 8 Double 0 0 ,First,#,Export_Output_Merge,Shape_L_15,-1,-1,Drought_Impacts_US,Shape_L_15,-1,-1;Shape_L_16 "Shape_L_16" true true false 8 Double 0 0 ,First,#,Export_Output_Merge,Shape_L_16,-1,-1,Drought_Impacts_US,Shape_L_16,-1,-1;Shape_L_17 "Shape_L_17" true true false 8 Double 0 0 ,First,#,Export_Output_Merge,Shape_L_17,-1,-1,Drought_Impacts_US,Shape_L_17,-1,-1;FID_impact "FID_impact" true true false 4 Long 0 0 ,First,#,Export_Output_Merge,FID_impact,-1,-1;Shape_Length "Shape_Length" false true true 8 Double 0 0 ,First,#,Export_Output_Merge,Shape_Length,-1,-1;Shape_Area "Shape_Area" false true true 8 Double 0 0 ,First,#,Export_Output_Merge,Shape_Area,-1,-1,Drought_Impacts_US,Shape_Area,-1,-1"</Process></lineage><itemProps><itemName Sync="TRUE">Export_Output_Merge_Merge</itemName><imsContentType Sync="TRUE">002</imsContentType><itemSize Sync="TRUE">0.000</itemSize><itemLocation><linkage Sync="TRUE">file://\\CE0408W432\C$\Users\mlopezq\Documents\ArcGIS\Default.gdb</linkage><protocol Sync="TRUE">Local Area Network</protocol></itemLocation></itemProps><coordRef><type Sync="TRUE">Projected</type><geogcsn Sync="TRUE">GCS_North_American_1983</geogcsn><projcsn Sync="TRUE">USA_Contiguous_Albers_Equal_Area_Conic</projcsn><peXml Sync="TRUE">&lt;ProjectedCoordinateSystem xsi:type='typens:ProjectedCoordinateSystem' xmlns:xsi='http://www.w3.org/2001/XMLSchema-instance' xmlns:xs='http://www.w3.org/2001/XMLSchema' xmlns:typens='http://www.esri.com/schemas/ArcGIS/10.0'&gt;&lt;WKT&gt;PROJCS[&amp;quot;USA_Contiguous_Albers_Equal_Area_Conic&amp;quot;,GEOGCS[&amp;quot;GCS_North_American_1983&amp;quot;,DATUM[&amp;quot;D_North_American_1983&amp;quot;,SPHEROID[&amp;quot;GRS_1980&amp;quot;,6378137.0,298.257222101]],PRIMEM[&amp;quot;Greenwich&amp;quot;,0.0],UNIT[&amp;quot;Degree&amp;quot;,0.0174532925199433]],PROJECTION[&amp;quot;Albers&amp;quot;],PARAMETER[&amp;quot;False_Easting&amp;quot;,0.0],PARAMETER[&amp;quot;False_Northing&amp;quot;,0.0],PARAMETER[&amp;quot;central_meridian&amp;quot;,-96.0],PARAMETER[&amp;quot;Standard_Parallel_1&amp;quot;,29.5],PARAMETER[&amp;quot;Standard_Parallel_2&amp;quot;,45.5],PARAMETER[&amp;quot;latitude_of_origin&amp;quot;,37.5],UNIT[&amp;quot;Meter&amp;quot;,1.0],AUTHORITY[&amp;quot;ESRI&amp;quot;,102003]]&lt;/WKT&gt;&lt;XOrigin&gt;-16901100&lt;/XOrigin&gt;&lt;YOrigin&gt;-8579000&lt;/YOrigin&gt;&lt;XYScale&gt;10000&lt;/XYScale&gt;&lt;ZOrigin&gt;-100000&lt;/ZOrigin&gt;&lt;ZScale&gt;10000&lt;/ZScale&gt;&lt;MOrigin&gt;-100000&lt;/MOrigin&gt;&lt;MScale&gt;10000&lt;/MScale&gt;&lt;XYTolerance&gt;0.001&lt;/XYTolerance&gt;&lt;ZTolerance&gt;0.001&lt;/ZTolerance&gt;&lt;MTolerance&gt;0.001&lt;/MTolerance&gt;&lt;HighPrecision&gt;true&lt;/HighPrecision&gt;&lt;WKID&gt;102003&lt;/WKID&gt;&lt;/ProjectedCoordinateSystem&gt;</peXml><csUnits Sync="TRUE">Linear Unit: Meter (1.000000)</csUnits></coordRef></DataProperties><ArcGISFormat>1.0</ArcGISFormat></Esri><idinfo><citation><citeinfo><onlink Sync="TRUE">\\Cpcgis\GIS\Drought_Monitor\DroughtImpacts\Drought_Impacts_US_Clip.shp</onlink><origin>REQUIRED: The name of an organization or individual that developed the data set.</origin><pubdate>REQUIRED: The date when the data set is published or otherwise made available for release.</pubdate><title Sync="TRUE">Drought_Impacts_US_Clip</title><ftname Sync="TRUE">Drought_Impacts_US_Clip</ftname><geoform Sync="TRUE">vector digital data</geoform></citeinfo></citation><native Sync="TRUE">Microsoft Windows XP Version 5.1 (Build 2600) Service Pack 3; ESRI ArcCatalog 9.3.1.3500</native><descript><langdata Sync="TRUE">en</langdata><abstract>REQUIRED: A brief narrative summary of the data set.</abstract><purpose>REQUIRED: A summary of the intentions with which the data set was developed.</purpose></descript><timeperd><current>REQUIRED: The basis on which the time period of content information is determined.</current><timeinfo><sngdate><caldate>REQUIRED: The year (and optionally month, or month and day) for which the data set corresponds to the ground.</caldate></sngdate></timeinfo></timeperd><status><progress>REQUIRED: The state of the data set.</progress><update>REQUIRED: The frequency with which changes and additions are made to the data set after the initial data set is completed.</update></status><spdom><bounding><westbc Sync="TRUE">-163.023115</westbc><eastbc Sync="TRUE">-103.409533</eastbc><northbc Sync="TRUE">47.433784</northbc><southbc Sync="TRUE">18.684613</southbc></bounding><lboundng><leftbc Sync="TRUE">-6115314.674886</leftbc><rightbc Sync="TRUE">-656613.034236</rightbc><bottombc Sync="TRUE">-82365.814863</bottombc><topbc Sync="TRUE">1138819.725595</topbc></lboundng></spdom><keywords><theme><themekt>REQUIRED: Reference to a formally registered thesaurus or a similar authoritative source of theme keywords.</themekt><themekey>REQUIRED: Common-use word or phrase used to describe the subject of the data set.</themekey></theme></keywords><accconst>REQUIRED: Restrictions and legal prerequisites for accessing the data set.</accconst><useconst>REQUIRED: Restrictions and legal prerequisites for using the data set after access is granted.</useconst><natvform Sync="TRUE">Shapefile</natvform></idinfo><distInfo><distributor><distorTran><onLineSrc><linkage Sync="TRUE">file://\\Cpcgis\GIS\Drought_Monitor\DroughtImpacts\Drought_Impacts_US_Clip.shp</linkage><protocol Sync="TRUE">Local Area Network</protocol><orDesc Sync="TRUE">002</orDesc></onLineSrc><transSize Sync="TRUE">0.000</transSize></distorTran><distorFormat><formatName Sync="TRUE">Shapefile</formatName></distorFormat></distributor><distFormat><formatName Sync="TRUE">File Geodatabase Feature Class</formatName></distFormat><distTranOps><transSize Sync="TRUE">0.000</transSize></distTranOps></distInfo><dataqual><lineage><procstep><procdesc Sync="TRUE">Dataset copied.</procdesc><srcused Sync="TRUE">C:\MyDocuments\Drought Monitor Files\usdm30dec2003\New_Drought_Impacts</srcused><date Sync="TRUE">20040107</date><time Sync="TRUE">18594400</time></procstep><procstep><procdesc Sync="TRUE">Dataset copied.</procdesc><srcused Sync="TRUE">D:\MyFiles\Drought Monitor\Drought Monitor Files\Drought_Impacts_US</srcused><date Sync="TRUE">20040120</date><time Sync="TRUE">15123900</time></procstep><procstep><procdesc Sync="TRUE">Dataset copied.</procdesc><srcused Sync="TRUE">C:\MyDocuments\Drought Monitor Files\usdm-current\DroughtImpacts\Drought_Impacts_US</srcused><date Sync="TRUE">20041019</date><time Sync="TRUE">12181600</time></procstep><procstep><procdesc Sync="TRUE">Dataset copied.</procdesc><srcused Sync="TRUE"></srcused><date Sync="TRUE">20051228</date><time Sync="TRUE">23410300</time></procstep><procstep><procdesc Sync="TRUE">Dataset copied.</procdesc><srcused Sync="TRUE"></srcused><date Sync="TRUE">20080702</date><time Sync="TRUE">20222200</time></procstep></lineage></dataqual><dataIdInfo><envirDesc Sync="TRUE">Microsoft Windows Server 2008 R2 Version 6.1 (Build 7601) Service Pack 1; ESRI ArcGIS 10.0.0.2414</envirDesc><dataLang><languageCode Sync="TRUE" value="spa" country="MEX"></languageCode><countryCode value="USA" Sync="TRUE"></countryCode></dataLang><idCitation><resTitle Sync="TRUE">Export_Output_Merge_Merge</resTitle><presForm><PresFormCd Sync="TRUE" value="005"></PresFormCd></presForm></idCitation><spatRpType><SpatRepTypCd Sync="TRUE" value="001"></SpatRepTypCd></spatRpType><dataExt><geoEle><GeoBndBox esriExtentType="native"><westBL Sync="TRUE">-6115314.674886</westBL><eastBL Sync="TRUE">-656613.034236</eastBL><northBL Sync="TRUE">1138819.725595</northBL><southBL Sync="TRUE">-82365.814863</southBL><exTypeCode Sync="TRUE">1</exTypeCode></GeoBndBox></geoEle></dataExt><geoBox esriExtentType="decdegrees"><westBL Sync="TRUE">-163.023115</westBL><eastBL Sync="TRUE">-103.409533</eastBL><northBL Sync="TRUE">47.433784</northBL><southBL Sync="TRUE">18.684613</southBL><exTypeCode Sync="TRUE">1</exTypeCode></geoBox><descKeys><thesaName uuidref="723f6998-058e-11dc-8314-0800200c9a66"></thesaName><keyword Sync="TRUE">002</keyword></descKeys></dataIdInfo><metainfo><langmeta Sync="TRUE">en</langmeta><metstdn Sync="TRUE">FGDC Content Standards for Digital Geospatial Metadata</metstdn><metstdv Sync="TRUE">FGDC-STD-001-1998</metstdv><mettc Sync="TRUE">local time</mettc><metc><cntinfo><cntorgp><cntper>REQUIRED: The person responsible for the metadata information.</cntper><cntorg>REQUIRED: The organization responsible for the metadata information.</cntorg></cntorgp><cntaddr><addrtype>REQUIRED: The mailing and/or physical address for the organization or individual.</addrtype><city>REQUIRED: The city of the address.</city><state>REQUIRED: The state or province of the address.</state><postal>REQUIRED: The ZIP or other postal code of the address.</postal></cntaddr><cntvoice>REQUIRED: The telephone number by which individuals can speak to the organization or individual.</cntvoice></cntinfo></metc><metd Sync="TRUE">20110511</metd></metainfo><mdLang><languageCode Sync="TRUE" value="spa"></languageCode><countryCode value="USA" Sync="TRUE"></countryCode></mdLang><mdStanName Sync="TRUE">ISO 19115 Geographic Information - Metadata</mdStanName><mdStanVer Sync="TRUE">DIS_ESRI1.0</mdStanVer><mdChar><CharSetCd Sync="TRUE" value="004"></CharSetCd></mdChar><mdHrLv><ScopeCd Sync="TRUE" value="005"></ScopeCd></mdHrLv><mdHrLvName Sync="TRUE">dataset</mdHrLvName><distinfo><resdesc Sync="TRUE">Downloadable Data</resdesc><stdorder><digform><digtinfo><transize Sync="TRUE">0.000</transize><dssize Sync="TRUE">0.000</dssize></digtinfo></digform></stdorder></distinfo><spdoinfo><direct Sync="TRUE">Vector</direct><ptvctinf><esriterm Name="Export_Output_Merge_Merge"><efeatyp Sync="TRUE">Simple</efeatyp><efeageom Sync="TRUE">4</efeageom><esritopo Sync="TRUE">FALSE</esritopo><efeacnt Sync="TRUE">0</efeacnt><spindex Sync="TRUE">TRUE</spindex><linrefer Sync="TRUE">FALSE</linrefer></esriterm></ptvctinf></spdoinfo><spref><horizsys><cordsysn><geogcsn Sync="TRUE">GCS_North_American_1983</geogcsn><projcsn Sync="TRUE">USA_Contiguous_Albers_Equal_Area_Conic</projcsn></cordsysn><planar><planci><plance Sync="TRUE">coordinate pair</plance><plandu Sync="TRUE">meters</plandu><coordrep><absres Sync="TRUE">0.000000</absres><ordres Sync="TRUE">0.000000</ordres></coordrep></planci></planar><geodetic><horizdn Sync="TRUE">North American Datum of 1983</horizdn><ellips Sync="TRUE">Geodetic Reference System 80</ellips><semiaxis Sync="TRUE">6378137.000000</semiaxis><denflat Sync="TRUE">298.257222</denflat></geodetic></horizsys></spref><refSysInfo><RefSystem><refSysID><identCode Sync="TRUE" code="102003" value="102003">USA_Contiguous_Albers_Equal_Area_Conic</identCode><idCodeSpace Sync="TRUE">ESRI</idCodeSpace><idVersion Sync="TRUE">10.0.0</idVersion></refSysID></RefSystem></refSysInfo><spatRepInfo><VectSpatRep><geometObjs Name="Drought_Impacts_US_P"><geoObjTyp><GeoObjTypCd value="002" Sync="TRUE"></GeoObjTypCd><geoObjCnt Sync="TRUE">0</geoObjCnt></geoObjTyp><geoObjCnt Sync="TRUE">0</geoObjCnt></geometObjs><topLvl><TopoLevCd value="001" Sync="TRUE"></TopoLevCd></topLvl></VectSpatRep></spatRepInfo><eainfo><detailed Name="Export_Output_Merge_Merge"><enttyp><enttypl Sync="TRUE">Export_Output_Merge_Merge</enttypl><enttypt Sync="TRUE">Feature Class</enttypt><enttypc Sync="TRUE">0</enttypc></enttyp><attr><attrlabl Sync="TRUE">OBJECTID</attrlabl><attalias Sync="TRUE">OBJECTID</attalias><attrtype Sync="TRUE">OID</attrtype><attwidth Sync="TRUE">4</attwidth><atprecis Sync="TRUE">0</atprecis><attscale Sync="TRUE">0</attscale><attrdef Sync="TRUE">Internal feature number.</attrdef><attrdefs Sync="TRUE">ESRI</attrdefs><attrdomv><udom Sync="TRUE">Sequential unique whole numbers that are automatically generated.</udom></attrdomv></attr><attr><attrlabl Sync="TRUE">Shape</attrlabl><attalias Sync="TRUE">Shape</attalias><attrtype Sync="TRUE">Geometry</attrtype><attwidth Sync="TRUE">0</attwidth><atprecis Sync="TRUE">0</atprecis><attscale Sync="TRUE">0</attscale><attrdef Sync="TRUE">Feature geometry.</attrdef><attrdefs Sync="TRUE">ESRI</attrdefs><attrdomv><udom Sync="TRUE">Coordinates defining the features.</udom></attrdomv></attr><attr><attrlabl Sync="TRUE">FID_Drough</attrlabl><attalias Sync="TRUE">FID_Drough</attalias><attrtype Sync="TRUE">Integer</attrtype><attwidth Sync="TRUE">4</attwidth><atprecis Sync="TRUE">0</atprecis><attscale Sync="TRUE">0</attscale></attr><attr><attrlabl Sync="TRUE">Id</attrlabl><attalias Sync="TRUE">Id</attalias><attrtype Sync="TRUE">Integer</attrtype><attwidth Sync="TRUE">4</attwidth><atprecis Sync="TRUE">0</atprecis><attscale Sync="TRUE">0</attscale></attr><attr><attrlabl Sync="TRUE">Id_1</attrlabl><attalias Sync="TRUE">Id_1</attalias><attrtype Sync="TRUE">Integer</attrtype><attwidth Sync="TRUE">4</attwidth><atprecis Sync="TRUE">0</atprecis><attscale Sync="TRUE">0</attscale></attr><attr><attrlabl Sync="TRUE">Id_12</attrlabl><attalias Sync="TRUE">Id_12</attalias><attrtype Sync="TRUE">Integer</attrtype><attwidth Sync="TRUE">4</attwidth><atprecis Sync="TRUE">0</atprecis><attscale Sync="TRUE">0</attscale></attr><attr><attrlabl Sync="TRUE">FID_Drou_1</attrlabl><attalias Sync="TRUE">FID_Drou_1</attalias><attrtype Sync="TRUE">Integer</attrtype><attwidth Sync="TRUE">4</attwidth><atprecis Sync="TRUE">0</atprecis><attscale Sync="TRUE">0</attscale></attr><attr><attrlabl Sync="TRUE">FID_Drou_2</attrlabl><attalias Sync="TRUE">FID_Drou_2</attalias><attrtype Sync="TRUE">Integer</attrtype><attwidth Sync="TRUE">4</attwidth><atprecis Sync="TRUE">0</atprecis><attscale Sync="TRUE">0</attscale></attr><attr><attrlabl Sync="TRUE">Id_12_13</attrlabl><attalias Sync="TRUE">Id_12_13</attalias><attrtype Sync="TRUE">Integer</attrtype><attwidth Sync="TRUE">4</attwidth><atprecis Sync="TRUE">0</atprecis><attscale Sync="TRUE">0</attscale></attr><attr><attrlabl Sync="TRUE">FID_Drou_3</attrlabl><attalias Sync="TRUE">FID_Drou_3</attalias><attrtype Sync="TRUE">Integer</attrtype><attwidth Sync="TRUE">4</attwidth><atprecis Sync="TRUE">0</atprecis><attscale Sync="TRUE">0</attscale></attr><attr><attrlabl Sync="TRUE">Id_12_1_14</attrlabl><attalias Sync="TRUE">Id_12_1_14</attalias><attrtype Sync="TRUE">Integer</attrtype><attwidth Sync="TRUE">4</attwidth><atprecis Sync="TRUE">0</atprecis><attscale Sync="TRUE">0</attscale></attr><attr><attrlabl Sync="TRUE">Shape_Leng</attrlabl><attalias Sync="TRUE">Shape_Leng</attalias><attrtype Sync="TRUE">Double</attrtype><attwidth Sync="TRUE">8</attwidth><atprecis Sync="TRUE">0</atprecis><attscale Sync="TRUE">0</attscale></attr><attr><attrlabl Sync="TRUE">Shape_Le_1</attrlabl><attalias Sync="TRUE">Shape_Le_1</attalias><attrtype Sync="TRUE">Double</attrtype><attwidth Sync="TRUE">8</attwidth><atprecis Sync="TRUE">0</atprecis><attscale Sync="TRUE">0</attscale></attr><attr><attrlabl Sync="TRUE">Shape_Le_2</attrlabl><attalias Sync="TRUE">Shape_Le_2</attalias><attrtype Sync="TRUE">Double</attrtype><attwidth Sync="TRUE">8</attwidth><atprecis Sync="TRUE">0</atprecis><attscale Sync="TRUE">0</attscale></attr><attr><attrlabl Sync="TRUE">Shape_Le_3</attrlabl><attalias Sync="TRUE">Shape_Le_3</attalias><attrtype Sync="TRUE">Double</attrtype><attwidth Sync="TRUE">8</attwidth><atprecis Sync="TRUE">0</atprecis><attscale Sync="TRUE">0</attscale></attr><attr><attrlabl Sync="TRUE">Shape_Le_4</attrlabl><attalias Sync="TRUE">Shape_Le_4</attalias><attrtype Sync="TRUE">Double</attrtype><attwidth Sync="TRUE">8</attwidth><atprecis Sync="TRUE">0</atprecis><attscale Sync="TRUE">0</attscale></attr><attr><attrlabl Sync="TRUE">Shape_Le_5</attrlabl><attalias Sync="TRUE">Shape_Le_5</attalias><attrtype Sync="TRUE">Double</attrtype><attwidth Sync="TRUE">8</attwidth><atprecis Sync="TRUE">0</atprecis><attscale Sync="TRUE">0</attscale></attr><attr><attrlabl Sync="TRUE">Shape_Le_6</attrlabl><attalias Sync="TRUE">Shape_Le_6</attalias><attrtype Sync="TRUE">Double</attrtype><attwidth Sync="TRUE">8</attwidth><atprecis Sync="TRUE">0</atprecis><attscale Sync="TRUE">0</attscale></attr><attr><attrlabl Sync="TRUE">Shape_Le_7</attrlabl><attalias Sync="TRUE">Shape_Le_7</attalias><attrtype Sync="TRUE">Double</attrtype><attwidth Sync="TRUE">8</attwidth><atprecis Sync="TRUE">0</atprecis><attscale Sync="TRUE">0</attscale></attr><attr><attrlabl Sync="TRUE">Shape_Le_8</attrlabl><attalias Sync="TRUE">Shape_Le_8</attalias><attrtype Sync="TRUE">Double</attrtype><attwidth Sync="TRUE">8</attwidth><atprecis Sync="TRUE">0</atprecis><attscale Sync="TRUE">0</attscale></attr><attr><attrlabl Sync="TRUE">Shape_Le_9</attrlabl><attalias Sync="TRUE">Shape_Le_9</attalias><attrtype Sync="TRUE">Double</attrtype><attwidth Sync="TRUE">8</attwidth><atprecis Sync="TRUE">0</atprecis><attscale Sync="TRUE">0</attscale></attr><attr><attrlabl Sync="TRUE">Shape_L_10</attrlabl><attalias Sync="TRUE">Shape_L_10</attalias><attrtype Sync="TRUE">Double</attrtype><attwidth Sync="TRUE">8</attwidth><atprecis Sync="TRUE">0</atprecis><attscale Sync="TRUE">0</attscale></attr><attr><attrlabl Sync="TRUE">Shape_L_11</attrlabl><attalias Sync="TRUE">Shape_L_11</attalias><attrtype Sync="TRUE">Double</attrtype><attwidth Sync="TRUE">8</attwidth><atprecis Sync="TRUE">0</atprecis><attscale Sync="TRUE">0</attscale></attr><attr><attrlabl Sync="TRUE">Shape_L_12</attrlabl><attalias Sync="TRUE">Shape_L_12</attalias><attrtype Sync="TRUE">Double</attrtype><attwidth Sync="TRUE">8</attwidth><atprecis Sync="TRUE">0</atprecis><attscale Sync="TRUE">0</attscale></attr><attr><attrlabl Sync="TRUE">Shape_L_13</attrlabl><attalias Sync="TRUE">Shape_L_13</attalias><attrtype Sync="TRUE">Double</attrtype><attwidth Sync="TRUE">8</attwidth><atprecis Sync="TRUE">0</atprecis><attscale Sync="TRUE">0</attscale></attr><attr><attrlabl Sync="TRUE">Shape_L_14</attrlabl><attalias Sync="TRUE">Shape_L_14</attalias><attrtype Sync="TRUE">Double</attrtype><attwidth Sync="TRUE">8</attwidth><atprecis Sync="TRUE">0</atprecis><attscale Sync="TRUE">0</attscale></attr><attr><attrlabl Sync="TRUE">Shape_L_15</attrlabl><attalias Sync="TRUE">Shape_L_15</attalias><attrtype Sync="TRUE">Double</attrtype><attwidth Sync="TRUE">8</attwidth><atprecis Sync="TRUE">0</atprecis><attscale Sync="TRUE">0</attscale></attr><attr><attrlabl Sync="TRUE">Shape_L_16</attrlabl><attalias Sync="TRUE">Shape_L_16</attalias><attrtype Sync="TRUE">Double</attrtype><attwidth Sync="TRUE">8</attwidth><atprecis Sync="TRUE">0</atprecis><attscale Sync="TRUE">0</attscale></attr><attr><attrlabl Sync="TRUE">Shape_L_17</attrlabl><attalias Sync="TRUE">Shape_L_17</attalias><attrtype Sync="TRUE">Double</attrtype><attwidth Sync="TRUE">8</attwidth><atprecis Sync="TRUE">0</atprecis><attscale Sync="TRUE">0</attscale></attr><attr><attrlabl Sync="TRUE">FID_impact</attrlabl><attalias Sync="TRUE">FID_impact</attalias><attrtype Sync="TRUE">Integer</attrtype><attwidth Sync="TRUE">4</attwidth><atprecis Sync="TRUE">0</atprecis><attscale Sync="TRUE">0</attscale></attr><attr><attrlabl Sync="TRUE">Shape_Length</attrlabl><attalias Sync="TRUE">Shape_Length</attalias><attrtype Sync="TRUE">Double</attrtype><attwidth Sync="TRUE">8</attwidth><atprecis Sync="TRUE">0</atprecis><attscale Sync="TRUE">0</attscale><attrdef Sync="TRUE">Length of feature in internal units.</attrdef><attrdefs Sync="TRUE">ESRI</attrdefs><attrdomv><udom Sync="TRUE">Positive real numbers that are automatically generated.</udom></attrdomv></attr><attr><attrlabl Sync="TRUE">Shape_Area</attrlabl><attalias Sync="TRUE">Shape_Area</attalias><attrtype Sync="TRUE">Double</attrtype><attwidth Sync="TRUE">8</attwidth><atprecis Sync="TRUE">0</atprecis><attscale Sync="TRUE">0</attscale><attrdef Sync="TRUE">Area of feature in internal units squared.</attrdef><attrdefs Sync="TRUE">Esri</attrdefs><attrdomv><udom Sync="TRUE">Positive real numbers that are automatically generated.</udom></attrdomv></attr></detailed></eainfo><mdDateSt Sync="TRUE">20140408</mdDateSt></metadata>
