<?xml version="1.0" encoding="UTF-8"?>
<metadata xml:lang="es"><Esri><CreaDate>20150610</CreaDate><CreaTime>12515400</CreaTime><ArcGISFormat>1.0</ArcGISFormat><SyncOnce>FALSE</SyncOnce><DataProperties><itemProps><itemName Sync="TRUE">lines_nadm_Clip1</itemName><imsContentType Sync="TRUE">002</imsContentType><itemSize Sync="TRUE">0,000</itemSize><itemLocation><linkage Sync="TRUE">file://\\CE0408W177\C$\Users\mlopezq\Documents\ArcGIS\Default.gdb</linkage><protocol Sync="TRUE">Local Area Network</protocol></itemLocation></itemProps><coordRef><type Sync="TRUE">Projected</type><geogcsn Sync="TRUE">GCS_North_American_1983</geogcsn><projcsn Sync="TRUE">USA_Contiguous_Albers_Equal_Area_Conic</projcsn><peXml Sync="TRUE">&lt;ProjectedCoordinateSystem xsi:type='typens:ProjectedCoordinateSystem' xmlns:xsi='http://www.w3.org/2001/XMLSchema-instance' xmlns:xs='http://www.w3.org/2001/XMLSchema' xmlns:typens='http://www.esri.com/schemas/ArcGIS/10.0'&gt;&lt;WKT&gt;PROJCS[&amp;quot;USA_Contiguous_Albers_Equal_Area_Conic&amp;quot;,GEOGCS[&amp;quot;GCS_North_American_1983&amp;quot;,DATUM[&amp;quot;D_North_American_1983&amp;quot;,SPHEROID[&amp;quot;GRS_1980&amp;quot;,6378137.0,298.257222101]],PRIMEM[&amp;quot;Greenwich&amp;quot;,0.0],UNIT[&amp;quot;Degree&amp;quot;,0.0174532925199433]],PROJECTION[&amp;quot;Albers&amp;quot;],PARAMETER[&amp;quot;False_Easting&amp;quot;,0.0],PARAMETER[&amp;quot;False_Northing&amp;quot;,0.0],PARAMETER[&amp;quot;central_meridian&amp;quot;,-96.0],PARAMETER[&amp;quot;Standard_Parallel_1&amp;quot;,29.5],PARAMETER[&amp;quot;Standard_Parallel_2&amp;quot;,45.5],PARAMETER[&amp;quot;latitude_of_origin&amp;quot;,37.5],UNIT[&amp;quot;Meter&amp;quot;,1.0],AUTHORITY[&amp;quot;ESRI&amp;quot;,102003]]&lt;/WKT&gt;&lt;XOrigin&gt;-16901100&lt;/XOrigin&gt;&lt;YOrigin&gt;-8579000&lt;/YOrigin&gt;&lt;XYScale&gt;10000&lt;/XYScale&gt;&lt;ZOrigin&gt;-100000&lt;/ZOrigin&gt;&lt;ZScale&gt;10000&lt;/ZScale&gt;&lt;MOrigin&gt;-100000&lt;/MOrigin&gt;&lt;MScale&gt;10000&lt;/MScale&gt;&lt;XYTolerance&gt;0.001&lt;/XYTolerance&gt;&lt;ZTolerance&gt;0.001&lt;/ZTolerance&gt;&lt;MTolerance&gt;0.001&lt;/MTolerance&gt;&lt;HighPrecision&gt;true&lt;/HighPrecision&gt;&lt;WKID&gt;102003&lt;/WKID&gt;&lt;/ProjectedCoordinateSystem&gt;</peXml></coordRef><lineage><Process ToolSource="C:\Program Files (x86)\ArcGIS\Desktop10.0\ArcToolbox\Toolboxes\Analysis Tools.tbx\Clip" Date="20131203" Time="133037">Clip nadm_impact_lines Entidades_Federativas_cortes C:\MONITOR_DE_SEQUIA\MEX_SEQ\2013\mexseq_201310\Drought_impact_lines_201310b.shp #</Process><Process ToolSource="C:\Program Files (x86)\ArcGIS\Desktop10.0\ArcToolbox\Toolboxes\Data Management Tools.tbx\Merge" Date="20150608" Time="130939">Merge Drought_impact_lines_201505_31;Drought_Impacts_US "C:\MONITOR_DE_SEQUIA\Sequia Mexico-NADM\201505NADM\Para los tres paises\Materiales\lines_nadm.shp" "FID_impact "FID_impact" true true false 9 Long 0 9 ,First,#,Drought_impact_lines_201505_31,FID_impact,-1,-1;FID_Drough "FID_Drough" true true false 9 Long 0 9 ,First,#,Drought_impact_lines_201505_31,FID_Drough,-1,-1,Drought_Impacts_US,FID_Drough,-1,-1;FID_Drou_1 "FID_Drou_1" true true false 9 Long 0 9 ,First,#,Drought_impact_lines_201505_31,FID_Drou_1,-1,-1,Drought_Impacts_US,FID_Drou_1,-1,-1;Id "Id" true true false 9 Long 0 9 ,First,#,Drought_impact_lines_201505_31,Id,-1,-1,Drought_Impacts_US,Id,-1,-1;Id_1 "Id_1" true true false 9 Long 0 9 ,First,#,Drought_impact_lines_201505_31,Id_1,-1,-1,Drought_Impacts_US,Id_1,-1,-1;Id_12 "Id_12" true true false 9 Long 0 9 ,First,#,Drought_impact_lines_201505_31,Id_12,-1,-1,Drought_Impacts_US,Id_12,-1,-1;FID_Drou_2 "FID_Drou_2" true true false 9 Long 0 9 ,First,#,Drought_impact_lines_201505_31,FID_Drou_2,-1,-1,Drought_Impacts_US,FID_Drou_2,-1,-1;Id_12_13 "Id_12_13" true true false 9 Long 0 9 ,First,#,Drought_impact_lines_201505_31,Id_12_13,-1,-1,Drought_Impacts_US,Id_12_13,-1,-1;FID_Drou_3 "FID_Drou_3" true true false 9 Long 0 9 ,First,#,Drought_impact_lines_201505_31,FID_Drou_3,-1,-1,Drought_Impacts_US,FID_Drou_3,-1,-1;Id_12_1_14 "Id_12_1_14" true true false 9 Long 0 9 ,First,#,Drought_impact_lines_201505_31,Id_12_1_14,-1,-1,Drought_Impacts_US,Id_12_1_14,-1,-1;Shape_Leng "Shape_Leng" true true false 19 Double 0 0 ,First,#,Drought_impact_lines_201505_31,Shape_Leng,-1,-1,Drought_Impacts_US,Shape_Leng,-1,-1;Shape_Le_1 "Shape_Le_1" true true false 19 Double 0 0 ,First,#,Drought_impact_lines_201505_31,Shape_Le_1,-1,-1,Drought_Impacts_US,Shape_Le_1,-1,-1;Shape_Area "Shape_Area" true true false 19 Double 0 0 ,First,#,Drought_impact_lines_201505_31,Shape_Area,-1,-1,Drought_Impacts_US,Shape_Area,-1,-1;FID_impa_1 "FID_impa_1" true true false 9 Long 0 9 ,First,#,Drought_impact_lines_201505_31,FID_impa_1,-1,-1;FID_Drou_4 "FID_Drou_4" true true false 9 Long 0 9 ,First,#,Drought_impact_lines_201505_31,FID_Drou_4,-1,-1;FID_Drou_5 "FID_Drou_5" true true false 9 Long 0 9 ,First,#,Drought_impact_lines_201505_31,FID_Drou_5,-1,-1;Id_12_1_15 "Id_12_1_15" true true false 6 Long 0 6 ,First,#,Drought_impact_lines_201505_31,Id_12_1_15,-1,-1;Id_12_1_16 "Id_12_1_16" true true false 6 Long 0 6 ,First,#,Drought_impact_lines_201505_31,Id_12_1_16,-1,-1;Id_12_1_17 "Id_12_1_17" true true false 6 Long 0 6 ,First,#,Drought_impact_lines_201505_31,Id_12_1_17,-1,-1;FID_Drou_6 "FID_Drou_6" true true false 9 Long 0 9 ,First,#,Drought_impact_lines_201505_31,FID_Drou_6,-1,-1;Id_12_1_18 "Id_12_1_18" true true false 6 Long 0 6 ,First,#,Drought_impact_lines_201505_31,Id_12_1_18,-1,-1;FID_Drou_7 "FID_Drou_7" true true false 9 Long 0 9 ,First,#,Drought_impact_lines_201505_31,FID_Drou_7,-1,-1;Id_12_1_19 "Id_12_1_19" true true false 6 Long 0 6 ,First,#,Drought_impact_lines_201505_31,Id_12_1_19,-1,-1;Shape_Le_2 "Shape_Le_2" true true false 19 Double 0 0 ,First,#,Drought_Impacts_US,Shape_Le_2,-1,-1;Shape_Le_3 "Shape_Le_3" true true false 19 Double 0 0 ,First,#,Drought_Impacts_US,Shape_Le_3,-1,-1;Shape_Le_4 "Shape_Le_4" true true false 19 Double 0 0 ,First,#,Drought_Impacts_US,Shape_Le_4,-1,-1;Shape_Le_5 "Shape_Le_5" true true false 19 Double 0 0 ,First,#,Drought_Impacts_US,Shape_Le_5,-1,-1;Shape_Le_6 "Shape_Le_6" true true false 19 Double 0 0 ,First,#,Drought_Impacts_US,Shape_Le_6,-1,-1;Shape_Le_7 "Shape_Le_7" true true false 19 Double 0 0 ,First,#,Drought_Impacts_US,Shape_Le_7,-1,-1;Shape_Le_8 "Shape_Le_8" true true false 19 Double 0 0 ,First,#,Drought_Impacts_US,Shape_Le_8,-1,-1;Shape_Le_9 "Shape_Le_9" true true false 19 Double 0 0 ,First,#,Drought_Impacts_US,Shape_Le_9,-1,-1;Shape_L_10 "Shape_L_10" true true false 19 Double 0 0 ,First,#,Drought_Impacts_US,Shape_L_10,-1,-1;Shape_L_11 "Shape_L_11" true true false 19 Double 0 0 ,First,#,Drought_Impacts_US,Shape_L_11,-1,-1;Shape_L_12 "Shape_L_12" true true false 19 Double 0 0 ,First,#,Drought_Impacts_US,Shape_L_12,-1,-1;Shape_L_13 "Shape_L_13" true true false 19 Double 0 0 ,First,#,Drought_Impacts_US,Shape_L_13,-1,-1;Shape_L_14 "Shape_L_14" true true false 19 Double 0 0 ,First,#,Drought_Impacts_US,Shape_L_14,-1,-1;Shape_L_15 "Shape_L_15" true true false 19 Double 0 0 ,First,#,Drought_Impacts_US,Shape_L_15,-1,-1;Shape_L_16 "Shape_L_16" true true false 19 Double 0 0 ,First,#,Drought_Impacts_US,Shape_L_16,-1,-1;Shape_L_17 "Shape_L_17" true true false 19 Double 0 0 ,First,#,Drought_Impacts_US,Shape_L_17,-1,-1;Shape_L_18 "Shape_L_18" true true false 19 Double 0 0 ,First,#,Drought_Impacts_US,Shape_L_18,-1,-1;Shape_L_19 "Shape_L_19" true true false 19 Double 0 0 ,First,#,Drought_Impacts_US,Shape_L_19,-1,-1;Shape_L_20 "Shape_L_20" true true false 19 Double 0 0 ,First,#,Drought_Impacts_US,Shape_L_20,-1,-1;Shape_L_21 "Shape_L_21" true true false 19 Double 0 0 ,First,#,Drought_Impacts_US,Shape_L_21,-1,-1;Shape_L_22 "Shape_L_22" true true false 19 Double 0 0 ,First,#,Drought_Impacts_US,Shape_L_22,-1,-1;Shape_L_23 "Shape_L_23" true true false 19 Double 0 0 ,First,#,Drought_Impacts_US,Shape_L_23,-1,-1;Shape_L_24 "Shape_L_24" true true false 19 Double 0 0 ,First,#,Drought_Impacts_US,Shape_L_24,-1,-1;Shape_L_25 "Shape_L_25" true true false 19 Double 0 0 ,First,#,Drought_Impacts_US,Shape_L_25,-1,-1;Shape_L_26 "Shape_L_26" true true false 19 Double 0 0 ,First,#,Drought_Impacts_US,Shape_L_26,-1,-1;Shape_L_27 "Shape_L_27" true true false 19 Double 0 0 ,First,#,Drought_Impacts_US,Shape_L_27,-1,-1;Shape_L_28 "Shape_L_28" true true false 19 Double 0 0 ,First,#,Drought_Impacts_US,Shape_L_28,-1,-1;Shape_L_29 "Shape_L_29" true true false 19 Double 0 0 ,First,#,Drought_Impacts_US,Shape_L_29,-1,-1;Shape_L_30 "Shape_L_30" true true false 19 Double 0 0 ,First,#,Drought_Impacts_US,Shape_L_30,-1,-1;Shape_L_31 "Shape_L_31" true true false 19 Double 0 0 ,First,#,Drought_Impacts_US,Shape_L_31,-1,-1;Shape_L_32 "Shape_L_32" true true false 19 Double 0 0 ,First,#,Drought_Impacts_US,Shape_L_32,-1,-1;Shape_L_33 "Shape_L_33" true true false 19 Double 0 0 ,First,#,Drought_Impacts_US,Shape_L_33,-1,-1;Shape_L_34 "Shape_L_34" true true false 19 Double 0 0 ,First,#,Drought_Impacts_US,Shape_L_34,-1,-1;Shape_L_35 "Shape_L_35" true true false 19 Double 0 0 ,First,#,Drought_Impacts_US,Shape_L_35,-1,-1;Shape_L_36 "Shape_L_36" true true false 19 Double 0 0 ,First,#,Drought_Impacts_US,Shape_L_36,-1,-1;Shape_L_37 "Shape_L_37" true true false 19 Double 0 0 ,First,#,Drought_Impacts_US,Shape_L_37,-1,-1;Shape_L_38 "Shape_L_38" true true false 19 Double 0 0 ,First,#,Drought_Impacts_US,Shape_L_38,-1,-1;Shape_L_39 "Shape_L_39" true true false 19 Double 0 0 ,First,#,Drought_Impacts_US,Shape_L_39,-1,-1;Shape_L_40 "Shape_L_40" true true false 19 Double 0 0 ,First,#,Drought_Impacts_US,Shape_L_40,-1,-1;Shape_L_41 "Shape_L_41" true true false 19 Double 0 0 ,First,#,Drought_Impacts_US,Shape_L_41,-1,-1;Shape_L_42 "Shape_L_42" true true false 19 Double 0 0 ,First,#,Drought_Impacts_US,Shape_L_42,-1,-1;Shape_L_43 "Shape_L_43" true true false 19 Double 0 0 ,First,#,Drought_Impacts_US,Shape_L_43,-1,-1;Shape_L_44 "Shape_L_44" true true false 19 Double 0 0 ,First,#,Drought_Impacts_US,Shape_L_44,-1,-1;Shape_L_45 "Shape_L_45" true true false 19 Double 0 0 ,First,#,Drought_Impacts_US,Shape_L_45,-1,-1;Shape_L_46 "Shape_L_46" true true false 19 Double 0 0 ,First,#,Drought_Impacts_US,Shape_L_46,-1,-1;Shape_L_47 "Shape_L_47" true true false 19 Double 0 0 ,First,#,Drought_Impacts_US,Shape_L_47,-1,-1;Shape_L_48 "Shape_L_48" true true false 19 Double 0 0 ,First,#,Drought_Impacts_US,Shape_L_48,-1,-1;Shape_L_49 "Shape_L_49" true true false 19 Double 0 0 ,First,#,Drought_Impacts_US,Shape_L_49,-1,-1;Shape_L_50 "Shape_L_50" true true false 19 Double 0 0 ,First,#,Drought_Impacts_US,Shape_L_50,-1,-1;Shape_L_51 "Shape_L_51" true true false 19 Double 0 0 ,First,#,Drought_Impacts_US,Shape_L_51,-1,-1;Shape_L_52 "Shape_L_52" true true false 19 Double 0 0 ,First,#,Drought_Impacts_US,Shape_L_52,-1,-1;Shape_L_53 "Shape_L_53" true true false 19 Double 0 0 ,First,#,Drought_Impacts_US,Shape_L_53,-1,-1;Shape_L_54 "Shape_L_54" true true false 19 Double 0 0 ,First,#,Drought_Impacts_US,Shape_L_54,-1,-1;Shape_L_55 "Shape_L_55" true true false 19 Double 0 0 ,First,#,Drought_Impacts_US,Shape_L_55,-1,-1;Shape_L_56 "Shape_L_56" true true false 19 Double 0 0 ,First,#,Drought_Impacts_US,Shape_L_56,-1,-1;Shape_L_57 "Shape_L_57" true true false 19 Double 0 0 ,First,#,Drought_Impacts_US,Shape_L_57,-1,-1;Shape_L_58 "Shape_L_58" true true false 19 Double 0 0 ,First,#,Drought_Impacts_US,Shape_L_58,-1,-1;Shape_L_59 "Shape_L_59" true true false 19 Double 0 0 ,First,#,Drought_Impacts_US,Shape_L_59,-1,-1;Shape_L_60 "Shape_L_60" true true false 19 Double 0 0 ,First,#,Drought_Impacts_US,Shape_L_60,-1,-1;Shape_L_61 "Shape_L_61" true true false 19 Double 0 0 ,First,#,Drought_Impacts_US,Shape_L_61,-1,-1;Shape_L_62 "Shape_L_62" true true false 19 Double 0 0 ,First,#,Drought_Impacts_US,Shape_L_62,-1,-1;Shape_L_63 "Shape_L_63" true true false 19 Double 0 0 ,First,#,Drought_Impacts_US,Shape_L_63,-1,-1;Shape_L_64 "Shape_L_64" true true false 19 Double 0 0 ,First,#,Drought_Impacts_US,Shape_L_64,-1,-1;Shape_L_65 "Shape_L_65" true true false 19 Double 0 0 ,First,#,Drought_Impacts_US,Shape_L_65,-1,-1;Shape_L_66 "Shape_L_66" true true false 19 Double 0 0 ,First,#,Drought_Impacts_US,Shape_L_66,-1,-1;Shape_L_67 "Shape_L_67" true true false 19 Double 0 0 ,First,#,Drought_Impacts_US,Shape_L_67,-1,-1;Shape_L_68 "Shape_L_68" true true false 19 Double 0 0 ,First,#,Drought_Impacts_US,Shape_L_68,-1,-1"</Process><Process ToolSource="C:\Program Files (x86)\ArcGIS\Desktop10.0\ArcToolbox\Toolboxes\Analysis Tools.tbx\Clip" Date="20150610" Time="124913">Clip lines_nadm NASelectedCntry00 C:\Users\mlopezq\Documents\ArcGIS\Default.gdb\lines_nadm_Clip1 #</Process></lineage><copyHistory><copy source="C:\MONITOR_DE_SEQUIA\Monitor de Sequía - Quincenal\201401NADM\Drought_impact_lines_201401_q" dest="\\CE0408W432\MONITOR_DE_SEQUIA\Sequia Mexico-NADM\201402NADM\Drought_impact_lines_201401_q" date="20140304" time="14341700"></copy></copyHistory></DataProperties><SyncDate>20150610</SyncDate><SyncTime>12491200</SyncTime><ModDate>20150610</ModDate><ModTime>12491200</ModTime></Esri><dataIdInfo><envirDesc Sync="TRUE">Microsoft Windows Server 2008 R2 Version 6.1 (Build 7601) Service Pack 1; ESRI ArcGIS 10.0.0.2414</envirDesc><dataLang><languageCode value="spa" country="ESP"></languageCode></dataLang><idCitation><resTitle Sync="TRUE">lines_nadm_Clip1</resTitle><presForm><PresFormCd value="005"></PresFormCd></presForm></idCitation><descKeys><thesaName uuidref="723f6998-058e-11dc-8314-0800200c9a66"></thesaName><keyword Sync="TRUE">002</keyword></descKeys><spatRpType><SpatRepTypCd value="001"></SpatRepTypCd></spatRpType></dataIdInfo><mdLang><languageCode value="spa"></languageCode></mdLang><mdChar><CharSetCd value="004"></CharSetCd></mdChar><distInfo><distFormat><formatName Sync="TRUE">Clase de entidad de geodatabase de archivos</formatName></distFormat><distTranOps><transSize Sync="TRUE">0,000</transSize></distTranOps></distInfo><mdHrLv><ScopeCd value="005"></ScopeCd></mdHrLv><mdHrLvName Sync="TRUE">dataset</mdHrLvName><refSysInfo><RefSystem><refSysID><identCode code="102003"></identCode><idCodeSpace Sync="TRUE">ESRI</idCodeSpace><idVersion Sync="TRUE">10.0.0</idVersion></refSysID></RefSystem></refSysInfo><spdoinfo><ptvctinf><esriterm Name="lines_nadm_Clip1"><efeatyp Sync="TRUE">Simple</efeatyp><efeageom Sync="TRUE">4</efeageom><esritopo Sync="TRUE">FALSE</esritopo><efeacnt Sync="TRUE">0</efeacnt><spindex Sync="TRUE">TRUE</spindex><linrefer Sync="TRUE">FALSE</linrefer></esriterm></ptvctinf></spdoinfo><spatRepInfo><VectSpatRep><topLvl><TopoLevCd value="001"></TopoLevCd></topLvl><geometObjs><geoObjTyp><GeoObjTypCd value="002"></GeoObjTypCd><geoObjCnt Sync="TRUE">0</geoObjCnt></geoObjTyp></geometObjs></VectSpatRep></spatRepInfo><eainfo><detailed Name="lines_nadm_Clip1"><enttyp><enttypl Sync="TRUE">lines_nadm_Clip1</enttypl><enttypt Sync="TRUE">Feature Class</enttypt><enttypc Sync="TRUE">0</enttypc></enttyp><attr><attrlabl Sync="TRUE">OBJECTID</attrlabl><attalias Sync="TRUE">OBJECTID</attalias><attrtype Sync="TRUE">OID</attrtype><attwidth Sync="TRUE">4</attwidth><atprecis Sync="TRUE">0</atprecis><attscale Sync="TRUE">0</attscale><attrdef Sync="TRUE">Internal feature number.</attrdef><attrdefs Sync="TRUE">ESRI</attrdefs><attrdomv><udom Sync="TRUE">Sequential unique whole numbers that are automatically generated.</udom></attrdomv></attr><attr><attrlabl Sync="TRUE">Shape</attrlabl><attalias Sync="TRUE">Shape</attalias><attrtype Sync="TRUE">Geometry</attrtype><attwidth Sync="TRUE">0</attwidth><atprecis Sync="TRUE">0</atprecis><attscale Sync="TRUE">0</attscale><attrdef Sync="TRUE">Feature geometry.</attrdef><attrdefs Sync="TRUE">ESRI</attrdefs><attrdomv><udom Sync="TRUE">Coordinates defining the features.</udom></attrdomv></attr><attr><attrlabl Sync="TRUE">FID_impact</attrlabl><attalias Sync="TRUE">FID_impact</attalias><attrtype Sync="TRUE">Integer</attrtype><attwidth Sync="TRUE">4</attwidth><atprecis Sync="TRUE">0</atprecis><attscale Sync="TRUE">0</attscale></attr><attr><attrlabl Sync="TRUE">FID_Drough</attrlabl><attalias Sync="TRUE">FID_Drough</attalias><attrtype Sync="TRUE">Integer</attrtype><attwidth Sync="TRUE">4</attwidth><atprecis Sync="TRUE">0</atprecis><attscale Sync="TRUE">0</attscale></attr><attr><attrlabl Sync="TRUE">FID_Drou_1</attrlabl><attalias Sync="TRUE">FID_Drou_1</attalias><attrtype Sync="TRUE">Integer</attrtype><attwidth Sync="TRUE">4</attwidth><atprecis Sync="TRUE">0</atprecis><attscale Sync="TRUE">0</attscale></attr><attr><attrlabl Sync="TRUE">Id</attrlabl><attalias Sync="TRUE">Id</attalias><attrtype Sync="TRUE">Integer</attrtype><attwidth Sync="TRUE">4</attwidth><atprecis Sync="TRUE">0</atprecis><attscale Sync="TRUE">0</attscale></attr><attr><attrlabl Sync="TRUE">Id_1</attrlabl><attalias Sync="TRUE">Id_1</attalias><attrtype Sync="TRUE">Integer</attrtype><attwidth Sync="TRUE">4</attwidth><atprecis Sync="TRUE">0</atprecis><attscale Sync="TRUE">0</attscale></attr><attr><attrlabl Sync="TRUE">Id_12</attrlabl><attalias Sync="TRUE">Id_12</attalias><attrtype Sync="TRUE">Integer</attrtype><attwidth Sync="TRUE">4</attwidth><atprecis Sync="TRUE">0</atprecis><attscale Sync="TRUE">0</attscale></attr><attr><attrlabl Sync="TRUE">FID_Drou_2</attrlabl><attalias Sync="TRUE">FID_Drou_2</attalias><attrtype Sync="TRUE">Integer</attrtype><attwidth Sync="TRUE">4</attwidth><atprecis Sync="TRUE">0</atprecis><attscale Sync="TRUE">0</attscale></attr><attr><attrlabl Sync="TRUE">Id_12_13</attrlabl><attalias Sync="TRUE">Id_12_13</attalias><attrtype Sync="TRUE">Integer</attrtype><attwidth Sync="TRUE">4</attwidth><atprecis Sync="TRUE">0</atprecis><attscale Sync="TRUE">0</attscale></attr><attr><attrlabl Sync="TRUE">FID_Drou_3</attrlabl><attalias Sync="TRUE">FID_Drou_3</attalias><attrtype Sync="TRUE">Integer</attrtype><attwidth Sync="TRUE">4</attwidth><atprecis Sync="TRUE">0</atprecis><attscale Sync="TRUE">0</attscale></attr><attr><attrlabl Sync="TRUE">Id_12_1_14</attrlabl><attalias Sync="TRUE">Id_12_1_14</attalias><attrtype Sync="TRUE">Integer</attrtype><attwidth Sync="TRUE">4</attwidth><atprecis Sync="TRUE">0</atprecis><attscale Sync="TRUE">0</attscale></attr><attr><attrlabl Sync="TRUE">Shape_Leng</attrlabl><attalias Sync="TRUE">Shape_Leng</attalias><attrtype Sync="TRUE">Double</attrtype><attwidth Sync="TRUE">8</attwidth><atprecis Sync="TRUE">0</atprecis><attscale Sync="TRUE">0</attscale></attr><attr><attrlabl Sync="TRUE">Shape_Le_1</attrlabl><attalias Sync="TRUE">Shape_Le_1</attalias><attrtype Sync="TRUE">Double</attrtype><attwidth Sync="TRUE">8</attwidth><atprecis Sync="TRUE">0</atprecis><attscale Sync="TRUE">0</attscale></attr><attr><attrlabl Sync="TRUE">Shape_Area</attrlabl><attalias Sync="TRUE">Shape_Area</attalias><attrtype Sync="TRUE">Double</attrtype><attwidth Sync="TRUE">8</attwidth><atprecis Sync="TRUE">0</atprecis><attscale Sync="TRUE">0</attscale><attrdef Sync="TRUE">Area of feature in internal units squared.</attrdef><attrdefs Sync="TRUE">ESRI</attrdefs><attrdomv><udom Sync="TRUE">Positive real numbers that are automatically generated.</udom></attrdomv></attr><attr><attrlabl Sync="TRUE">FID_impa_1</attrlabl><attalias Sync="TRUE">FID_impa_1</attalias><attrtype Sync="TRUE">Integer</attrtype><attwidth Sync="TRUE">4</attwidth><atprecis Sync="TRUE">0</atprecis><attscale Sync="TRUE">0</attscale></attr><attr><attrlabl Sync="TRUE">FID_Drou_4</attrlabl><attalias Sync="TRUE">FID_Drou_4</attalias><attrtype Sync="TRUE">Integer</attrtype><attwidth Sync="TRUE">4</attwidth><atprecis Sync="TRUE">0</atprecis><attscale Sync="TRUE">0</attscale></attr><attr><attrlabl Sync="TRUE">FID_Drou_5</attrlabl><attalias Sync="TRUE">FID_Drou_5</attalias><attrtype Sync="TRUE">Integer</attrtype><attwidth Sync="TRUE">4</attwidth><atprecis Sync="TRUE">0</atprecis><attscale Sync="TRUE">0</attscale></attr><attr><attrlabl Sync="TRUE">Id_12_1_15</attrlabl><attalias Sync="TRUE">Id_12_1_15</attalias><attrtype Sync="TRUE">Integer</attrtype><attwidth Sync="TRUE">4</attwidth><atprecis Sync="TRUE">0</atprecis><attscale Sync="TRUE">0</attscale></attr><attr><attrlabl Sync="TRUE">Id_12_1_16</attrlabl><attalias Sync="TRUE">Id_12_1_16</attalias><attrtype Sync="TRUE">Integer</attrtype><attwidth Sync="TRUE">4</attwidth><atprecis Sync="TRUE">0</atprecis><attscale Sync="TRUE">0</attscale></attr><attr><attrlabl Sync="TRUE">Id_12_1_17</attrlabl><attalias Sync="TRUE">Id_12_1_17</attalias><attrtype Sync="TRUE">Integer</attrtype><attwidth Sync="TRUE">4</attwidth><atprecis Sync="TRUE">0</atprecis><attscale Sync="TRUE">0</attscale></attr><attr><attrlabl Sync="TRUE">FID_Drou_6</attrlabl><attalias Sync="TRUE">FID_Drou_6</attalias><attrtype Sync="TRUE">Integer</attrtype><attwidth Sync="TRUE">4</attwidth><atprecis Sync="TRUE">0</atprecis><attscale Sync="TRUE">0</attscale></attr><attr><attrlabl Sync="TRUE">Id_12_1_18</attrlabl><attalias Sync="TRUE">Id_12_1_18</attalias><attrtype Sync="TRUE">Integer</attrtype><attwidth Sync="TRUE">4</attwidth><atprecis Sync="TRUE">0</atprecis><attscale Sync="TRUE">0</attscale></attr><attr><attrlabl Sync="TRUE">FID_Drou_7</attrlabl><attalias Sync="TRUE">FID_Drou_7</attalias><attrtype Sync="TRUE">Integer</attrtype><attwidth Sync="TRUE">4</attwidth><atprecis Sync="TRUE">0</atprecis><attscale Sync="TRUE">0</attscale></attr><attr><attrlabl Sync="TRUE">Id_12_1_19</attrlabl><attalias Sync="TRUE">Id_12_1_19</attalias><attrtype Sync="TRUE">Integer</attrtype><attwidth Sync="TRUE">4</attwidth><atprecis Sync="TRUE">0</atprecis><attscale Sync="TRUE">0</attscale></attr><attr><attrlabl Sync="TRUE">Shape_Le_2</attrlabl><attalias Sync="TRUE">Shape_Le_2</attalias><attrtype Sync="TRUE">Double</attrtype><attwidth Sync="TRUE">8</attwidth><atprecis Sync="TRUE">0</atprecis><attscale Sync="TRUE">0</attscale></attr><attr><attrlabl Sync="TRUE">Shape_Le_3</attrlabl><attalias Sync="TRUE">Shape_Le_3</attalias><attrtype Sync="TRUE">Double</attrtype><attwidth Sync="TRUE">8</attwidth><atprecis Sync="TRUE">0</atprecis><attscale Sync="TRUE">0</attscale></attr><attr><attrlabl Sync="TRUE">Shape_Le_4</attrlabl><attalias Sync="TRUE">Shape_Le_4</attalias><attrtype Sync="TRUE">Double</attrtype><attwidth Sync="TRUE">8</attwidth><atprecis Sync="TRUE">0</atprecis><attscale Sync="TRUE">0</attscale></attr><attr><attrlabl Sync="TRUE">Shape_Le_5</attrlabl><attalias Sync="TRUE">Shape_Le_5</attalias><attrtype Sync="TRUE">Double</attrtype><attwidth Sync="TRUE">8</attwidth><atprecis Sync="TRUE">0</atprecis><attscale Sync="TRUE">0</attscale></attr><attr><attrlabl Sync="TRUE">Shape_Le_6</attrlabl><attalias Sync="TRUE">Shape_Le_6</attalias><attrtype Sync="TRUE">Double</attrtype><attwidth Sync="TRUE">8</attwidth><atprecis Sync="TRUE">0</atprecis><attscale Sync="TRUE">0</attscale></attr><attr><attrlabl Sync="TRUE">Shape_Le_7</attrlabl><attalias Sync="TRUE">Shape_Le_7</attalias><attrtype Sync="TRUE">Double</attrtype><attwidth Sync="TRUE">8</attwidth><atprecis Sync="TRUE">0</atprecis><attscale Sync="TRUE">0</attscale></attr><attr><attrlabl Sync="TRUE">Shape_Le_8</attrlabl><attalias Sync="TRUE">Shape_Le_8</attalias><attrtype Sync="TRUE">Double</attrtype><attwidth Sync="TRUE">8</attwidth><atprecis Sync="TRUE">0</atprecis><attscale Sync="TRUE">0</attscale></attr><attr><attrlabl Sync="TRUE">Shape_Le_9</attrlabl><attalias Sync="TRUE">Shape_Le_9</attalias><attrtype Sync="TRUE">Double</attrtype><attwidth Sync="TRUE">8</attwidth><atprecis Sync="TRUE">0</atprecis><attscale Sync="TRUE">0</attscale></attr><attr><attrlabl Sync="TRUE">Shape_L_10</attrlabl><attalias Sync="TRUE">Shape_L_10</attalias><attrtype Sync="TRUE">Double</attrtype><attwidth Sync="TRUE">8</attwidth><atprecis Sync="TRUE">0</atprecis><attscale Sync="TRUE">0</attscale></attr><attr><attrlabl Sync="TRUE">Shape_L_11</attrlabl><attalias Sync="TRUE">Shape_L_11</attalias><attrtype Sync="TRUE">Double</attrtype><attwidth Sync="TRUE">8</attwidth><atprecis Sync="TRUE">0</atprecis><attscale Sync="TRUE">0</attscale></attr><attr><attrlabl Sync="TRUE">Shape_L_12</attrlabl><attalias Sync="TRUE">Shape_L_12</attalias><attrtype Sync="TRUE">Double</attrtype><attwidth Sync="TRUE">8</attwidth><atprecis Sync="TRUE">0</atprecis><attscale Sync="TRUE">0</attscale></attr><attr><attrlabl Sync="TRUE">Shape_L_13</attrlabl><attalias Sync="TRUE">Shape_L_13</attalias><attrtype Sync="TRUE">Double</attrtype><attwidth Sync="TRUE">8</attwidth><atprecis Sync="TRUE">0</atprecis><attscale Sync="TRUE">0</attscale></attr><attr><attrlabl Sync="TRUE">Shape_L_14</attrlabl><attalias Sync="TRUE">Shape_L_14</attalias><attrtype Sync="TRUE">Double</attrtype><attwidth Sync="TRUE">8</attwidth><atprecis Sync="TRUE">0</atprecis><attscale Sync="TRUE">0</attscale></attr><attr><attrlabl Sync="TRUE">Shape_L_15</attrlabl><attalias Sync="TRUE">Shape_L_15</attalias><attrtype Sync="TRUE">Double</attrtype><attwidth Sync="TRUE">8</attwidth><atprecis Sync="TRUE">0</atprecis><attscale Sync="TRUE">0</attscale></attr><attr><attrlabl Sync="TRUE">Shape_L_16</attrlabl><attalias Sync="TRUE">Shape_L_16</attalias><attrtype Sync="TRUE">Double</attrtype><attwidth Sync="TRUE">8</attwidth><atprecis Sync="TRUE">0</atprecis><attscale Sync="TRUE">0</attscale></attr><attr><attrlabl Sync="TRUE">Shape_L_17</attrlabl><attalias Sync="TRUE">Shape_L_17</attalias><attrtype Sync="TRUE">Double</attrtype><attwidth Sync="TRUE">8</attwidth><atprecis Sync="TRUE">0</atprecis><attscale Sync="TRUE">0</attscale></attr><attr><attrlabl Sync="TRUE">Shape_L_18</attrlabl><attalias Sync="TRUE">Shape_L_18</attalias><attrtype Sync="TRUE">Double</attrtype><attwidth Sync="TRUE">8</attwidth><atprecis Sync="TRUE">0</atprecis><attscale Sync="TRUE">0</attscale></attr><attr><attrlabl Sync="TRUE">Shape_L_19</attrlabl><attalias Sync="TRUE">Shape_L_19</attalias><attrtype Sync="TRUE">Double</attrtype><attwidth Sync="TRUE">8</attwidth><atprecis Sync="TRUE">0</atprecis><attscale Sync="TRUE">0</attscale></attr><attr><attrlabl Sync="TRUE">Shape_L_20</attrlabl><attalias Sync="TRUE">Shape_L_20</attalias><attrtype Sync="TRUE">Double</attrtype><attwidth Sync="TRUE">8</attwidth><atprecis Sync="TRUE">0</atprecis><attscale Sync="TRUE">0</attscale></attr><attr><attrlabl Sync="TRUE">Shape_L_21</attrlabl><attalias Sync="TRUE">Shape_L_21</attalias><attrtype Sync="TRUE">Double</attrtype><attwidth Sync="TRUE">8</attwidth><atprecis Sync="TRUE">0</atprecis><attscale Sync="TRUE">0</attscale></attr><attr><attrlabl Sync="TRUE">Shape_L_22</attrlabl><attalias Sync="TRUE">Shape_L_22</attalias><attrtype Sync="TRUE">Double</attrtype><attwidth Sync="TRUE">8</attwidth><atprecis Sync="TRUE">0</atprecis><attscale Sync="TRUE">0</attscale></attr><attr><attrlabl Sync="TRUE">Shape_L_23</attrlabl><attalias Sync="TRUE">Shape_L_23</attalias><attrtype Sync="TRUE">Double</attrtype><attwidth Sync="TRUE">8</attwidth><atprecis Sync="TRUE">0</atprecis><attscale Sync="TRUE">0</attscale></attr><attr><attrlabl Sync="TRUE">Shape_L_24</attrlabl><attalias Sync="TRUE">Shape_L_24</attalias><attrtype Sync="TRUE">Double</attrtype><attwidth Sync="TRUE">8</attwidth><atprecis Sync="TRUE">0</atprecis><attscale Sync="TRUE">0</attscale></attr><attr><attrlabl Sync="TRUE">Shape_L_25</attrlabl><attalias Sync="TRUE">Shape_L_25</attalias><attrtype Sync="TRUE">Double</attrtype><attwidth Sync="TRUE">8</attwidth><atprecis Sync="TRUE">0</atprecis><attscale Sync="TRUE">0</attscale></attr><attr><attrlabl Sync="TRUE">Shape_L_26</attrlabl><attalias Sync="TRUE">Shape_L_26</attalias><attrtype Sync="TRUE">Double</attrtype><attwidth Sync="TRUE">8</attwidth><atprecis Sync="TRUE">0</atprecis><attscale Sync="TRUE">0</attscale></attr><attr><attrlabl Sync="TRUE">Shape_L_27</attrlabl><attalias Sync="TRUE">Shape_L_27</attalias><attrtype Sync="TRUE">Double</attrtype><attwidth Sync="TRUE">8</attwidth><atprecis Sync="TRUE">0</atprecis><attscale Sync="TRUE">0</attscale></attr><attr><attrlabl Sync="TRUE">Shape_L_28</attrlabl><attalias Sync="TRUE">Shape_L_28</attalias><attrtype Sync="TRUE">Double</attrtype><attwidth Sync="TRUE">8</attwidth><atprecis Sync="TRUE">0</atprecis><attscale Sync="TRUE">0</attscale></attr><attr><attrlabl Sync="TRUE">Shape_L_29</attrlabl><attalias Sync="TRUE">Shape_L_29</attalias><attrtype Sync="TRUE">Double</attrtype><attwidth Sync="TRUE">8</attwidth><atprecis Sync="TRUE">0</atprecis><attscale Sync="TRUE">0</attscale></attr><attr><attrlabl Sync="TRUE">Shape_L_30</attrlabl><attalias Sync="TRUE">Shape_L_30</attalias><attrtype Sync="TRUE">Double</attrtype><attwidth Sync="TRUE">8</attwidth><atprecis Sync="TRUE">0</atprecis><attscale Sync="TRUE">0</attscale></attr><attr><attrlabl Sync="TRUE">Shape_L_31</attrlabl><attalias Sync="TRUE">Shape_L_31</attalias><attrtype Sync="TRUE">Double</attrtype><attwidth Sync="TRUE">8</attwidth><atprecis Sync="TRUE">0</atprecis><attscale Sync="TRUE">0</attscale></attr><attr><attrlabl Sync="TRUE">Shape_L_32</attrlabl><attalias Sync="TRUE">Shape_L_32</attalias><attrtype Sync="TRUE">Double</attrtype><attwidth Sync="TRUE">8</attwidth><atprecis Sync="TRUE">0</atprecis><attscale Sync="TRUE">0</attscale></attr><attr><attrlabl Sync="TRUE">Shape_L_33</attrlabl><attalias Sync="TRUE">Shape_L_33</attalias><attrtype Sync="TRUE">Double</attrtype><attwidth Sync="TRUE">8</attwidth><atprecis Sync="TRUE">0</atprecis><attscale Sync="TRUE">0</attscale></attr><attr><attrlabl Sync="TRUE">Shape_L_34</attrlabl><attalias Sync="TRUE">Shape_L_34</attalias><attrtype Sync="TRUE">Double</attrtype><attwidth Sync="TRUE">8</attwidth><atprecis Sync="TRUE">0</atprecis><attscale Sync="TRUE">0</attscale></attr><attr><attrlabl Sync="TRUE">Shape_L_35</attrlabl><attalias Sync="TRUE">Shape_L_35</attalias><attrtype Sync="TRUE">Double</attrtype><attwidth Sync="TRUE">8</attwidth><atprecis Sync="TRUE">0</atprecis><attscale Sync="TRUE">0</attscale></attr><attr><attrlabl Sync="TRUE">Shape_L_36</attrlabl><attalias Sync="TRUE">Shape_L_36</attalias><attrtype Sync="TRUE">Double</attrtype><attwidth Sync="TRUE">8</attwidth><atprecis Sync="TRUE">0</atprecis><attscale Sync="TRUE">0</attscale></attr><attr><attrlabl Sync="TRUE">Shape_L_37</attrlabl><attalias Sync="TRUE">Shape_L_37</attalias><attrtype Sync="TRUE">Double</attrtype><attwidth Sync="TRUE">8</attwidth><atprecis Sync="TRUE">0</atprecis><attscale Sync="TRUE">0</attscale></attr><attr><attrlabl Sync="TRUE">Shape_L_38</attrlabl><attalias Sync="TRUE">Shape_L_38</attalias><attrtype Sync="TRUE">Double</attrtype><attwidth Sync="TRUE">8</attwidth><atprecis Sync="TRUE">0</atprecis><attscale Sync="TRUE">0</attscale></attr><attr><attrlabl Sync="TRUE">Shape_L_39</attrlabl><attalias Sync="TRUE">Shape_L_39</attalias><attrtype Sync="TRUE">Double</attrtype><attwidth Sync="TRUE">8</attwidth><atprecis Sync="TRUE">0</atprecis><attscale Sync="TRUE">0</attscale></attr><attr><attrlabl Sync="TRUE">Shape_L_40</attrlabl><attalias Sync="TRUE">Shape_L_40</attalias><attrtype Sync="TRUE">Double</attrtype><attwidth Sync="TRUE">8</attwidth><atprecis Sync="TRUE">0</atprecis><attscale Sync="TRUE">0</attscale></attr><attr><attrlabl Sync="TRUE">Shape_L_41</attrlabl><attalias Sync="TRUE">Shape_L_41</attalias><attrtype Sync="TRUE">Double</attrtype><attwidth Sync="TRUE">8</attwidth><atprecis Sync="TRUE">0</atprecis><attscale Sync="TRUE">0</attscale></attr><attr><attrlabl Sync="TRUE">Shape_L_42</attrlabl><attalias Sync="TRUE">Shape_L_42</attalias><attrtype Sync="TRUE">Double</attrtype><attwidth Sync="TRUE">8</attwidth><atprecis Sync="TRUE">0</atprecis><attscale Sync="TRUE">0</attscale></attr><attr><attrlabl Sync="TRUE">Shape_L_43</attrlabl><attalias Sync="TRUE">Shape_L_43</attalias><attrtype Sync="TRUE">Double</attrtype><attwidth Sync="TRUE">8</attwidth><atprecis Sync="TRUE">0</atprecis><attscale Sync="TRUE">0</attscale></attr><attr><attrlabl Sync="TRUE">Shape_L_44</attrlabl><attalias Sync="TRUE">Shape_L_44</attalias><attrtype Sync="TRUE">Double</attrtype><attwidth Sync="TRUE">8</attwidth><atprecis Sync="TRUE">0</atprecis><attscale Sync="TRUE">0</attscale></attr><attr><attrlabl Sync="TRUE">Shape_L_45</attrlabl><attalias Sync="TRUE">Shape_L_45</attalias><attrtype Sync="TRUE">Double</attrtype><attwidth Sync="TRUE">8</attwidth><atprecis Sync="TRUE">0</atprecis><attscale Sync="TRUE">0</attscale></attr><attr><attrlabl Sync="TRUE">Shape_L_46</attrlabl><attalias Sync="TRUE">Shape_L_46</attalias><attrtype Sync="TRUE">Double</attrtype><attwidth Sync="TRUE">8</attwidth><atprecis Sync="TRUE">0</atprecis><attscale Sync="TRUE">0</attscale></attr><attr><attrlabl Sync="TRUE">Shape_L_47</attrlabl><attalias Sync="TRUE">Shape_L_47</attalias><attrtype Sync="TRUE">Double</attrtype><attwidth Sync="TRUE">8</attwidth><atprecis Sync="TRUE">0</atprecis><attscale Sync="TRUE">0</attscale></attr><attr><attrlabl Sync="TRUE">Shape_L_48</attrlabl><attalias Sync="TRUE">Shape_L_48</attalias><attrtype Sync="TRUE">Double</attrtype><attwidth Sync="TRUE">8</attwidth><atprecis Sync="TRUE">0</atprecis><attscale Sync="TRUE">0</attscale></attr><attr><attrlabl Sync="TRUE">Shape_L_49</attrlabl><attalias Sync="TRUE">Shape_L_49</attalias><attrtype Sync="TRUE">Double</attrtype><attwidth Sync="TRUE">8</attwidth><atprecis Sync="TRUE">0</atprecis><attscale Sync="TRUE">0</attscale></attr><attr><attrlabl Sync="TRUE">Shape_L_50</attrlabl><attalias Sync="TRUE">Shape_L_50</attalias><attrtype Sync="TRUE">Double</attrtype><attwidth Sync="TRUE">8</attwidth><atprecis Sync="TRUE">0</atprecis><attscale Sync="TRUE">0</attscale></attr><attr><attrlabl Sync="TRUE">Shape_L_51</attrlabl><attalias Sync="TRUE">Shape_L_51</attalias><attrtype Sync="TRUE">Double</attrtype><attwidth Sync="TRUE">8</attwidth><atprecis Sync="TRUE">0</atprecis><attscale Sync="TRUE">0</attscale></attr><attr><attrlabl Sync="TRUE">Shape_L_52</attrlabl><attalias Sync="TRUE">Shape_L_52</attalias><attrtype Sync="TRUE">Double</attrtype><attwidth Sync="TRUE">8</attwidth><atprecis Sync="TRUE">0</atprecis><attscale Sync="TRUE">0</attscale></attr><attr><attrlabl Sync="TRUE">Shape_L_53</attrlabl><attalias Sync="TRUE">Shape_L_53</attalias><attrtype Sync="TRUE">Double</attrtype><attwidth Sync="TRUE">8</attwidth><atprecis Sync="TRUE">0</atprecis><attscale Sync="TRUE">0</attscale></attr><attr><attrlabl Sync="TRUE">Shape_L_54</attrlabl><attalias Sync="TRUE">Shape_L_54</attalias><attrtype Sync="TRUE">Double</attrtype><attwidth Sync="TRUE">8</attwidth><atprecis Sync="TRUE">0</atprecis><attscale Sync="TRUE">0</attscale></attr><attr><attrlabl Sync="TRUE">Shape_L_55</attrlabl><attalias Sync="TRUE">Shape_L_55</attalias><attrtype Sync="TRUE">Double</attrtype><attwidth Sync="TRUE">8</attwidth><atprecis Sync="TRUE">0</atprecis><attscale Sync="TRUE">0</attscale></attr><attr><attrlabl Sync="TRUE">Shape_L_56</attrlabl><attalias Sync="TRUE">Shape_L_56</attalias><attrtype Sync="TRUE">Double</attrtype><attwidth Sync="TRUE">8</attwidth><atprecis Sync="TRUE">0</atprecis><attscale Sync="TRUE">0</attscale></attr><attr><attrlabl Sync="TRUE">Shape_L_57</attrlabl><attalias Sync="TRUE">Shape_L_57</attalias><attrtype Sync="TRUE">Double</attrtype><attwidth Sync="TRUE">8</attwidth><atprecis Sync="TRUE">0</atprecis><attscale Sync="TRUE">0</attscale></attr><attr><attrlabl Sync="TRUE">Shape_L_58</attrlabl><attalias Sync="TRUE">Shape_L_58</attalias><attrtype Sync="TRUE">Double</attrtype><attwidth Sync="TRUE">8</attwidth><atprecis Sync="TRUE">0</atprecis><attscale Sync="TRUE">0</attscale></attr><attr><attrlabl Sync="TRUE">Shape_L_59</attrlabl><attalias Sync="TRUE">Shape_L_59</attalias><attrtype Sync="TRUE">Double</attrtype><attwidth Sync="TRUE">8</attwidth><atprecis Sync="TRUE">0</atprecis><attscale Sync="TRUE">0</attscale></attr><attr><attrlabl Sync="TRUE">Shape_L_60</attrlabl><attalias Sync="TRUE">Shape_L_60</attalias><attrtype Sync="TRUE">Double</attrtype><attwidth Sync="TRUE">8</attwidth><atprecis Sync="TRUE">0</atprecis><attscale Sync="TRUE">0</attscale></attr><attr><attrlabl Sync="TRUE">Shape_L_61</attrlabl><attalias Sync="TRUE">Shape_L_61</attalias><attrtype Sync="TRUE">Double</attrtype><attwidth Sync="TRUE">8</attwidth><atprecis Sync="TRUE">0</atprecis><attscale Sync="TRUE">0</attscale></attr><attr><attrlabl Sync="TRUE">Shape_L_62</attrlabl><attalias Sync="TRUE">Shape_L_62</attalias><attrtype Sync="TRUE">Double</attrtype><attwidth Sync="TRUE">8</attwidth><atprecis Sync="TRUE">0</atprecis><attscale Sync="TRUE">0</attscale></attr><attr><attrlabl Sync="TRUE">Shape_L_63</attrlabl><attalias Sync="TRUE">Shape_L_63</attalias><attrtype Sync="TRUE">Double</attrtype><attwidth Sync="TRUE">8</attwidth><atprecis Sync="TRUE">0</atprecis><attscale Sync="TRUE">0</attscale></attr><attr><attrlabl Sync="TRUE">Shape_L_64</attrlabl><attalias Sync="TRUE">Shape_L_64</attalias><attrtype Sync="TRUE">Double</attrtype><attwidth Sync="TRUE">8</attwidth><atprecis Sync="TRUE">0</atprecis><attscale Sync="TRUE">0</attscale></attr><attr><attrlabl Sync="TRUE">Shape_L_65</attrlabl><attalias Sync="TRUE">Shape_L_65</attalias><attrtype Sync="TRUE">Double</attrtype><attwidth Sync="TRUE">8</attwidth><atprecis Sync="TRUE">0</atprecis><attscale Sync="TRUE">0</attscale></attr><attr><attrlabl Sync="TRUE">Shape_L_66</attrlabl><attalias Sync="TRUE">Shape_L_66</attalias><attrtype Sync="TRUE">Double</attrtype><attwidth Sync="TRUE">8</attwidth><atprecis Sync="TRUE">0</atprecis><attscale Sync="TRUE">0</attscale></attr><attr><attrlabl Sync="TRUE">Shape_L_67</attrlabl><attalias Sync="TRUE">Shape_L_67</attalias><attrtype Sync="TRUE">Double</attrtype><attwidth Sync="TRUE">8</attwidth><atprecis Sync="TRUE">0</atprecis><attscale Sync="TRUE">0</attscale></attr><attr><attrlabl Sync="TRUE">Shape_Length</attrlabl><attalias Sync="TRUE">Shape_Length</attalias><attrtype Sync="TRUE">Double</attrtype><attwidth Sync="TRUE">8</attwidth><atprecis Sync="TRUE">0</atprecis><attscale Sync="TRUE">0</attscale><attrdef Sync="TRUE">Length of feature in internal units.</attrdef><attrdefs Sync="TRUE">ESRI</attrdefs><attrdomv><udom Sync="TRUE">Positive real numbers that are automatically generated.</udom></attrdomv></attr><attr><attrlabl Sync="TRUE">Shape_L_68</attrlabl><attalias Sync="TRUE">Shape_L_68</attalias><attrtype Sync="TRUE">Double</attrtype><attwidth Sync="TRUE">8</attwidth><atprecis Sync="TRUE">0</atprecis><attscale Sync="TRUE">0</attscale></attr></detailed></eainfo><mdDateSt Sync="TRUE">20150610</mdDateSt></metadata>
