<?xml version="1.0" encoding="UTF-8"?>
<metadata xml:lang="en"><Esri><CreaDate>20220711</CreaDate><CreaTime>13191400</CreaTime><ArcGISFormat>1.0</ArcGISFormat><SyncOnce>TRUE</SyncOnce><DataProperties><itemProps><itemLocation><linkage Sync="TRUE">file://\\SKREGIA688463P\C$\Users\kleinac\OneDrive - AGR-AGR\Documents\NAIS\NADM\Assessment\2022\06\data\nadm_202206\nadm_impact_callouts</linkage><protocol Sync="TRUE">Local Area Network</protocol></itemLocation></itemProps><copyHistory><copy source="C:\Users\kleinac\OneDrive - AGR-AGR\Documents\NAIS\NADM\Assessment\2022\06\data\nadm-202206-processed\nadm-202206\nadm\nadm_impact_callouts" dest="\\SKREGIA688463P\C$\Users\kleinac\OneDrive - AGR-AGR\Documents\NAIS\NADM\Assessment\2022\06\data\nadm_202206\nadm_impact_callouts" date="20220711" time="13191400"></copy></copyHistory><lineage><Process ToolSource="c:\program files\arcgis\pro\Resources\ArcToolbox\toolboxes\Data Management Tools.tbx\Copy" Date="20220711" Time="131905">Copy "C:\Users\kleinac\OneDrive - AGR-AGR\Documents\NAIS\NADM\Assessment\2022\06\data\nadm-202206-processed\nadm-202206\nadm\nadm_impact_callouts.shp" "C:\Users\kleinac\OneDrive - AGR-AGR\Documents\NAIS\NADM\Assessment\2022\06\data\nadm_202206\nadm_impact_callouts.shp" Shapefile #</Process><Process ToolSource="c:\program files\arcgis\pro\Resources\ArcToolbox\toolboxes\Data Management Tools.tbx\Copy" Date="20220711" Time="131909">Copy "C:\Users\kleinac\OneDrive - AGR-AGR\Documents\NAIS\NADM\Assessment\2022\06\data\nadm_202206\nadm_impact_callouts.shp" "C:\Users\kleinac\OneDrive - AGR-AGR\Documents\NAIS\NADM\Assessment\2022\06\data\nadm-202206-processed\nadm-202206\nadm\nadm_impact_callouts.shp" Shapefile #</Process><Process ToolSource="c:\program files\arcgis\pro\Resources\ArcToolbox\toolboxes\Data Management Tools.tbx\Copy" Date="20220711" Time="131914">Copy "C:\Users\kleinac\OneDrive - AGR-AGR\Documents\NAIS\NADM\Assessment\2022\06\data\nadm-202206-processed\nadm-202206\nadm\nadm_impact_callouts.shp" "C:\Users\kleinac\OneDrive - AGR-AGR\Documents\NAIS\NADM\Assessment\2022\06\data\nadm_202206\nadm_impact_callouts.shp" Shapefile #</Process></lineage></DataProperties></Esri></metadata>
