<?xml version="1.0" encoding="UTF-8"?>
<metadata xml:lang="en"><Esri><CreaDate>20220708</CreaDate><CreaTime>11580600</CreaTime><ArcGISFormat>1.0</ArcGISFormat><SyncOnce>TRUE</SyncOnce><DataProperties><itemProps><itemLocation><linkage Sync="TRUE">file://\\SKREGIA688463P\C$\Users\kleinac\OneDrive - AGR-AGR\Documents\NAIS\NADM\Assessment\2022\06\data\nadm_202206\nadm_d4</linkage><protocol Sync="TRUE">Local Area Network</protocol></itemLocation></itemProps><copyHistory><copy source="C:\Users\kleinac\OneDrive - AGR-AGR\Documents\NAIS\NADM\Assessment\2022\06\data\nadm-202206-processed\nadm-202206\nadm\nadm_d4" dest="\\SKREGIA688463P\C$\Users\kleinac\OneDrive - AGR-AGR\Documents\NAIS\NADM\Assessment\2022\06\data\nadm_202206\nadm_d4" date="20220708" time="11580600"></copy></copyHistory><lineage><Process ToolSource="c:\program files\arcgis\pro\Resources\ArcToolbox\toolboxes\Data Management Tools.tbx\CopyMultiple" Date="20220708" Time="115806">CopyMultiple "'C:\Users\kleinac\OneDrive - AGR-AGR\Documents\NAIS\NADM\Assessment\2022\06\data\nadm-202206-processed\nadm-202206\nadm\nadm_d0.shp' shapefile_polygon;'C:\Users\kleinac\OneDrive - AGR-AGR\Documents\NAIS\NADM\Assessment\2022\06\data\nadm-202206-processed\nadm-202206\nadm\nadm_d1.shp' shapefile_polygon;'C:\Users\kleinac\OneDrive - AGR-AGR\Documents\NAIS\NADM\Assessment\2022\06\data\nadm-202206-processed\nadm-202206\nadm\nadm_d2.shp' shapefile_polygon;'C:\Users\kleinac\OneDrive - AGR-AGR\Documents\NAIS\NADM\Assessment\2022\06\data\nadm-202206-processed\nadm-202206\nadm\nadm_d3.shp' shapefile_polygon;'C:\Users\kleinac\OneDrive - AGR-AGR\Documents\NAIS\NADM\Assessment\2022\06\data\nadm-202206-processed\nadm-202206\nadm\nadm_d4.shp' shapefile_polygon" "C:\Users\kleinac\OneDrive - AGR-AGR\Documents\NAIS\NADM\Assessment\2022\06\data\nadm_202206" nadm_d0;nadm_d1;nadm_d2;nadm_d3;nadm_d4 "nadm_d0 FeatureClass nadm_d0.shp #;nadm_d1 FeatureClass nadm_d1.shp #;nadm_d2 FeatureClass nadm_d2.shp #;nadm_d3 FeatureClass nadm_d3.shp #;nadm_d4 FeatureClass nadm_d4.shp #"</Process></lineage></DataProperties></Esri></metadata>
