<?xml version="1.0" encoding="UTF-8"?>
<metadata xml:lang="en"><Esri><CreaDate>20220711</CreaDate><CreaTime>13192800</CreaTime><ArcGISFormat>1.0</ArcGISFormat><SyncOnce>TRUE</SyncOnce><DataProperties><itemProps><itemLocation><linkage Sync="TRUE">file://\\SKREGIA688463P\C$\Users\kleinac\OneDrive - AGR-AGR\Documents\NAIS\NADM\Assessment\2022\06\data\nadm_202206\nadm_impact_lines</linkage><protocol Sync="TRUE">Local Area Network</protocol></itemLocation></itemProps><copyHistory><copy source="C:\Users\kleinac\OneDrive - AGR-AGR\Documents\NAIS\NADM\Assessment\2022\06\data\nadm-202206-processed\nadm-202206\nadm\nadm_impact_lines" dest="\\SKREGIA688463P\C$\Users\kleinac\OneDrive - AGR-AGR\Documents\NAIS\NADM\Assessment\2022\06\data\nadm_202206\nadm_impact_lines" date="20220711" time="13192800"></copy></copyHistory><lineage><Process ToolSource="c:\program files\arcgis\pro\Resources\ArcToolbox\toolboxes\Data Management Tools.tbx\Copy" Date="20220711" Time="131928">Copy "C:\Users\kleinac\OneDrive - AGR-AGR\Documents\NAIS\NADM\Assessment\2022\06\data\nadm-202206-processed\nadm-202206\nadm\nadm_impact_lines.shp" "C:\Users\kleinac\OneDrive - AGR-AGR\Documents\NAIS\NADM\Assessment\2022\06\data\nadm_202206\nadm_impact_lines.shp" Shapefile #</Process></lineage></DataProperties></Esri></metadata>
