<?xml version="1.0"?>
<!--<!DOCTYPE metadata SYSTEM "http://www.esri.com/metadata/esriprof80.dtd">-->
<metadata xml:lang="en"><Esri><CreaDate>20110512</CreaDate><CreaTime>08190700</CreaTime><SyncOnce>FALSE</SyncOnce><SyncDate>20110512</SyncDate><SyncTime>08132200</SyncTime><ModDate>20110512</ModDate><ModTime>08132200</ModTime><DataProperties><lineage><Process ToolSource="C:\Program Files\ArcGIS\ArcToolbox\Toolboxes\Analysis Tools.tbx\Clip" Date="20100409" Time="154428">Clip "Drought Assessment\cdm201003\cdm201003_D3_lr" "Static Shapefiles\Reference\ca_bndy" N:\nais_gis\NADM\DroughtAreas\CANADA\10\03\cdm201003_D3_lr_draft4.shp #</Process><Process ToolSource="C:\Program Files\ArcGIS\ArcToolbox\Toolboxes\Data Management Tools.tbx\Project" Date="20100412" Time="162557">Project Analysis\cdm201003_D3_lr_draft4 N:\nais_gis\NADM\DroughtAreas\CANADA\10\03\cdm201003_D3_lr_final.shp GEOGCS['GCS_North_American_1983',DATUM['D_North_American_1983',SPHEROID['GRS_1980',6378137.0,298.257222101]],PRIMEM['Greenwich',0.0],UNIT['Degree',0.0174532925199433]] NAD_1983_To_NAD_1983_CSRS_1 GEOGCS['GCS_North_American_1983_CSRS',DATUM['D_North_American_1983_CSRS',SPHEROID['GRS_1980',6378137.0,298.257222101]],PRIMEM['Greenwich',0.0],UNIT['Degree',0.0174532925199433]]</Process><Process ToolSource="C:\Program Files\ArcGIS\ArcToolbox\Toolboxes\Data Management Tools.tbx\Merge" Date="20100429" Time="105009">Merge cdm201004_D0_draft1;d0 P:\PROJECTS\NADM\1004\cdm201004_D0_draft1_1.shp "DM 'DM' true true false 9 Long 0 9 ,First,#,cdm201004_D0_draft1,DM,-1,-1,d0,DM,-1,-1"</Process><Process ToolSource="C:\Program Files\ArcGIS\ArcToolbox\Toolboxes\Analysis Tools.tbx\Clip" Date="20100527" Time="153301">Clip cdm201005_D1_draft1 "\\skregisd\NAIS\nais_gis\Base Mapping Layers\ca_bndyCopy.shp" P:\PROJECTS\NADM\1005\cdm201005_D1_draft1_c.shp #</Process><Process ToolSource="C:\Program Files\ArcGIS\ArcToolbox\Toolboxes\Analysis Tools.tbx\Clip" Date="20100805" Time="133918">Clip "Drought Assessment\cdm201007_D1_draft2" "Drought Assessment\ca_bndy_provinces" N:\nais_gis\NADM\DroughtAreas\CANADA\Working\cdm201007_D1_draft2_c.shp #</Process><Process ToolSource="C:\Program Files\ArcGIS\ArcToolbox\Toolboxes\Analysis Tools.tbx\Clip" Date="20100827" Time="110932">Clip cdm201008_d1_draft1 "Static Shapefiles\ca_bndy" N:\nais_gis\NADM\DroughtAreas\CANADA\Working\cdm201008_d1_draft1_1.shp #</Process><Process ToolSource="C:\Program Files\ArcGIS\ArcToolbox\Toolboxes\Analysis Tools.tbx\Clip" Date="20100908" Time="101158">Clip cdm201008_d1_draft2 "Static Shapefiles\ca_bndy" "C:\Documents and Settings\chobanikd\Desktop\Temp\cdm201008_D1_final.shp" #</Process><Process Name="Clip" ToolSource="C:\Program Files\ArcGIS\ArcToolbox\Toolboxes\Analysis Tools.tbx\Clip" Date="20101006" Time="142047">Clip P:\PROJECTS\NADM\1009\cdm201009_d1_draft2.shp "\\skregisd\NAIS\nais_gis\Base Mapping Layers\ca_bndyCopy.shp" P:\PROJECTS\NADM\1009\cdm201009_d1_draft2_Clip.shp #</Process><Process ToolSource="C:\Program Files\ArcGIS\ArcToolbox\Toolboxes\Data Management Tools.tbx\Merge" Date="20110512" Time="081323">Merge P:\PROJECTS\NADM\1104\d1cdm.shp;P:\PROJECTS\NADM\1104\d1mdm_Project.shp;P:\PROJECTS\NADM\1104\d1usdm.shp P:\PROJECTS\NADM\1104\nadm_d1.shp "ID 'ID' true true false 6 Long 0 6 ,First,#,P:\PROJECTS\NADM\1104\d1mdm_Project.shp,ID,-1,-1;DM 'DM' true true false 9 Long 0 9 ,First,#,P:\PROJECTS\NADM\1104\d1cdm.shp,DM,-1,-1,P:\PROJECTS\NADM\1104\d1usdm.shp,DM,-1,-1"</Process></lineage></DataProperties><MetaID>{B7B737CC-B320-4430-ADFE-BCC69EF2B7BD}</MetaID></Esri><idinfo><citation><citeinfo><onlink Sync="TRUE">\\skregisd\NAIS\nais_gis\NADM\Authorship\201104\nadm_d1</onlink><origin>REQUIRED: The name of an organization or individual that developed the data set.</origin><pubdate>REQUIRED: The date when the data set is published or otherwise made available for release.</pubdate><title Sync="TRUE">nadm_d1</title><ftname Sync="TRUE">nadm_d1</ftname><geoform Sync="TRUE">vector digital data</geoform></citeinfo></citation><native Sync="TRUE">Microsoft Windows XP Version 5.1 (Build 2600) Service Pack 3; ESRI ArcCatalog 9.3.1.3000</native><descript><langdata Sync="TRUE">en</langdata><abstract>REQUIRED: A brief narrative summary of the data set.</abstract><purpose>REQUIRED: A summary of the intentions with which the data set was developed.</purpose></descript><timeperd><current>REQUIRED: The basis on which the time period of content information is determined.</current><timeinfo><sngdate><caldate>REQUIRED: The year (and optionally month, or month and day) for which the data set corresponds to the ground.</caldate></sngdate></timeinfo></timeperd><status><progress>REQUIRED: The state of the data set.</progress><update>REQUIRED: The frequency with which changes and additions are made to the data set after the initial data set is completed.</update></status><spdom><bounding><westbc Sync="TRUE">REQUIRED: Western-most coordinate of the limit of coverage expressed in longitude.</westbc><eastbc Sync="TRUE">REQUIRED: Eastern-most coordinate of the limit of coverage expressed in longitude.</eastbc><northbc Sync="TRUE">REQUIRED: Northern-most coordinate of the limit of coverage expressed in latitude.</northbc><southbc Sync="TRUE">REQUIRED: Southern-most coordinate of the limit of coverage expressed in latitude.</southbc></bounding></spdom><keywords><theme><themekt>REQUIRED: Reference to a formally registered thesaurus or a similar authoritative source of theme keywords.</themekt><themekey>REQUIRED: Common-use word or phrase used to describe the subject of the data set.</themekey></theme></keywords><accconst>REQUIRED: Restrictions and legal prerequisites for accessing the data set.</accconst><useconst>REQUIRED: Restrictions and legal prerequisites for using the data set after access is granted.</useconst><natvform Sync="TRUE">Shapefile</natvform></idinfo><distInfo><distributor><distorTran><onLineSrc><linkage Sync="TRUE">file://\\skregisd\NAIS\nais_gis\NADM\Authorship\201104\nadm_d1</linkage><protocol Sync="TRUE">Local Area Network</protocol><orDesc Sync="TRUE">002</orDesc></onLineSrc><transSize Sync="TRUE">0.000</transSize></distorTran><distorFormat><formatName Sync="TRUE">Shapefile</formatName></distorFormat></distributor></distInfo><dataqual><lineage><procstep><procdesc Sync="TRUE">Dataset moved.</procdesc><srcused Sync="TRUE">N:\nais_gis\NADM\DroughtAreas\CANADA\10\03\cdm201003_D3_lr</srcused><procdate Sync="TRUE">20100406</procdate><proctime Sync="TRUE">14171300</proctime></procstep><procstep><procdesc Sync="TRUE">Dataset copied.</procdesc><srcused Sync="TRUE"></srcused><procdate Sync="TRUE">20100412</procdate><proctime Sync="TRUE">16255600</proctime></procstep><procstep><procdesc Sync="TRUE">Dataset copied.</procdesc><srcused Sync="TRUE">N:\nais_gis\NADM\DroughtAreas\CANADA\10\03\cdm201003_D3_lr_final</srcused><procdate Sync="TRUE">20100412</procdate><proctime Sync="TRUE">16595200</proctime></procstep><procstep><procdesc Sync="TRUE">Dataset moved.</procdesc><srcused Sync="TRUE">N:\nais_gis\NADM\DroughtAreas\CANADA\10\03\Clip\cdm201003_D3_lr_final</srcused><procdate Sync="TRUE">20100413</procdate><proctime Sync="TRUE">13073600</proctime></procstep><procstep><procdesc Sync="TRUE">Dataset copied.</procdesc><srcused Sync="TRUE">N:\nais_gis\NADM\DroughtAreas\CANADA\Working\cdm201003_D3_lr_final</srcused><procdate Sync="TRUE">20100429</procdate><proctime Sync="TRUE">09355000</proctime></procstep><procstep><procdesc Sync="TRUE">Dataset copied.</procdesc><srcused Sync="TRUE"></srcused><procdate Sync="TRUE">20100429</procdate><proctime Sync="TRUE">10451900</proctime></procstep><procstep><procdesc Sync="TRUE">Dataset copied.</procdesc><srcused Sync="TRUE">P:\PROJECTS\NADM\1004\cdm201004_D0_draft1</srcused><procdate Sync="TRUE">20100527</procdate><proctime Sync="TRUE">14153800</proctime></procstep><procstep><procdesc Sync="TRUE">Dataset copied.</procdesc><srcused Sync="TRUE">P:\PROJECTS\NADM\1005\cdm201005_D0_draft1</srcused><procdate Sync="TRUE">20100527</procdate><proctime Sync="TRUE">14155100</proctime></procstep><procstep><procdesc Sync="TRUE">Dataset copied.</procdesc><srcused Sync="TRUE">P:\PROJECTS\NADM\1005\cdm201005_D1_draft1_c</srcused><procdate Sync="TRUE">20100527</procdate><proctime Sync="TRUE">15463300</proctime></procstep><procstep><procdesc Sync="TRUE">Dataset copied.</procdesc><srcused Sync="TRUE">N:\nais_gis\NADM\DroughtAreas\CANADA\Working\cdm201005_D1_draft2_lr</srcused><procdate Sync="TRUE">20100608</procdate><proctime Sync="TRUE">12511800</proctime></procstep><procstep><procdesc Sync="TRUE">Dataset copied.</procdesc><srcused Sync="TRUE">N:\nais_gis\NADM\DroughtAreas\CANADA\Working\cdm201005_D1_draft3_lr</srcused><procdate Sync="TRUE">20100617</procdate><proctime Sync="TRUE">09232100</proctime></procstep><procstep><procdesc Sync="TRUE">Dataset copied.</procdesc><srcused Sync="TRUE">P:\PROJECTS\NADM\1006\cdm201006_D1_draft1</srcused><procdate Sync="TRUE">20100723</procdate><proctime Sync="TRUE">09322200</proctime></procstep><procstep><procdesc Sync="TRUE">Dataset copied.</procdesc><srcused Sync="TRUE">P:\PROJECTS\NADM\1007\cdm201007_D1_draft1</srcused><procdate Sync="TRUE">20100723</procdate><proctime Sync="TRUE">11234800</proctime></procstep><procstep><procdesc Sync="TRUE">Dataset copied.</procdesc><srcused Sync="TRUE">N:\nais_gis\NADM\DroughtAreas\CANADA\Working\cdm201007_D1_draft1</srcused><procdate Sync="TRUE">20100805</procdate><proctime Sync="TRUE">10101300</proctime></procstep><procstep><procdesc Sync="TRUE">Dataset copied.</procdesc><srcused Sync="TRUE"></srcused><procdate Sync="TRUE">20100826</procdate><proctime Sync="TRUE">15373900</proctime></procstep><procstep><procdesc Sync="TRUE">Dataset copied.</procdesc><srcused Sync="TRUE">P:\PROJECTS\NADM\1008\cdm201008_d1_draft1</srcused><procdate Sync="TRUE">20100826</procdate><proctime Sync="TRUE">16134900</proctime></procstep><procstep><procdesc Sync="TRUE">Dataset copied.</procdesc><srcused Sync="TRUE"></srcused><procdate Sync="TRUE">20100930</procdate><proctime Sync="TRUE">10370800</proctime></procstep><procstep><procdesc Sync="TRUE">Dataset copied.</procdesc><srcused Sync="TRUE"></srcused><procdate Sync="TRUE">20101006</procdate><proctime Sync="TRUE">13273900</proctime></procstep><procstep><procdesc Sync="TRUE">Dataset copied.</procdesc><srcused Sync="TRUE">P:\PROJECTS\NADM\1009\cdm201009_d1_final</srcused><procdate Sync="TRUE">20101028</procdate><proctime Sync="TRUE">13504600</proctime></procstep><procstep><procdesc Sync="TRUE">Dataset copied.</procdesc><srcused Sync="TRUE">P:\PROJECTS\NADM\1010\cdm201010_d1_final</srcused><procdate Sync="TRUE">20101122</procdate><proctime Sync="TRUE">09033700</proctime></procstep><procstep><procdesc Sync="TRUE">Dataset copied.</procdesc><srcused Sync="TRUE">P:\PROJECTS\NADM\1011\cdm201011_d1_draft</srcused><procdate Sync="TRUE">20110107</procdate><proctime Sync="TRUE">08291300</proctime></procstep><procstep><procdesc Sync="TRUE">Dataset copied.</procdesc><srcused Sync="TRUE">P:\PROJECTS\NADM\1012\cdm201012_d1_draft</srcused><procdate Sync="TRUE">20110107</procdate><proctime Sync="TRUE">10081500</proctime></procstep><procstep><procdesc Sync="TRUE">Dataset copied.</procdesc><srcused Sync="TRUE"></srcused><procdate Sync="TRUE">20110203</procdate><proctime Sync="TRUE">09345700</proctime></procstep><procstep><procdesc Sync="TRUE">Dataset copied.</procdesc><srcused Sync="TRUE">N:\nais_gis\NADM\DroughtAreas\CANADA\Working\cdm201101_d1_draft</srcused><procdate Sync="TRUE">20110223</procdate><proctime Sync="TRUE">13595700</proctime></procstep><procstep><procdesc Sync="TRUE">Dataset copied.</procdesc><srcused Sync="TRUE">N:\nais_gis\NADM\DroughtAreas\CANADA\Working\cdm201102_d1_draft</srcused><procdate Sync="TRUE">20110328</procdate><proctime Sync="TRUE">12364100</proctime></procstep><procstep><procdesc Sync="TRUE">Dataset copied.</procdesc><srcused Sync="TRUE">N:\nais_gis\NADM\DroughtAreas\CANADA\Working\cdm201103_d1_draft</srcused><procdate Sync="TRUE">20110509</procdate><proctime Sync="TRUE">12064100</proctime></procstep><procstep><procdesc Sync="TRUE">Dataset copied.</procdesc><srcused Sync="TRUE"></srcused><procdate Sync="TRUE">20110512</procdate><proctime Sync="TRUE">08023900</proctime></procstep><procstep><procdesc Sync="TRUE">Dataset copied.</procdesc><srcused Sync="TRUE">P:\PROJECTS\NADM\1104\nadm_d1</srcused><procdate Sync="TRUE">20110512</procdate><proctime Sync="TRUE">08190700</proctime></procstep></lineage></dataqual><dataIdInfo><envirDesc Sync="TRUE">Microsoft Windows XP Version 5.1 (Build 2600) Service Pack 3; ESRI ArcCatalog 9.3.1.3000</envirDesc><dataLang><languageCode Sync="TRUE" value="en"></languageCode></dataLang><idCitation><resTitle Sync="TRUE">nadm_d1</resTitle><presForm><PresFormCd Sync="TRUE" value="005"></PresFormCd></presForm></idCitation><spatRpType><SpatRepTypCd Sync="TRUE" value="001"></SpatRepTypCd></spatRpType></dataIdInfo><metainfo><langmeta Sync="TRUE">en</langmeta><metstdn Sync="TRUE">FGDC Content Standards for Digital Geospatial Metadata</metstdn><metstdv Sync="TRUE">FGDC-STD-001-1998</metstdv><mettc Sync="TRUE">local time</mettc><metc><cntinfo><cntorgp><cntper>REQUIRED: The person responsible for the metadata information.</cntper><cntorg>REQUIRED: The organization responsible for the metadata information.</cntorg></cntorgp><cntaddr><addrtype>REQUIRED: The mailing and/or physical address for the organization or individual.</addrtype><city>REQUIRED: The city of the address.</city><state>REQUIRED: The state or province of the address.</state><postal>REQUIRED: The ZIP or other postal code of the address.</postal></cntaddr><cntvoice>REQUIRED: The telephone number by which individuals can speak to the organization or individual.</cntvoice></cntinfo></metc><metd Sync="TRUE">20110512</metd><metextns><onlink Sync="TRUE">http://www.esri.com/metadata/esriprof80.html</onlink><metprof Sync="TRUE">ESRI Metadata Profile</metprof></metextns></metainfo><mdLang><languageCode Sync="TRUE" value="en"></languageCode></mdLang><mdStanName Sync="TRUE">ISO 19115 Geographic Information - Metadata</mdStanName><mdStanVer Sync="TRUE">DIS_ESRI1.0</mdStanVer><mdChar><CharSetCd Sync="TRUE" value="004"></CharSetCd></mdChar><mdHrLv><ScopeCd Sync="TRUE" value="005"></ScopeCd></mdHrLv><mdHrLvName Sync="TRUE">dataset</mdHrLvName><distinfo><resdesc Sync="TRUE">Downloadable Data</resdesc><stdorder><digform><digtinfo><transize Sync="TRUE">0.000</transize><dssize Sync="TRUE">0.000</dssize></digtinfo></digform></stdorder></distinfo><spdoinfo><direct Sync="TRUE">Vector</direct><ptvctinf><esriterm Name="nadm_d1"><efeatyp Sync="TRUE">Simple</efeatyp><efeageom Sync="TRUE">Polygon</efeageom><esritopo Sync="TRUE">FALSE</esritopo><efeacnt Sync="TRUE">0</efeacnt><spindex Sync="TRUE">FALSE</spindex><linrefer Sync="TRUE">FALSE</linrefer></esriterm><sdtsterm Name="nadm_d1"><sdtstype Sync="TRUE">G-polygon</sdtstype><ptvctcnt Sync="TRUE">0</ptvctcnt></sdtsterm></ptvctinf></spdoinfo><spref><horizsys><cordsysn><geogcsn Sync="TRUE">GCS_North_American_1983</geogcsn></cordsysn><geograph><geogunit Sync="TRUE">Decimal degrees</geogunit><latres Sync="TRUE">0.000000</latres><longres Sync="TRUE">0.000000</longres></geograph><geodetic><horizdn Sync="TRUE">North American Datum of 1983</horizdn><ellips Sync="TRUE">Geodetic Reference System 80</ellips><semiaxis Sync="TRUE">6378137.000000</semiaxis><denflat Sync="TRUE">298.257222</denflat></geodetic></horizsys></spref><refSysInfo><RefSystem><refSysID><identCode Sync="TRUE">GCS_North_American_1983</identCode></refSysID></RefSystem></refSysInfo><spatRepInfo><VectSpatRep><topLvl><TopoLevCd Sync="TRUE" value="001"></TopoLevCd></topLvl><geometObjs Name="nadm_d1"><geoObjTyp><GeoObjTypCd Sync="TRUE" value="001"></GeoObjTypCd></geoObjTyp><geoObjCnt Sync="TRUE">0</geoObjCnt></geometObjs></VectSpatRep></spatRepInfo><eainfo><detailed Name="nadm_d1"><enttyp><enttypl Sync="TRUE">nadm_d1</enttypl><enttypt Sync="TRUE">Feature Class</enttypt><enttypc Sync="TRUE">0</enttypc></enttyp><attr><attrlabl Sync="TRUE">FID</attrlabl><attalias Sync="TRUE">FID</attalias><attrtype Sync="TRUE">OID</attrtype><attwidth Sync="TRUE">4</attwidth><atprecis Sync="TRUE">0</atprecis><attscale Sync="TRUE">0</attscale><attrdef Sync="TRUE">Internal feature number.</attrdef><attrdefs Sync="TRUE">ESRI</attrdefs><attrdomv><udom Sync="TRUE">Sequential unique whole numbers that are automatically generated.</udom></attrdomv></attr><attr><attrlabl Sync="TRUE">Shape</attrlabl><attalias Sync="TRUE">Shape</attalias><attrtype Sync="TRUE">Geometry</attrtype><attwidth Sync="TRUE">0</attwidth><atprecis Sync="TRUE">0</atprecis><attscale Sync="TRUE">0</attscale><attrdef Sync="TRUE">Feature geometry.</attrdef><attrdefs Sync="TRUE">ESRI</attrdefs><attrdomv><udom Sync="TRUE">Coordinates defining the features.</udom></attrdomv></attr><attr><attrlabl Sync="TRUE">ID</attrlabl><attalias Sync="TRUE">ID</attalias><attrtype Sync="TRUE">Number</attrtype><attwidth Sync="TRUE">6</attwidth></attr><attr><attrlabl Sync="TRUE">DM</attrlabl><attalias Sync="TRUE">DM</attalias><attrtype Sync="TRUE">Number</attrtype><attwidth Sync="TRUE">9</attwidth></attr></detailed></eainfo><mdDateSt Sync="TRUE">20110512</mdDateSt></metadata>
