<?xml version="1.0" encoding="UTF-8"?>
<metadata xml:lang="en"><Esri><CreaDate>20210709</CreaDate><CreaTime>12545100</CreaTime><ArcGISFormat>1.0</ArcGISFormat><ArcGISstyle>FGDC CSDGM Metadata</ArcGISstyle><SyncOnce>TRUE</SyncOnce><DataProperties><itemProps><itemLocation><linkage Sync="TRUE">file://\\SKREGIA688261P\C$\Users\kleinac\Documents\NAIS\NADM\Assessment\2021\06\data\nadm-202106-final\nadm_impact_labels</linkage><protocol Sync="TRUE">Local Area Network</protocol></itemLocation></itemProps><copyHistory><copy source="C:\Users\kleinac\Documents\NAIS\NADM\Assessment\2021\06\data\nadm-202106-processed\nadm-202106\nadm\nadm_impact_labels" dest="\\SKREGIA688261P\C$\Users\kleinac\Documents\NAIS\NADM\Assessment\2021\06\data\nadm-202106-final\nadm_impact_labels" date="20210709" time="12545100"></copy></copyHistory></DataProperties></Esri></metadata>
