<?xml version="1.0"?>
<!--<!DOCTYPE metadata SYSTEM "http://www.esri.com/metadata/esriprof80.dtd">-->
<metadata xml:lang="en"><Esri><CreaDate>20030117</CreaDate><CreaTime>14393800</CreaTime><SyncOnce>TRUE</SyncOnce><MetaID>{D8A4B07C-4503-4970-8494-240FC5F24C1A}</MetaID></Esri><idinfo><citation><citeinfo><onlink Sync="TRUE">\\Jawfsrv\user\Harlan\NADM\Archive\Nov02\Drought_Areas_NA_D1</onlink></citeinfo></citation></idinfo><distInfo><distributor><distorTran><onLineSrc><linkage Sync="TRUE">file://\\Jawfsrv\user\Harlan\NADM\Archive\Nov02\Drought_Areas_NA_D1</linkage><protocol Sync="TRUE">Local Area Network</protocol></onLineSrc></distorTran></distributor></distInfo><dataqual><lineage><procstep><procdesc Sync="TRUE">Dataset copied.</procdesc><srcused Sync="TRUE">E:\Harlan\NADM\DroughtAreas\Drought_Areas_NA_D1</srcused><date Sync="TRUE">20021216</date><time Sync="TRUE">07541000</time></procstep><procstep><procdesc Sync="TRUE">Dataset copied.</procdesc><srcused Sync="TRUE">C:\NADM\DroughtAreas\Drought_Areas_NA_D1</srcused><date Sync="TRUE">20030110</date><time Sync="TRUE">14312500</time></procstep><procstep><procdesc Sync="TRUE">Dataset copied.</procdesc><srcused Sync="TRUE">F:\Harlan\NADM\DroughtAreas\Drought_Areas_NA_D1</srcused><date Sync="TRUE">20030117</date><time Sync="TRUE">14393800</time></procstep></lineage></dataqual></metadata>
