<?xml version="1.0"?>
<!--<!DOCTYPE metadata SYSTEM "http://www.esri.com/metadata/esriprof80.dtd">-->
<metadata xml:lang="en"><Esri><CreaDate>20030117</CreaDate><CreaTime>14400700</CreaTime><SyncOnce>TRUE</SyncOnce><MetaID>{6523C8B5-CD14-47BE-8BC9-76FDEAA476AF}</MetaID></Esri><idinfo><citation><citeinfo><onlink Sync="TRUE">\\Jawfsrv\user\Harlan\NADM\Archive\Nov02\Drought_Impacts_NA</onlink></citeinfo></citation></idinfo><distInfo><distributor><distorTran><onLineSrc><linkage Sync="TRUE">file://\\Jawfsrv\user\Harlan\NADM\Archive\Nov02\Drought_Impacts_NA</linkage><protocol Sync="TRUE">Local Area Network</protocol></onLineSrc></distorTran></distributor></distInfo><dataqual><lineage><procstep><procdesc Sync="TRUE">Dataset copied.</procdesc><srcused Sync="TRUE">C:\NADM\DroughtImpacts\Drought_Impacts_NA</srcused><date Sync="TRUE">20030110</date><time Sync="TRUE">14320300</time></procstep><procstep><procdesc Sync="TRUE">Dataset copied.</procdesc><srcused Sync="TRUE">F:\Harlan\NADM\DroughtImpacts\Drought_Impacts_NA</srcused><date Sync="TRUE">20030117</date><time Sync="TRUE">14400700</time></procstep></lineage></dataqual></metadata>
