<?xml version="1.0"?>
<!--<!DOCTYPE metadata SYSTEM "http://www.esri.com/metadata/esriprof80.dtd">-->
<metadata xml:lang="en"><Esri><CreaDate>20030117</CreaDate><CreaTime>14394200</CreaTime><SyncOnce>TRUE</SyncOnce><MetaID>{59651828-F252-42C8-A061-30AAC90C2C88}</MetaID></Esri><idinfo><citation><citeinfo><onlink Sync="TRUE">\\Jawfsrv\user\Harlan\NADM\Archive\Nov02\Drought_Areas_NA_D2</onlink></citeinfo></citation></idinfo><distInfo><distributor><distorTran><onLineSrc><linkage Sync="TRUE">file://\\Jawfsrv\user\Harlan\NADM\Archive\Nov02\Drought_Areas_NA_D2</linkage><protocol Sync="TRUE">Local Area Network</protocol></onLineSrc></distorTran></distributor></distInfo><dataqual><lineage><procstep><procdesc Sync="TRUE">Dataset copied.</procdesc><srcused Sync="TRUE">C:\NADM\DroughtAreas\Drought_Areas_NA_D2</srcused><date Sync="TRUE">20030110</date><time Sync="TRUE">14312600</time></procstep><procstep><procdesc Sync="TRUE">Dataset copied.</procdesc><srcused Sync="TRUE">F:\Harlan\NADM\DroughtAreas\Drought_Areas_NA_D2</srcused><date Sync="TRUE">20030117</date><time Sync="TRUE">14394200</time></procstep></lineage></dataqual></metadata>
