<?xml version="1.0"?>
<!--<!DOCTYPE metadata SYSTEM "http://www.esri.com/metadata/esriprof80.dtd">-->
<metadata xml:lang="en"><Esri><CreaDate>20100216</CreaDate><CreaTime>18001400</CreaTime><SyncOnce>TRUE</SyncOnce><MetaID>{E3BC25C0-2468-44D4-A70B-36CC23B27712}</MetaID></Esri><idinfo><citation><citeinfo><onlink Sync="TRUE"></onlink></citeinfo></citation></idinfo><distInfo><distributor><distorTran><onLineSrc><linkage Sync="TRUE">file://</linkage><protocol Sync="TRUE">Local Area Network</protocol></onLineSrc></distorTran></distributor></distInfo><dataqual><lineage><procstep><procdesc Sync="TRUE">Dataset copied.</procdesc><srcused Sync="TRUE">P:\Drought\Drought_Monitor\Drought_Monitor_TypeDigitizer\usdm070306\Drought_Impacts_Type</srcused><date Sync="TRUE">20070315</date><time Sync="TRUE">13591100</time></procstep><procstep><procdesc Sync="TRUE">Dataset copied.</procdesc><srcused Sync="TRUE">P:\Drought\Drought_Monitor\Drought_Monitor_TypeDigitizer\USDM022707\Drought_Impacts_Type</srcused><date Sync="TRUE">20070315</date><time Sync="TRUE">16352900</time></procstep><procstep><procdesc Sync="TRUE">Dataset copied.</procdesc><srcused Sync="TRUE"></srcused><date Sync="TRUE">20070405</date><time Sync="TRUE">10013700</time></procstep><procstep><procdesc Sync="TRUE">Dataset copied.</procdesc><srcused Sync="TRUE"></srcused><date Sync="TRUE">20070405</date><time Sync="TRUE">10131900</time></procstep><procstep><procdesc Sync="TRUE">Dataset copied.</procdesc><srcused Sync="TRUE"></srcused><date Sync="TRUE">20070405</date><time Sync="TRUE">10185400</time></procstep><procstep><procdesc Sync="TRUE">Dataset copied.</procdesc><srcused Sync="TRUE">E:\gisdata\drought_monitor\Drought_Monitor_clean\usdm070410\Drought_Impacts_Type</srcused><date Sync="TRUE">20070418</date><time Sync="TRUE">17110200</time></procstep><procstep><procdesc Sync="TRUE">Dataset copied.</procdesc><srcused Sync="TRUE">E:\gisdata\drought_monitor\Drought_Monitor_clean\usdm070417\Drought_Impacts_Type</srcused><date Sync="TRUE">20070425</date><time Sync="TRUE">16563600</time></procstep><procstep><procdesc Sync="TRUE">Dataset copied.</procdesc><srcused Sync="TRUE">E:\gisdata\drought_monitor\Drought_Monitor_clean\usdm090414\Drought_Impacts_Type</srcused><procdate Sync="TRUE">20090422</procdate><proctime Sync="TRUE">16302600</proctime></procstep><procstep><procdesc Sync="TRUE">Dataset copied.</procdesc><srcused Sync="TRUE"></srcused><procdate Sync="TRUE">20091209</procdate><proctime Sync="TRUE">14085000</proctime></procstep><procstep><procdesc Sync="TRUE">Dataset copied.</procdesc><srcused Sync="TRUE"></srcused><procdate Sync="TRUE">20100216</procdate><proctime Sync="TRUE">18001400</proctime></procstep></lineage></dataqual></metadata>
