<?xml version="1.0"?>
<!--<!DOCTYPE metadata SYSTEM "http://www.esri.com/metadata/esriprof80.dtd">-->
<metadata xml:lang="es"><Esri><CreaDate>20110706</CreaDate><CreaTime>10301200</CreaTime><SyncOnce>TRUE</SyncOnce><ArcGISFormat>1.0</ArcGISFormat><DataProperties><itemProps><itemLocation><linkage Sync="TRUE">file://\\CE0408W400\C$\sequia\2011\2011 JUNIO\mex_0511_d4</linkage><protocol Sync="TRUE">Local Area Network</protocol></itemLocation></itemProps><copyHistory><copy source="C:\sequia\2011\2011 MAYO\may11\mex_0511_d4" dest="\\CE0408W400\C$\sequia\2011\2011 JUNIO\mex_0511_d4" date="20110706" time="10301200"></copy></copyHistory></DataProperties></Esri><idinfo><citation><citeinfo><onlink Sync="TRUE">\\CE0408W403\C\Users\fromeroc\Desktop\Drought\2010 DICIEMBRE\dic2010\mex_1110_d3</onlink></citeinfo></citation></idinfo><distInfo><distributor><distorTran><onLineSrc><linkage Sync="TRUE">file://\\CE0408W403\C\Users\fromeroc\Desktop\Drought\2010 DICIEMBRE\dic2010\mex_1110_d3</linkage><protocol Sync="TRUE">Local Area Network</protocol></onLineSrc></distorTran></distributor></distInfo><dataqual><lineage><procstep><procdesc Sync="TRUE">Dataset copied.</procdesc><srcused Sync="TRUE">C:\NADM training\Mexico_Abril08\mex_0408_d3</srcused><date Sync="TRUE">20080613</date><time Sync="TRUE">13542700</time></procstep><procstep><procdesc Sync="TRUE">Dataset copied.</procdesc><srcused Sync="TRUE">C:\NADM\Mexico_Junio08\Mex_Junio08\mex_0608_d3</srcused><date Sync="TRUE">20080818</date><time Sync="TRUE">16105100</time></procstep><procstep><procdesc Sync="TRUE">Dataset copied.</procdesc><srcused Sync="TRUE">C:\NADM\Mexico_Julio08\Mexico_Julio08\mex_0708_d3</srcused><date Sync="TRUE">20080911</date><time Sync="TRUE">18044500</time></procstep><procstep><procdesc Sync="TRUE">Dataset moved.</procdesc><srcused Sync="TRUE">C:\NADM\Mexico_Agosto08\mex_0808_d3</srcused><date Sync="TRUE">20081015</date><time Sync="TRUE">07210000</time></procstep><procstep><procdesc Sync="TRUE">Dataset copied.</procdesc><srcused Sync="TRUE">C:\NADM\Mexico_September08\mex_0908_d3</srcused><date Sync="TRUE">20081210</date><time Sync="TRUE">19154200</time></procstep><procstep><procdesc Sync="TRUE">Dataset copied.</procdesc><srcused Sync="TRUE">C:\NADM\Noviembre_2008\mex_1108_d3</srcused><date Sync="TRUE">20090115</date><time Sync="TRUE">15511800</time></procstep><procstep><procdesc Sync="TRUE">Dataset copied.</procdesc><srcused Sync="TRUE">C:\NADM\Diciembre_2008\mex_1208_d3</srcused><date Sync="TRUE">20090211</date><time Sync="TRUE">10133500</time></procstep><procstep><procdesc Sync="TRUE">Dataset copied.</procdesc><srcused Sync="TRUE">C:\NADM\MARZO 2009\mex_0309_d3</srcused><date Sync="TRUE">20090513</date><time Sync="TRUE">15563400</time></procstep><procstep><procdesc Sync="TRUE">Dataset copied.</procdesc><srcused Sync="TRUE">C:\NADM\ABRIL 2009\mex_0409_d3</srcused><date Sync="TRUE">20090615</date><time Sync="TRUE">13134700</time></procstep><procstep><procdesc Sync="TRUE">Dataset copied.</procdesc><srcused Sync="TRUE">C:\NADM\MAYO_2009\mex_0509_d3</srcused><date Sync="TRUE">20090715</date><time Sync="TRUE">13142500</time></procstep><procstep><procdesc Sync="TRUE">Dataset moved.</procdesc><srcused Sync="TRUE">C:\NADM\JULIO_2009\mex_0709_d3</srcused><date Sync="TRUE">20090915</date><time Sync="TRUE">18252400</time></procstep><procstep><procdesc Sync="TRUE">Dataset moved.</procdesc><srcused Sync="TRUE">C:\NADM\AGOSTO_2009\mex_0709_d3</srcused><date Sync="TRUE">20090915</date><time Sync="TRUE">18253600</time></procstep><procstep><procdesc Sync="TRUE">Dataset copied.</procdesc><srcused Sync="TRUE">C:\NADM\JULIO_2009\mex_0709_d3</srcused><date Sync="TRUE">20090915</date><time Sync="TRUE">18254800</time></procstep><procstep><procdesc Sync="TRUE">Dataset copied.</procdesc><srcused Sync="TRUE">C:\NADM\AGOSTO_2009\mex_0809_d3</srcused><date Sync="TRUE">20091012</date><time Sync="TRUE">14133300</time></procstep><procstep><procdesc Sync="TRUE">Dataset copied.</procdesc><srcused Sync="TRUE">C:\Users\fromeroc\Desktop\Drought\2009 Septiembre\Septiembre 2009\mex_0909_d3</srcused><date Sync="TRUE">20091109</date><time Sync="TRUE">18200200</time></procstep><procstep><procdesc Sync="TRUE">Dataset copied.</procdesc><srcused Sync="TRUE">C:\Users\fromeroc\Desktop\Drought\2009 NOVIEMBRE\Noviembre2009\mex_1109_d3</srcused><date Sync="TRUE">20100114</date><time Sync="TRUE">20294800</time></procstep><procstep><procdesc Sync="TRUE">Dataset copied.</procdesc><srcused Sync="TRUE">C:\Users\fromeroc\Desktop\Drought\2010 FEBRERO\FEB2010\mex_0210_d3</srcused><date Sync="TRUE">20100414</date><time Sync="TRUE">17550800</time></procstep><procstep><procdesc Sync="TRUE">Dataset copied.</procdesc><srcused Sync="TRUE">C:\Users\fromeroc\Desktop\Drought\2010 MARZO\MAR2010\mex_0310_d3</srcused><date Sync="TRUE">20100511</date><time Sync="TRUE">09232200</time></procstep><procstep><procdesc Sync="TRUE">Dataset moved.</procdesc><srcused Sync="TRUE">C:\Users\fromeroc\Desktop\Drought\2010 ABRIL\mex_0310_d3</srcused><date Sync="TRUE">20100511</date><time Sync="TRUE">09252500</time></procstep><procstep><procdesc Sync="TRUE">Dataset copied.</procdesc><srcused Sync="TRUE">C:\Users\fromeroc\Desktop\Drought\2010 ABRIL\ABR2010\mex_0410_d3</srcused><date Sync="TRUE">20100609</date><time Sync="TRUE">16351100</time></procstep><procstep><procdesc Sync="TRUE">Dataset copied.</procdesc><srcused Sync="TRUE">C:\Users\fromeroc\Desktop\Drought\2010 MAYO\MAY2010\mex_0510_d3</srcused><date Sync="TRUE">20100611</date><time Sync="TRUE">18124800</time></procstep><procstep><procdesc Sync="TRUE">Dataset copied.</procdesc><srcused Sync="TRUE">C:\Users\fromeroc\Desktop\Drought\2010 JUNIO\2010JUN\mex_0610_d3</srcused><date Sync="TRUE">20100811</date><time Sync="TRUE">11205200</time></procstep><procstep><procdesc Sync="TRUE">Dataset copied.</procdesc><srcused Sync="TRUE">C:\Users\fromeroc\Desktop\Drought\2010 JULIO\JULIO2010\mex_0710_d3</srcused><date Sync="TRUE">20100914</date><time Sync="TRUE">14284300</time></procstep><procstep><procdesc Sync="TRUE">Dataset copied.</procdesc><srcused Sync="TRUE">C:\Users\fromeroc\Desktop\Drought\2010 AGOSTO\AGOSTO 2010\mex_0810_d3</srcused><date Sync="TRUE">20101011</date><time Sync="TRUE">18430000</time></procstep><procstep><procdesc Sync="TRUE">Dataset copied.</procdesc><srcused Sync="TRUE">C:\Users\fromeroc\Desktop\Drought\2010 OCTUBRE\OCTUBRE 2010\mex_1010_d3</srcused><procdate Sync="TRUE">20101210</procdate><proctime Sync="TRUE">15131300</proctime></procstep><procstep><procdesc Sync="TRUE">Dataset copied.</procdesc><srcused Sync="TRUE">C:\Users\fromeroc\Desktop\Drought\2010 NOVIEMBRE\nov2010\mex_1110_d3</srcused><procdate Sync="TRUE">20110106</procdate><proctime Sync="TRUE">13442300</proctime></procstep></lineage></dataqual></metadata>
