<?xml version="1.0"?>
<!--<!DOCTYPE metadata SYSTEM "http://www.esri.com/metadata/esriprof80.dtd">-->
<metadata xml:lang="en"><Esri><CreaDate>20080702</CreaDate><CreaTime>20222200</CreaTime><SyncOnce>FALSE</SyncOnce><SyncDate>20100611</SyncDate><SyncTime>14483600</SyncTime><ModDate>20100611</ModDate><ModTime>14483600</ModTime><DataProperties><lineage><Process Name="Intersect_1" ToolSource="C:\Program Files\ArcGIS\ArcToolbox\Toolboxes\Analysis Tools.tbx\Intersect" Date="20040810" Time="184107">Intersect "Drought_Impacts_US '';Drought_Areas_US_D0 ''" "c:\mydocuments\drought monitor files\usdm-tinkauthor\droughtimpacts\Drought_Impacts_US_Intersect.shp" ALL # INPUT</Process><Process Name="Clip_1" ToolSource="C:\Program Files\ArcGIS\ArcToolbox\Toolboxes\Analysis Tools.tbx\Clip" Date="20041019" Time="123412">Clip Drought_Impacts_USCopy Drought_Areas_US_D0 "C:\MyDocuments\Drought Monitor Files\usdm-current\Drought_Impacts_US.shp" #</Process><Process Name="Clip_1" ToolSource="C:\Program Files\ArcGIS\ArcToolbox\Toolboxes\Analysis Tools.tbx\Clip" Date="20041027" Time="154627">Clip Drought_Impacts_US Drought_Areas_US_D0 "C:\MyDocuments\Drought Monitor Files\usdm-current\Drought_Impacts_US_clipped.shp" #</Process><Process Name="Clip_2" ToolSource="C:\Program Files\ArcGIS\ArcToolbox\Toolboxes\Analysis Tools.tbx\Clip" Date="20050419" Time="114946">Clip Drought_Impacts_US Drought_Areas_US_D0 "c:\mydocuments\drought monitor files\usdmwip16apr2005\Drought_Impacts_US_Clip2.shp" "1.000000 Meters"</Process><Process Name="Clip_1" ToolSource="C:\Program Files\ArcGIS\ArcToolbox\Toolboxes\Analysis Tools.tbx\Clip" Date="20050420" Time="184643">Clip Drought_Impacts_US Drought_Areas_US_D0 "C:\MyDocuments\Drought Monitor Files\usdmWIP16apr2005\Drought_Impacts_US.shp" "1.000000 Meters"</Process><Process Name="Clip_1" ToolSource="C:\Program Files\ArcGIS\ArcToolbox\Toolboxes\Analysis Tools.tbx\Clip" Date="20050628" Time="025848">Clip Drought_Impacts_US Drought_Areas_US_D0 "C:\MyDocuments\Drought Monitor Files\usdm28jun2005-DRAFT1\Drought_Impacts_US_1.shp" #</Process><Process Name="Clip_1" ToolSource="C:\Program Files\ArcGIS\ArcToolbox\Toolboxes\Analysis Tools.tbx\Clip" Date="20051229" Time="004326">Clip Drought_Impacts_US Drought_Areas_US_D0 "C:\MyDocuments\Drought Monitor Files\usdm27dec2005-WIP\Drought_Impacts_US.shp" #</Process><Process Name="Clip_1" ToolSource="C:\Program Files\ArcGIS\ArcToolbox\Toolboxes\Analysis Tools.tbx\Clip" Date="20060315" Time="143339">Clip Drought_Impacts_US Drought_Areas_US_D0 "C:\MyDocuments\Drought Monitor Files\usdm14mar2006WIP\impacts_clip.shp" #</Process><Process Name="Clip_1" ToolSource="C:\Program Files\ArcGIS\ArcToolbox\Toolboxes\Analysis Tools.tbx\Clip" Date="20060419" Time="162735">Clip Drought_Impacts_US Drought_Areas_US_D0 "C:\MyDocuments\Drought Monitor Files\usdm18apr2006WIP\Drought_Impacts_Clipped.shp" #</Process><Process Name="Clip_1" ToolSource="C:\Program Files\ArcGIS\ArcToolbox\Toolboxes\Analysis Tools.tbx\Clip" Date="20070612" Time="143639">Clip Drought_Impacts_US D0 "C:\MyDocuments\Drought Monitor Files\usdm12jun2007-WORKING\DroughtImpacts\Drought_Impacts_US_new.shp" #</Process><Process Name="Intersect_1" ToolSource="C:\Program Files\ArcGIS\ArcToolbox\Toolboxes\Analysis Tools.tbx\Intersect" Date="20080109" Time="140414">Intersect "Drought_Impacts_US #;Drought_Areas_US_D0 #" "C:\MyDocuments\Drought Monitor Files\usdm08jan2008WIP\DroughtImpacts\Drought_Impacts_US_clip2.shp" ALL # INPUT</Process><Process Name="Clip_1" ToolSource="C:\Program Files\ArcGIS\ArcToolbox\Toolboxes\Analysis Tools.tbx\Clip" Date="20080116" Time="141251">Clip Drought_Impacts_US Drought_Areas_US_D0 "C:\MyDocuments\Drought Monitor Files\usdm15jan2008WIP\DroughtImpacts\Drought_Impacts_US_clip.shp" #</Process><Process Name="Clip_1" ToolSource="C:\Program Files\ArcGIS\ArcToolbox\Toolboxes\Analysis Tools.tbx\Clip" Date="20080618" Time="160517">Clip Drought_Impacts_US Drought_Areas_US_D0 "C:\mydocuments\Drought Monitor Files\usdm17jun2008wip\DroughtImpacts\Drought_Impacts_US_Clip.shp" #</Process><Process Name="Clip_1" ToolSource="C:\Program Files\ArcGIS\ArcToolbox\Toolboxes\Analysis Tools.tbx\Clip" Date="20080702" Time="205358">Clip Drought_Impacts_US Drought_Areas_US_D0 "C:\mydocuments\Drought Monitor Files\usdm01jul2008WIP\DroughtImpacts\Drought_impacts_us_Clip.shp" #</Process><Process ToolSource="C:\Program Files\ArcGIS\ArcToolbox\Toolboxes\Analysis Tools.tbx\Clip" Date="20090701" Time="225828">Clip Drought_Impacts_US Drought_Areas_US_D0 G:\Drought_Monitor\DroughtImpacts\Drought_Impacts_US_clip.shp #</Process><Process Name="Merge_11" ToolSource="C:\Program Files\ArcGIS\ArcToolbox\Toolboxes\Data Management Tools.tbx\Merge" Date="20100611" Time="144638">Merge Drought_Impacts_US C:\NADM-201005\NADM\DroughtImpacts\merged_Impacts.shp "FID_Drough FID_Drough true false false 9 Long 0 9 ,First,#,Drought_Impacts_US,FID_Drough,-1,-1;FID_Drou_1 FID_Drou_1 true false false 9 Long 0 9 ,First,#,Drought_Impacts_US,FID_Drou_1,-1,-1;Id Id true false false 6 Long 0 6 ,First,#,Drought_Impacts_US,Id,-1,-1;Id_1 Id_1 true false false 6 Long 0 6 ,First,#,Drought_Impacts_US,Id_1,-1,-1;Id_12 Id_12 true false false 6 Long 0 6 ,First,#,Drought_Impacts_US,Id_12,-1,-1;FID_Drou_2 FID_Drou_2 true false false 9 Long 0 9 ,First,#,Drought_Impacts_US,FID_Drou_2,-1,-1;Id_12_13 Id_12_13 true false false 6 Long 0 6 ,First,#,Drought_Impacts_US,Id_12_13,-1,-1;FID_Drou_3 FID_Drou_3 true false false 9 Long 0 9 ,First,#,Drought_Impacts_US,FID_Drou_3,-1,-1;Id_12_1_14 Id_12_1_14 true false false 6 Long 0 6 ,First,#,Drought_Impacts_US,Id_12_1_14,-1,-1"</Process><Process Name="Dissolve_12" ToolSource="C:\Program Files\ArcGIS\ArcToolbox\Toolboxes\Data Management Tools.tbx\Dissolve" Date="20100611" Time="144836">Dissolve merged_Impacts C:\NADM-201005\NADM\DroughtImpacts\nadm_impact_labels.shp # # MULTI_PART</Process></lineage></DataProperties><MetaID>{D1D26CB4-D89E-452F-8F12-E597AA2B6FF5}</MetaID></Esri><idinfo><citation><citeinfo><onlink Sync="TRUE">\\BRIPPEY\C\NADM-201005\NADM\DroughtImpacts\nadm_impact_labels.shp</onlink><origin>REQUIRED: The name of an organization or individual that developed the data set.</origin><pubdate>REQUIRED: The date when the data set is published or otherwise made available for release.</pubdate><title Sync="TRUE">nadm_impact_labels</title><ftname Sync="TRUE">nadm_impact_labels</ftname><geoform Sync="TRUE">vector digital data</geoform></citeinfo></citation><native Sync="TRUE">Microsoft Windows XP Version 5.1 (Build 2600) Service Pack 3; ESRI ArcCatalog 9.2.0.1324</native><descript><langdata Sync="TRUE">en</langdata><abstract>REQUIRED: A brief narrative summary of the data set.</abstract><purpose>REQUIRED: A summary of the intentions with which the data set was developed.</purpose></descript><timeperd><current>REQUIRED: The basis on which the time period of content information is determined.</current><timeinfo><sngdate><caldate>REQUIRED: The year (and optionally month, or month and day) for which the data set corresponds to the ground.</caldate></sngdate></timeinfo></timeperd><status><progress>REQUIRED: The state of the data set.</progress><update>REQUIRED: The frequency with which changes and additions are made to the data set after the initial data set is completed.</update></status><spdom><bounding><westbc Sync="TRUE">-163.023115</westbc><eastbc Sync="TRUE">-103.409533</eastbc><northbc Sync="TRUE">47.433784</northbc><southbc Sync="TRUE">18.684613</southbc></bounding><lboundng><leftbc Sync="TRUE">-6115314.674886</leftbc><rightbc Sync="TRUE">-656613.034236</rightbc><bottombc Sync="TRUE">-82365.814863</bottombc><topbc Sync="TRUE">1138819.725595</topbc></lboundng></spdom><keywords><theme><themekt>REQUIRED: Reference to a formally registered thesaurus or a similar authoritative source of theme keywords.</themekt><themekey>REQUIRED: Common-use word or phrase used to describe the subject of the data set.</themekey></theme></keywords><accconst>REQUIRED: Restrictions and legal prerequisites for accessing the data set.</accconst><useconst>REQUIRED: Restrictions and legal prerequisites for using the data set after access is granted.</useconst><natvform Sync="TRUE">Shapefile</natvform></idinfo><distInfo><distributor><distorTran><onLineSrc><linkage Sync="TRUE">file://\\BRIPPEY\C\NADM-201005\NADM\DroughtImpacts\nadm_impact_labels.shp</linkage><protocol Sync="TRUE">Local Area Network</protocol><orDesc Sync="TRUE">002</orDesc></onLineSrc><transSize Sync="TRUE">0.000</transSize></distorTran><distorFormat><formatName Sync="TRUE">Shapefile</formatName></distorFormat></distributor></distInfo><dataqual><lineage><procstep><procdesc Sync="TRUE">Dataset copied.</procdesc><srcused Sync="TRUE">C:\MyDocuments\Drought Monitor Files\usdm30dec2003\New_Drought_Impacts</srcused><date Sync="TRUE">20040107</date><time Sync="TRUE">18594400</time></procstep><procstep><procdesc Sync="TRUE">Dataset copied.</procdesc><srcused Sync="TRUE">D:\MyFiles\Drought Monitor\Drought Monitor Files\Drought_Impacts_US</srcused><date Sync="TRUE">20040120</date><time Sync="TRUE">15123900</time></procstep><procstep><procdesc Sync="TRUE">Dataset copied.</procdesc><srcused Sync="TRUE">C:\MyDocuments\Drought Monitor Files\usdm-current\DroughtImpacts\Drought_Impacts_US</srcused><date Sync="TRUE">20041019</date><time Sync="TRUE">12181600</time></procstep><procstep><procdesc Sync="TRUE">Dataset copied.</procdesc><srcused Sync="TRUE"></srcused><date Sync="TRUE">20051228</date><time Sync="TRUE">23410300</time></procstep><procstep><procdesc Sync="TRUE">Dataset copied.</procdesc><srcused Sync="TRUE"></srcused><date Sync="TRUE">20080702</date><time Sync="TRUE">20222200</time></procstep></lineage></dataqual><dataIdInfo><envirDesc Sync="TRUE">Microsoft Windows XP Version 5.1 (Build 2600) Service Pack 3; ESRI ArcCatalog 9.2.0.1324</envirDesc><dataLang><languageCode Sync="TRUE" value="en"></languageCode></dataLang><idCitation><resTitle Sync="TRUE">nadm_impact_labels</resTitle><presForm><PresFormCd Sync="TRUE" value="005"></PresFormCd></presForm></idCitation><spatRpType><SpatRepTypCd Sync="TRUE" value="001"></SpatRepTypCd></spatRpType><dataExt><geoEle><GeoBndBox esriExtentType="native"><westBL Sync="TRUE">-6115314.674886</westBL><eastBL Sync="TRUE">-656613.034236</eastBL><northBL Sync="TRUE">1138819.725595</northBL><southBL Sync="TRUE">-82365.814863</southBL><exTypeCode Sync="TRUE">1</exTypeCode></GeoBndBox></geoEle></dataExt><geoBox esriExtentType="decdegrees"><westBL Sync="TRUE">-163.023115</westBL><eastBL Sync="TRUE">-103.409533</eastBL><northBL Sync="TRUE">47.433784</northBL><southBL Sync="TRUE">18.684613</southBL><exTypeCode Sync="TRUE">1</exTypeCode></geoBox></dataIdInfo><metainfo><langmeta Sync="TRUE">en</langmeta><metstdn Sync="TRUE">FGDC Content Standards for Digital Geospatial Metadata</metstdn><metstdv Sync="TRUE">FGDC-STD-001-1998</metstdv><mettc Sync="TRUE">local time</mettc><metc><cntinfo><cntorgp><cntper>REQUIRED: The person responsible for the metadata information.</cntper><cntorg>REQUIRED: The organization responsible for the metadata information.</cntorg></cntorgp><cntaddr><addrtype>REQUIRED: The mailing and/or physical address for the organization or individual.</addrtype><city>REQUIRED: The city of the address.</city><state>REQUIRED: The state or province of the address.</state><postal>REQUIRED: The ZIP or other postal code of the address.</postal></cntaddr><cntvoice>REQUIRED: The telephone number by which individuals can speak to the organization or individual.</cntvoice></cntinfo></metc><metd Sync="TRUE">20100611</metd><metextns><onlink Sync="TRUE">http://www.esri.com/metadata/esriprof80.html</onlink><metprof Sync="TRUE">ESRI Metadata Profile</metprof></metextns></metainfo><mdLang><languageCode Sync="TRUE" value="en"></languageCode></mdLang><mdStanName Sync="TRUE">ISO 19115 Geographic Information - Metadata</mdStanName><mdStanVer Sync="TRUE">DIS_ESRI1.0</mdStanVer><mdChar><CharSetCd Sync="TRUE" value="004"></CharSetCd></mdChar><mdHrLv><ScopeCd Sync="TRUE" value="005"></ScopeCd></mdHrLv><mdHrLvName Sync="TRUE">dataset</mdHrLvName><distinfo><resdesc Sync="TRUE">Downloadable Data</resdesc><stdorder><digform><digtinfo><transize Sync="TRUE">0.000</transize><dssize Sync="TRUE">0.000</dssize></digtinfo></digform></stdorder></distinfo><spdoinfo><direct Sync="TRUE">Vector</direct><ptvctinf><esriterm Name="nadm_impact_labels"><efeatyp Sync="TRUE">Simple</efeatyp><efeageom Sync="TRUE">Polygon</efeageom><esritopo Sync="TRUE">FALSE</esritopo><efeacnt Sync="TRUE">0</efeacnt><spindex Sync="TRUE">FALSE</spindex><linrefer Sync="TRUE">FALSE</linrefer></esriterm><sdtsterm Name="nadm_impact_labels"><sdtstype Sync="TRUE">G-polygon</sdtstype><ptvctcnt Sync="TRUE">0</ptvctcnt></sdtsterm></ptvctinf></spdoinfo><spref><horizsys><cordsysn><geogcsn Sync="TRUE">GCS_North_American_1983</geogcsn><projcsn Sync="TRUE">USA_Contiguous_Albers_Equal_Area_Conic</projcsn></cordsysn><planar><planci><plance Sync="TRUE">coordinate pair</plance><plandu Sync="TRUE">meters</plandu><coordrep><absres Sync="TRUE">0.000000</absres><ordres Sync="TRUE">0.000000</ordres></coordrep></planci><mapproj><mapprojn Sync="TRUE">Albers Conical Equal Area</mapprojn><albers><stdparll Sync="TRUE">29.500000</stdparll><stdparll Sync="TRUE">45.500000</stdparll><longcm Sync="TRUE">-96.000000</longcm><latprjo Sync="TRUE">37.500000</latprjo><feast Sync="TRUE">0.000000</feast><fnorth Sync="TRUE">0.000000</fnorth></albers></mapproj></planar><geodetic><horizdn Sync="TRUE">North American Datum of 1983</horizdn><ellips Sync="TRUE">Geodetic Reference System 80</ellips><semiaxis Sync="TRUE">6378137.000000</semiaxis><denflat Sync="TRUE">298.257222</denflat></geodetic></horizsys></spref><refSysInfo><RefSystem><refSysID><identCode Sync="TRUE">USA_Contiguous_Albers_Equal_Area_Conic</identCode></refSysID></RefSystem></refSysInfo><spatRepInfo><VectSpatRep><topLvl><TopoLevCd Sync="TRUE" value="001"></TopoLevCd></topLvl><geometObjs Name="nadm_impact_labels"><geoObjTyp><GeoObjTypCd Sync="TRUE" value="001"></GeoObjTypCd></geoObjTyp><geoObjCnt Sync="TRUE">0</geoObjCnt></geometObjs></VectSpatRep></spatRepInfo><eainfo><detailed Name="nadm_impact_labels"><enttyp><enttypl Sync="TRUE">nadm_impact_labels</enttypl><enttypt Sync="TRUE">Feature Class</enttypt><enttypc Sync="TRUE">0</enttypc></enttyp><attr><attrlabl Sync="TRUE">FID</attrlabl><attalias Sync="TRUE">FID</attalias><attrtype Sync="TRUE">OID</attrtype><attwidth Sync="TRUE">4</attwidth><atprecis Sync="TRUE">0</atprecis><attscale Sync="TRUE">0</attscale><attrdef Sync="TRUE">Internal feature number.</attrdef><attrdefs Sync="TRUE">ESRI</attrdefs><attrdomv><udom Sync="TRUE">Sequential unique whole numbers that are automatically generated.</udom></attrdomv></attr><attr><attrlabl Sync="TRUE">Shape</attrlabl><attalias Sync="TRUE">Shape</attalias><attrtype Sync="TRUE">Geometry</attrtype><attwidth Sync="TRUE">0</attwidth><atprecis Sync="TRUE">0</atprecis><attscale Sync="TRUE">0</attscale><attrdef Sync="TRUE">Feature geometry.</attrdef><attrdefs Sync="TRUE">ESRI</attrdefs><attrdomv><udom Sync="TRUE">Coordinates defining the features.</udom></attrdomv></attr><attr><attrlabl Sync="TRUE">Id</attrlabl><attalias Sync="TRUE">Id</attalias><attrtype Sync="TRUE">Number</attrtype><attwidth Sync="TRUE">6</attwidth></attr></detailed></eainfo><mdDateSt Sync="TRUE">20100611</mdDateSt></metadata>
