<metadata xml:lang="en"><Esri><MetaID>{F873919D-58CD-448E-BB24-BA665FBAC7B6}</MetaID><CreaDate>20100506</CreaDate><CreaTime>14022800</CreaTime><SyncOnce>FALSE</SyncOnce><SyncDate>20141203</SyncDate><SyncTime>18225300</SyncTime><ModDate>20141203</ModDate><ModTime>18225300</ModTime><DataProperties><itemProps><itemName Sync="TRUE">Drought_Impacts_Callout_P</itemName><imsContentType Sync="TRUE">002</imsContentType><itemLocation><linkage Sync="TRUE">file://\\seca\f\OperationalProcessing\DroughtMonitor\data\shapefiles_r\Drought_Impacts_Callout_P.shp</linkage><protocol Sync="TRUE">Local Area Network</protocol></itemLocation><itemSize Sync="TRUE">0.000</itemSize></itemProps><coordRef><type Sync="TRUE">Projected</type><geogcsn Sync="TRUE">GCS_North_American_1983</geogcsn><csUnits Sync="TRUE">Linear Unit: Meter (1.000000)</csUnits><projcsn Sync="TRUE">USA_Contiguous_Albers_Equal_Area_Conic</projcsn><peXml Sync="TRUE">&lt;ProjectedCoordinateSystem xsi:type='typens:ProjectedCoordinateSystem' xmlns:xsi='http://www.w3.org/2001/XMLSchema-instance' xmlns:xs='http://www.w3.org/2001/XMLSchema' xmlns:typens='http://www.esri.com/schemas/ArcGIS/10.1'&gt;&lt;WKT&gt;PROJCS[&amp;quot;USA_Contiguous_Albers_Equal_Area_Conic&amp;quot;,GEOGCS[&amp;quot;GCS_North_American_1983&amp;quot;,DATUM[&amp;quot;D_North_American_1983&amp;quot;,SPHEROID[&amp;quot;GRS_1980&amp;quot;,6378137.0,298.257222101]],PRIMEM[&amp;quot;Greenwich&amp;quot;,0.0],UNIT[&amp;quot;Degree&amp;quot;,0.0174532925199433]],PROJECTION[&amp;quot;Albers&amp;quot;],PARAMETER[&amp;quot;False_Easting&amp;quot;,0.0],PARAMETER[&amp;quot;False_Northing&amp;quot;,0.0],PARAMETER[&amp;quot;central_meridian&amp;quot;,-96.0],PARAMETER[&amp;quot;Standard_Parallel_1&amp;quot;,29.5],PARAMETER[&amp;quot;Standard_Parallel_2&amp;quot;,45.5],PARAMETER[&amp;quot;latitude_of_origin&amp;quot;,37.5],UNIT[&amp;quot;Meter&amp;quot;,1.0],AUTHORITY[&amp;quot;ESRI&amp;quot;,102003]]&lt;/WKT&gt;&lt;XOrigin&gt;-16901100&lt;/XOrigin&gt;&lt;YOrigin&gt;-8579000&lt;/YOrigin&gt;&lt;XYScale&gt;266467840.99085236&lt;/XYScale&gt;&lt;ZOrigin&gt;-100000&lt;/ZOrigin&gt;&lt;ZScale&gt;10000&lt;/ZScale&gt;&lt;MOrigin&gt;-100000&lt;/MOrigin&gt;&lt;MScale&gt;10000&lt;/MScale&gt;&lt;XYTolerance&gt;0.001&lt;/XYTolerance&gt;&lt;ZTolerance&gt;0.001&lt;/ZTolerance&gt;&lt;MTolerance&gt;0.001&lt;/MTolerance&gt;&lt;HighPrecision&gt;true&lt;/HighPrecision&gt;&lt;WKID&gt;102003&lt;/WKID&gt;&lt;LatestWKID&gt;102003&lt;/LatestWKID&gt;&lt;/ProjectedCoordinateSystem&gt;</peXml></coordRef><lineage><Process ToolSource="c:\program files (x86)\arcgis\desktop10.1\ArcToolbox\Toolboxes\Data Management Tools.tbx\CopyFeatures" Date="20131016" Time="150345">CopyFeatures \\seca\f\OperationalProcessing\DroughtMonitor\raw\usdm131015\Drought_Impacts_Callout.shp \\seca\f\OperationalProcessing\DroughtMonitor\processed\20131015\20131015.gdb\Drought_Impacts_Callout_P # 0 0 0</Process><Process ToolSource="c:\program files (x86)\arcgis\desktop10.1\ArcToolbox\Toolboxes\Data Management Tools.tbx\CopyFeatures" Date="20131016" Time="161112">CopyFeatures \\seca\f\OperationalProcessing\DroughtMonitor\processed\20131015\20131015.gdb\Drought_Impacts_Callout_P \\seca\f\OperationalProcessing\DroughtMonitor\data\shapefiles_r\Drought_Impacts_Callout_P.shp # 0 0 0</Process><Process ToolSource="c:\program files (x86)\arcgis\desktop10.1\ArcToolbox\Toolboxes\Data Management Tools.tbx\CopyFeatures" Date="20131030" Time="143640">CopyFeatures \\seca\f\OperationalProcessing\DroughtMonitor\raw\usdm131029\Drought_Impacts_Callout.shp \\seca\f\OperationalProcessing\DroughtMonitor\processed\20131029\20131029.gdb\Drought_Impacts_Callout_P # 0 0 0</Process><Process ToolSource="c:\program files (x86)\arcgis\desktop10.1\ArcToolbox\Toolboxes\Data Management Tools.tbx\CopyFeatures" Date="20131030" Time="152835">CopyFeatures \\seca\f\OperationalProcessing\DroughtMonitor\processed\20131029\20131029.gdb\Drought_Impacts_Callout_P \\seca\f\OperationalProcessing\DroughtMonitor\data\shapefiles_r\Drought_Impacts_Callout_P.shp # 0 0 0</Process><Process ToolSource="c:\program files (x86)\arcgis\desktop10.1\ArcToolbox\Toolboxes\Data Management Tools.tbx\CopyFeatures" Date="20131113" Time="161939">CopyFeatures \\seca\f\OperationalProcessing\DroughtMonitor\raw\usdm131112\Drought_Impacts_Callout.shp \\seca\f\OperationalProcessing\DroughtMonitor\processed\20131112\20131112.gdb\Drought_Impacts_Callout_P # 0 0 0</Process><Process ToolSource="c:\program files (x86)\arcgis\desktop10.1\ArcToolbox\Toolboxes\Data Management Tools.tbx\CopyFeatures" Date="20131113" Time="171401">CopyFeatures \\seca\f\OperationalProcessing\DroughtMonitor\processed\20131112\20131112.gdb\Drought_Impacts_Callout_P \\seca\f\OperationalProcessing\DroughtMonitor\data\shapefiles_r\Drought_Impacts_Callout_P.shp # 0 0 0</Process><Process ToolSource="c:\program files (x86)\arcgis\desktop10.1\ArcToolbox\Toolboxes\Data Management Tools.tbx\CopyFeatures" Date="20131120" Time="162801">CopyFeatures \\seca\f\OperationalProcessing\DroughtMonitor\raw\usdm131119\Drought_Impacts_Callout.shp \\seca\f\OperationalProcessing\DroughtMonitor\processed\20131119\20131119.gdb\Drought_Impacts_Callout_P # 0 0 0</Process><Process ToolSource="c:\program files (x86)\arcgis\desktop10.1\ArcToolbox\Toolboxes\Data Management Tools.tbx\CopyFeatures" Date="20131120" Time="171554">CopyFeatures \\seca\f\OperationalProcessing\DroughtMonitor\processed\20131119\20131119.gdb\Drought_Impacts_Callout_P \\seca\f\OperationalProcessing\DroughtMonitor\data\shapefiles_r\Drought_Impacts_Callout_P.shp # 0 0 0</Process><Process ToolSource="c:\program files (x86)\arcgis\desktop10.1\ArcToolbox\Toolboxes\Data Management Tools.tbx\CopyFeatures" Date="20131204" Time="153410">CopyFeatures \\seca\f\OperationalProcessing\DroughtMonitor\raw\usdm131203\Drought_Impacts_Callout.shp \\seca\f\OperationalProcessing\DroughtMonitor\processed\20131203\20131203.gdb\Drought_Impacts_Callout_P # 0 0 0</Process><Process ToolSource="c:\program files (x86)\arcgis\desktop10.1\ArcToolbox\Toolboxes\Data Management Tools.tbx\CopyFeatures" Date="20131204" Time="162107">CopyFeatures \\seca\f\OperationalProcessing\DroughtMonitor\processed\20131203\20131203.gdb\Drought_Impacts_Callout_P \\seca\f\OperationalProcessing\DroughtMonitor\data\shapefiles_r\Drought_Impacts_Callout_P.shp # 0 0 0</Process><Process ToolSource="c:\program files (x86)\arcgis\desktop10.1\ArcToolbox\Toolboxes\Data Management Tools.tbx\CopyFeatures" Date="20131211" Time="144813">CopyFeatures \\seca\f\OperationalProcessing\DroughtMonitor\raw\usdm131210\Drought_Impacts_Callout.shp \\seca\f\OperationalProcessing\DroughtMonitor\processed\20131210\20131210.gdb\Drought_Impacts_Callout_P # 0 0 0</Process><Process ToolSource="c:\program files (x86)\arcgis\desktop10.1\ArcToolbox\Toolboxes\Data Management Tools.tbx\CopyFeatures" Date="20131211" Time="153706">CopyFeatures \\seca\f\OperationalProcessing\DroughtMonitor\processed\20131210\20131210.gdb\Drought_Impacts_Callout_P \\seca\f\OperationalProcessing\DroughtMonitor\data\shapefiles_r\Drought_Impacts_Callout_P.shp # 0 0 0</Process><Process ToolSource="c:\program files (x86)\arcgis\desktop10.1\ArcToolbox\Toolboxes\Data Management Tools.tbx\CopyFeatures" Date="20131218" Time="163802">CopyFeatures \\seca\f\OperationalProcessing\DroughtMonitor\raw\usdm131217\Drought_Impacts_Callout.shp \\seca\f\OperationalProcessing\DroughtMonitor\processed\20131217\20131217.gdb\Drought_Impacts_Callout_P # 0 0 0</Process><Process ToolSource="c:\program files (x86)\arcgis\desktop10.1\ArcToolbox\Toolboxes\Data Management Tools.tbx\CopyFeatures" Date="20131218" Time="172330">CopyFeatures \\seca\f\OperationalProcessing\DroughtMonitor\processed\20131217\20131217.gdb\Drought_Impacts_Callout_P \\seca\f\OperationalProcessing\DroughtMonitor\data\shapefiles_r\Drought_Impacts_Callout_P.shp # 0 0 0</Process><Process ToolSource="c:\program files (x86)\arcgis\desktop10.1\ArcToolbox\Toolboxes\Data Management Tools.tbx\CopyFeatures" Date="20131231" Time="173311">CopyFeatures \\seca\f\OperationalProcessing\DroughtMonitor\raw\usdm131231\Drought_Impacts_Callout.shp \\seca\f\OperationalProcessing\DroughtMonitor\processed\20131231\20131231.gdb\Drought_Impacts_Callout_P # 0 0 0</Process><Process ToolSource="c:\program files (x86)\arcgis\desktop10.1\ArcToolbox\Toolboxes\Data Management Tools.tbx\CopyFeatures" Date="20131231" Time="181801">CopyFeatures \\seca\f\OperationalProcessing\DroughtMonitor\processed\20131231\20131231.gdb\Drought_Impacts_Callout_P \\seca\f\OperationalProcessing\DroughtMonitor\data\shapefiles_r\Drought_Impacts_Callout_P.shp # 0 0 0</Process><Process ToolSource="c:\program files (x86)\arcgis\desktop10.1\ArcToolbox\Toolboxes\Data Management Tools.tbx\CopyFeatures" Date="20140108" Time="174808">CopyFeatures \\seca\f\OperationalProcessing\DroughtMonitor\raw\usdm140107\Drought_Impacts_Callout.shp \\seca\f\OperationalProcessing\DroughtMonitor\processed\20140107\20140107.gdb\Drought_Impacts_Callout_P # 0 0 0</Process><Process ToolSource="c:\program files (x86)\arcgis\desktop10.1\ArcToolbox\Toolboxes\Data Management Tools.tbx\CopyFeatures" Date="20140108" Time="214429">CopyFeatures \\seca\f\OperationalProcessing\DroughtMonitor\processed\20140107\20140107.gdb\Drought_Impacts_Callout_P \\seca\f\OperationalProcessing\DroughtMonitor\data\authorfiles\temp\Drought_Impacts_Callout_P.shp # 0 0 0</Process><Process ToolSource="c:\program files (x86)\arcgis\desktop10.1\ArcToolbox\Toolboxes\Data Management Tools.tbx\CopyFeatures" Date="20140115" Time="143922">CopyFeatures \\seca\f\OperationalProcessing\DroughtMonitor\raw\usdm140114\Drought_Impacts_Callout.shp \\seca\f\OperationalProcessing\DroughtMonitor\processed\20140114\20140114.gdb\Drought_Impacts_Callout_P # 0 0 0</Process><Process ToolSource="c:\program files (x86)\arcgis\desktop10.1\ArcToolbox\Toolboxes\Data Management Tools.tbx\CopyFeatures" Date="20140115" Time="150837">CopyFeatures \\seca\f\OperationalProcessing\DroughtMonitor\processed\20140114\20140114.gdb\Drought_Impacts_Callout_P \\seca\f\OperationalProcessing\DroughtMonitor\data\shapefiles_r\Drought_Impacts_Callout_P.shp # 0 0 0</Process><Process ToolSource="c:\program files (x86)\arcgis\desktop10.1\ArcToolbox\Toolboxes\Data Management Tools.tbx\CopyFeatures" Date="20140205" Time="163755">CopyFeatures \\seca\f\OperationalProcessing\DroughtMonitor\raw\usdm140204\Drought_Impacts_Callout.shp \\seca\f\OperationalProcessing\DroughtMonitor\processed\20140204\20140204.gdb\Drought_Impacts_Callout_P # 0 0 0</Process><Process ToolSource="c:\program files (x86)\arcgis\desktop10.1\ArcToolbox\Toolboxes\Data Management Tools.tbx\CopyFeatures" Date="20140205" Time="170854">CopyFeatures \\seca\f\OperationalProcessing\DroughtMonitor\processed\20140204\20140204.gdb\Drought_Impacts_Callout_P \\seca\f\OperationalProcessing\DroughtMonitor\data\shapefiles_r\Drought_Impacts_Callout_P.shp # 0 0 0</Process><Process ToolSource="c:\program files (x86)\arcgis\desktop10.1\ArcToolbox\Toolboxes\Data Management Tools.tbx\CopyFeatures" Date="20140212" Time="114441">CopyFeatures \\seca\f\OperationalProcessing\DroughtMonitor\raw\usdm140211\Drought_Impacts_Callout.shp \\seca\f\OperationalProcessing\DroughtMonitor\processed\20140211\20140211.gdb\Drought_Impacts_Callout_P # 0 0 0</Process><Process ToolSource="c:\program files (x86)\arcgis\desktop10.1\ArcToolbox\Toolboxes\Data Management Tools.tbx\CopyFeatures" Date="20140212" Time="121324">CopyFeatures \\seca\f\OperationalProcessing\DroughtMonitor\processed\20140211\20140211.gdb\Drought_Impacts_Callout_P \\seca\f\OperationalProcessing\DroughtMonitor\data\shapefiles_r\Drought_Impacts_Callout_P.shp # 0 0 0</Process><Process ToolSource="c:\program files (x86)\arcgis\desktop10.1\ArcToolbox\Toolboxes\Data Management Tools.tbx\CopyFeatures" Date="20140219" Time="143819">CopyFeatures \\seca\f\OperationalProcessing\DroughtMonitor\raw\usdm140218\Drought_Impacts_Callout.shp \\seca\f\OperationalProcessing\DroughtMonitor\processed\20140218\20140218.gdb\Drought_Impacts_Callout_P # 0 0 0</Process><Process ToolSource="c:\program files (x86)\arcgis\desktop10.1\ArcToolbox\Toolboxes\Data Management Tools.tbx\CopyFeatures" Date="20140219" Time="173638">CopyFeatures \\seca\f\OperationalProcessing\DroughtMonitor\processed\20140218\20140218.gdb\Drought_Impacts_Callout_P \\seca\f\OperationalProcessing\DroughtMonitor\data\authorfiles\temp\Drought_Impacts_Callout_P.shp # 0 0 0</Process><Process ToolSource="c:\program files (x86)\arcgis\desktop10.1\ArcToolbox\Toolboxes\Data Management Tools.tbx\CopyFeatures" Date="20140226" Time="161833">CopyFeatures \\seca\f\OperationalProcessing\DroughtMonitor\raw\usdm140225\Drought_Impacts_Callout.shp \\seca\f\OperationalProcessing\DroughtMonitor\processed\20140225\20140225.gdb\Drought_Impacts_Callout_P # 0 0 0</Process><Process ToolSource="c:\program files (x86)\arcgis\desktop10.1\ArcToolbox\Toolboxes\Data Management Tools.tbx\CopyFeatures" Date="20140226" Time="185331">CopyFeatures \\seca\f\OperationalProcessing\DroughtMonitor\processed\20140225\20140225.gdb\Drought_Impacts_Callout_P \\seca\f\OperationalProcessing\DroughtMonitor\data\authorfiles\temp\Drought_Impacts_Callout_P.shp # 0 0 0</Process><Process ToolSource="c:\program files (x86)\arcgis\desktop10.1\ArcToolbox\Toolboxes\Data Management Tools.tbx\CopyFeatures" Date="20140312" Time="165953">CopyFeatures \\seca\f\OperationalProcessing\DroughtMonitor\raw\usdm140311\Drought_Impacts_Callout.shp \\seca\f\OperationalProcessing\DroughtMonitor\processed\20140311\20140311.gdb\Drought_Impacts_Callout_P # 0 0 0</Process><Process ToolSource="c:\program files (x86)\arcgis\desktop10.1\ArcToolbox\Toolboxes\Data Management Tools.tbx\CopyFeatures" Date="20140312" Time="194439">CopyFeatures \\seca\f\OperationalProcessing\DroughtMonitor\processed\20140311\20140311.gdb\Drought_Impacts_Callout_P \\seca\f\OperationalProcessing\DroughtMonitor\data\authorfiles\temp\Drought_Impacts_Callout_P.shp # 0 0 0</Process><Process ToolSource="c:\program files (x86)\arcgis\desktop10.1\ArcToolbox\Toolboxes\Data Management Tools.tbx\CopyFeatures" Date="20140319" Time="151120">CopyFeatures \\seca\f\OperationalProcessing\DroughtMonitor\raw\usdm140318\Drought_Impacts_Callout.shp \\seca\f\OperationalProcessing\DroughtMonitor\processed\20140318\20140318.gdb\Drought_Impacts_Callout_P # 0 0 0</Process><Process ToolSource="c:\program files (x86)\arcgis\desktop10.1\ArcToolbox\Toolboxes\Data Management Tools.tbx\CopyFeatures" Date="20140319" Time="153856">CopyFeatures \\seca\f\OperationalProcessing\DroughtMonitor\processed\20140318\20140318.gdb\Drought_Impacts_Callout_P \\seca\f\OperationalProcessing\DroughtMonitor\data\shapefiles_r\Drought_Impacts_Callout_P.shp # 0 0 0</Process><Process ToolSource="c:\program files (x86)\arcgis\desktop10.1\ArcToolbox\Toolboxes\Data Management Tools.tbx\CopyFeatures" Date="20140326" Time="161921">CopyFeatures \\seca\f\OperationalProcessing\DroughtMonitor\raw\usdm140325\Drought_Impacts_Callout.shp \\seca\f\OperationalProcessing\DroughtMonitor\processed\20140325\20140325.gdb\Drought_Impacts_Callout_P # 0 0 0</Process><Process ToolSource="c:\program files (x86)\arcgis\desktop10.1\ArcToolbox\Toolboxes\Data Management Tools.tbx\CopyFeatures" Date="20140326" Time="164925">CopyFeatures \\seca\f\OperationalProcessing\DroughtMonitor\processed\20140325\20140325.gdb\Drought_Impacts_Callout_P \\seca\f\OperationalProcessing\DroughtMonitor\data\shapefiles_r\Drought_Impacts_Callout_P.shp # 0 0 0</Process><Process ToolSource="c:\program files (x86)\arcgis\desktop10.1\ArcToolbox\Toolboxes\Data Management Tools.tbx\CopyFeatures" Date="20140402" Time="163102">CopyFeatures \\seca\f\OperationalProcessing\DroughtMonitor\raw\usdm140401\Drought_Impacts_Callout.shp \\seca\f\OperationalProcessing\DroughtMonitor\processed\20140401\20140401.gdb\Drought_Impacts_Callout_P # 0 0 0</Process><Process ToolSource="c:\program files (x86)\arcgis\desktop10.1\ArcToolbox\Toolboxes\Data Management Tools.tbx\CopyFeatures" Date="20140402" Time="165919">CopyFeatures \\seca\f\OperationalProcessing\DroughtMonitor\processed\20140401\20140401.gdb\Drought_Impacts_Callout_P \\seca\f\OperationalProcessing\DroughtMonitor\data\shapefiles_r\Drought_Impacts_Callout_P.shp # 0 0 0</Process><Process ToolSource="c:\program files (x86)\arcgis\desktop10.1\ArcToolbox\Toolboxes\Data Management Tools.tbx\CopyFeatures" Date="20140416" Time="144652">CopyFeatures \\seca\f\OperationalProcessing\DroughtMonitor\raw\usdm140415\Drought_Impacts_Callout.shp \\seca\f\OperationalProcessing\DroughtMonitor\processed\20140415\20140415.gdb\Drought_Impacts_Callout_P # 0 0 0</Process><Process ToolSource="c:\program files (x86)\arcgis\desktop10.1\ArcToolbox\Toolboxes\Data Management Tools.tbx\CopyFeatures" Date="20140416" Time="152020">CopyFeatures \\seca\f\OperationalProcessing\DroughtMonitor\processed\20140415\20140415.gdb\Drought_Impacts_Callout_P \\seca\f\OperationalProcessing\DroughtMonitor\data\shapefiles_r\Drought_Impacts_Callout_P.shp # 0 0 0</Process><Process ToolSource="c:\program files (x86)\arcgis\desktop10.1\ArcToolbox\Toolboxes\Data Management Tools.tbx\CopyFeatures" Date="20140423" Time="155628">CopyFeatures \\seca\f\OperationalProcessing\DroughtMonitor\raw\usdm140422\Drought_Impacts_Callout.shp \\seca\f\OperationalProcessing\DroughtMonitor\processed\20140422\20140422.gdb\Drought_Impacts_Callout_P # 0 0 0</Process><Process ToolSource="c:\program files (x86)\arcgis\desktop10.1\ArcToolbox\Toolboxes\Data Management Tools.tbx\CopyFeatures" Date="20140423" Time="163516">CopyFeatures \\seca\f\OperationalProcessing\DroughtMonitor\processed\20140422\20140422.gdb\Drought_Impacts_Callout_P \\seca\f\OperationalProcessing\DroughtMonitor\data\shapefiles_r\Drought_Impacts_Callout_P.shp # 0 0 0</Process><Process ToolSource="c:\program files (x86)\arcgis\desktop10.1\ArcToolbox\Toolboxes\Data Management Tools.tbx\CopyFeatures" Date="20140501" Time="084923">CopyFeatures \\seca\f\OperationalProcessing\DroughtMonitor\raw\usdm140429\Drought_Impacts_Callout.shp \\seca\f\OperationalProcessing\DroughtMonitor\processed\20140429\20140429.gdb\Drought_Impacts_Callout_P # 0 0 0</Process><Process ToolSource="c:\program files (x86)\arcgis\desktop10.1\ArcToolbox\Toolboxes\Data Management Tools.tbx\CopyFeatures" Date="20140501" Time="092006">CopyFeatures \\seca\f\OperationalProcessing\DroughtMonitor\processed\20140429\20140429.gdb\Drought_Impacts_Callout_P \\seca\f\OperationalProcessing\DroughtMonitor\data\shapefiles_r\Drought_Impacts_Callout_P.shp # 0 0 0</Process><Process ToolSource="c:\program files (x86)\arcgis\desktop10.1\ArcToolbox\Toolboxes\Data Management Tools.tbx\CopyFeatures" Date="20140507" Time="170915">CopyFeatures \\seca\f\OperationalProcessing\DroughtMonitor\raw\usdm140506\Drought_Impacts_Callout.shp \\seca\f\OperationalProcessing\DroughtMonitor\processed\20140506\20140506.gdb\Drought_Impacts_Callout_P # 0 0 0</Process><Process ToolSource="c:\program files (x86)\arcgis\desktop10.1\ArcToolbox\Toolboxes\Data Management Tools.tbx\CopyFeatures" Date="20140507" Time="174537">CopyFeatures \\seca\f\OperationalProcessing\DroughtMonitor\processed\20140506\20140506.gdb\Drought_Impacts_Callout_P \\seca\f\OperationalProcessing\DroughtMonitor\data\shapefiles_r\Drought_Impacts_Callout_P.shp # 0 0 0</Process><Process ToolSource="c:\program files (x86)\arcgis\desktop10.1\ArcToolbox\Toolboxes\Data Management Tools.tbx\CopyFeatures" Date="20140514" Time="165322">CopyFeatures \\seca\f\OperationalProcessing\DroughtMonitor\raw\usdm140513\Drought_Impacts_Callout.shp \\seca\f\OperationalProcessing\DroughtMonitor\processed\20140513\20140513.gdb\Drought_Impacts_Callout_P # 0 0 0</Process><Process ToolSource="c:\program files (x86)\arcgis\desktop10.1\ArcToolbox\Toolboxes\Data Management Tools.tbx\CopyFeatures" Date="20140514" Time="190501">CopyFeatures \\seca\f\OperationalProcessing\DroughtMonitor\processed\20140513\20140513.gdb\Drought_Impacts_Callout_P \\seca\f\OperationalProcessing\DroughtMonitor\data\shapefiles_r\Drought_Impacts_Callout_P.shp # 0 0 0</Process><Process ToolSource="c:\program files (x86)\arcgis\desktop10.1\ArcToolbox\Toolboxes\Data Management Tools.tbx\CopyFeatures" Date="20140521" Time="154856">CopyFeatures \\seca\f\OperationalProcessing\DroughtMonitor\raw\usdm140520\Drought_Impacts_Callout.shp \\seca\f\OperationalProcessing\DroughtMonitor\processed\20140520\20140520.gdb\Drought_Impacts_Callout_P # 0 0 0</Process><Process ToolSource="c:\program files (x86)\arcgis\desktop10.1\ArcToolbox\Toolboxes\Data Management Tools.tbx\CopyFeatures" Date="20140521" Time="173200">CopyFeatures \\seca\f\OperationalProcessing\DroughtMonitor\processed\20140520\20140520.gdb\Drought_Impacts_Callout_P \\seca\f\OperationalProcessing\DroughtMonitor\data\shapefiles_r\Drought_Impacts_Callout_P.shp # 0 0 0</Process><Process ToolSource="c:\program files (x86)\arcgis\desktop10.1\ArcToolbox\Toolboxes\Data Management Tools.tbx\CopyFeatures" Date="20140528" Time="145124">CopyFeatures \\seca\f\OperationalProcessing\DroughtMonitor\raw\usdm140527\Drought_Impacts_Callout.shp \\seca\f\OperationalProcessing\DroughtMonitor\processed\20140527\20140527.gdb\Drought_Impacts_Callout_P # 0 0 0</Process><Process ToolSource="c:\program files (x86)\arcgis\desktop10.1\ArcToolbox\Toolboxes\Data Management Tools.tbx\CopyFeatures" Date="20140528" Time="165814">CopyFeatures \\seca\f\OperationalProcessing\DroughtMonitor\processed\20140527\20140527.gdb\Drought_Impacts_Callout_P \\seca\f\OperationalProcessing\DroughtMonitor\data\shapefiles_r\Drought_Impacts_Callout_P.shp # 0 0 0</Process><Process ToolSource="c:\program files (x86)\arcgis\desktop10.1\ArcToolbox\Toolboxes\Data Management Tools.tbx\CopyFeatures" Date="20140611" Time="171146">CopyFeatures \\seca\f\OperationalProcessing\DroughtMonitor\raw\usdm140610\Drought_Impacts_Callout.shp \\seca\f\OperationalProcessing\DroughtMonitor\processed\20140610\20140610.gdb\Drought_Impacts_Callout_P # 0 0 0</Process><Process ToolSource="c:\program files (x86)\arcgis\desktop10.1\ArcToolbox\Toolboxes\Data Management Tools.tbx\CopyFeatures" Date="20140611" Time="195038">CopyFeatures \\seca\f\OperationalProcessing\DroughtMonitor\processed\20140610\20140610.gdb\Drought_Impacts_Callout_P \\seca\f\OperationalProcessing\DroughtMonitor\data\authorfiles\temp\Drought_Impacts_Callout_P.shp # 0 0 0</Process><Process ToolSource="c:\program files (x86)\arcgis\desktop10.1\ArcToolbox\Toolboxes\Data Management Tools.tbx\CopyFeatures" Date="20140618" Time="150358">CopyFeatures \\seca\f\OperationalProcessing\DroughtMonitor\raw\usdm140617\Drought_Impacts_Callout.shp \\seca\f\OperationalProcessing\DroughtMonitor\processed\20140617\20140617.gdb\Drought_Impacts_Callout_P # 0 0 0</Process><Process ToolSource="c:\program files (x86)\arcgis\desktop10.1\ArcToolbox\Toolboxes\Data Management Tools.tbx\CopyFeatures" Date="20140618" Time="172546">CopyFeatures \\seca\f\OperationalProcessing\DroughtMonitor\processed\20140617\20140617.gdb\Drought_Impacts_Callout_P \\seca\f\OperationalProcessing\DroughtMonitor\data\authorfiles\temp\Drought_Impacts_Callout_P.shp # 0 0 0</Process><Process ToolSource="c:\program files (x86)\arcgis\desktop10.1\ArcToolbox\Toolboxes\Data Management Tools.tbx\CopyFeatures" Date="20140625" Time="140741">CopyFeatures \\seca\f\OperationalProcessing\DroughtMonitor\raw\usdm140624\Drought_Impacts_Callout.shp \\seca\f\OperationalProcessing\DroughtMonitor\processed\20140624\20140624.gdb\Drought_Impacts_Callout_P # 0 0 0</Process><Process ToolSource="c:\program files (x86)\arcgis\desktop10.1\ArcToolbox\Toolboxes\Data Management Tools.tbx\CopyFeatures" Date="20140625" Time="162337">CopyFeatures \\seca\f\OperationalProcessing\DroughtMonitor\processed\20140624\20140624.gdb\Drought_Impacts_Callout_P \\seca\f\OperationalProcessing\DroughtMonitor\data\shapefiles_r\Drought_Impacts_Callout_P.shp # 0 0 0</Process><Process ToolSource="c:\program files (x86)\arcgis\desktop10.1\ArcToolbox\Toolboxes\Data Management Tools.tbx\CopyFeatures" Date="20140709" Time="160944">CopyFeatures \\seca\f\OperationalProcessing\DroughtMonitor\raw\usdm140708\Drought_Impacts_Callout.shp \\seca\f\OperationalProcessing\DroughtMonitor\processed\20140708\20140708.gdb\Drought_Impacts_Callout_P # 0 0 0</Process><Process ToolSource="c:\program files (x86)\arcgis\desktop10.1\ArcToolbox\Toolboxes\Data Management Tools.tbx\CopyFeatures" Date="20140709" Time="181502">CopyFeatures \\seca\f\OperationalProcessing\DroughtMonitor\processed\20140708\20140708.gdb\Drought_Impacts_Callout_P \\seca\f\OperationalProcessing\DroughtMonitor\data\shapefiles_r\Drought_Impacts_Callout_P.shp # 0 0 0</Process><Process ToolSource="c:\program files (x86)\arcgis\desktop10.1\ArcToolbox\Toolboxes\Data Management Tools.tbx\CopyFeatures" Date="20140716" Time="153130">CopyFeatures \\seca\f\OperationalProcessing\DroughtMonitor\raw\usdm140715\Drought_Impacts_Callout.shp \\seca\f\OperationalProcessing\DroughtMonitor\processed\20140715\20140715.gdb\Drought_Impacts_Callout_P # 0 0 0</Process><Process ToolSource="c:\program files (x86)\arcgis\desktop10.1\ArcToolbox\Toolboxes\Data Management Tools.tbx\CopyFeatures" Date="20140716" Time="173647">CopyFeatures \\seca\f\OperationalProcessing\DroughtMonitor\processed\20140715\20140715.gdb\Drought_Impacts_Callout_P \\seca\f\OperationalProcessing\DroughtMonitor\data\shapefiles_r\Drought_Impacts_Callout_P.shp # 0 0 0</Process><Process ToolSource="c:\program files (x86)\arcgis\desktop10.1\ArcToolbox\Toolboxes\Data Management Tools.tbx\CopyFeatures" Date="20140723" Time="150603">CopyFeatures \\seca\f\OperationalProcessing\DroughtMonitor\raw\usdm140722\Drought_Impacts_Callout.shp \\seca\f\OperationalProcessing\DroughtMonitor\processed\20140722\20140722.gdb\Drought_Impacts_Callout_P # 0 0 0</Process><Process ToolSource="c:\program files (x86)\arcgis\desktop10.1\ArcToolbox\Toolboxes\Data Management Tools.tbx\CopyFeatures" Date="20140723" Time="174502">CopyFeatures \\seca\f\OperationalProcessing\DroughtMonitor\processed\20140722\20140722.gdb\Drought_Impacts_Callout_P \\seca\f\OperationalProcessing\DroughtMonitor\data\authorfiles\temp\Drought_Impacts_Callout_P.shp # 0 0 0</Process><Process ToolSource="c:\program files (x86)\arcgis\desktop10.1\ArcToolbox\Toolboxes\Data Management Tools.tbx\CopyFeatures" Date="20140730" Time="163140">CopyFeatures \\seca\f\OperationalProcessing\DroughtMonitor\raw\usdm140729\Drought_Impacts_Callout.shp \\seca\f\OperationalProcessing\DroughtMonitor\processed\20140729\20140729.gdb\Drought_Impacts_Callout_P # 0 0 0</Process><Process ToolSource="c:\program files (x86)\arcgis\desktop10.1\ArcToolbox\Toolboxes\Data Management Tools.tbx\CopyFeatures" Date="20140730" Time="185609">CopyFeatures \\seca\f\OperationalProcessing\DroughtMonitor\processed\20140729\20140729.gdb\Drought_Impacts_Callout_P \\seca\f\OperationalProcessing\DroughtMonitor\data\authorfiles\temp\Drought_Impacts_Callout_P.shp # 0 0 0</Process><Process ToolSource="c:\program files (x86)\arcgis\desktop10.1\ArcToolbox\Toolboxes\Data Management Tools.tbx\CopyFeatures" Date="20140806" Time="154039">CopyFeatures \\seca\f\OperationalProcessing\DroughtMonitor\raw\usdm140805\Drought_Impacts_Callout.shp \\seca\f\OperationalProcessing\DroughtMonitor\processed\20140805\20140805.gdb\Drought_Impacts_Callout_P # 0 0 0</Process><Process ToolSource="c:\program files (x86)\arcgis\desktop10.1\ArcToolbox\Toolboxes\Data Management Tools.tbx\CopyFeatures" Date="20140806" Time="180250">CopyFeatures \\seca\f\OperationalProcessing\DroughtMonitor\processed\20140805\20140805.gdb\Drought_Impacts_Callout_P \\seca\f\OperationalProcessing\DroughtMonitor\data\shapefiles_r\Drought_Impacts_Callout_P.shp # 0 0 0</Process><Process ToolSource="c:\program files (x86)\arcgis\desktop10.1\ArcToolbox\Toolboxes\Data Management Tools.tbx\CopyFeatures" Date="20140820" Time="150130">CopyFeatures \\seca\f\OperationalProcessing\DroughtMonitor\raw\usdm140819\Drought_Impacts_Callout.shp \\seca\f\OperationalProcessing\DroughtMonitor\processed\20140819\20140819.gdb\Drought_Impacts_Callout_P # 0 0 0</Process><Process ToolSource="c:\program files (x86)\arcgis\desktop10.1\ArcToolbox\Toolboxes\Data Management Tools.tbx\CopyFeatures" Date="20140820" Time="173247">CopyFeatures \\seca\f\OperationalProcessing\DroughtMonitor\processed\20140819\20140819.gdb\Drought_Impacts_Callout_P \\seca\f\OperationalProcessing\DroughtMonitor\data\shapefiles_r\Drought_Impacts_Callout_P.shp # 0 0 0</Process><Process ToolSource="c:\program files (x86)\arcgis\desktop10.1\ArcToolbox\Toolboxes\Data Management Tools.tbx\CopyFeatures" Date="20140827" Time="171505">CopyFeatures \\seca\f\OperationalProcessing\DroughtMonitor\raw\usdm140826\Drought_Impacts_Callout.shp \\seca\f\OperationalProcessing\DroughtMonitor\processed\20140826\20140826.gdb\Drought_Impacts_Callout_P # 0 0 0</Process><Process ToolSource="c:\program files (x86)\arcgis\desktop10.1\ArcToolbox\Toolboxes\Data Management Tools.tbx\CopyFeatures" Date="20140827" Time="203140">CopyFeatures \\seca\f\OperationalProcessing\DroughtMonitor\processed\20140826\20140826.gdb\Drought_Impacts_Callout_P \\seca\f\OperationalProcessing\DroughtMonitor\data\shapefiles_r\Drought_Impacts_Callout_P.shp # 0 0 0</Process><Process ToolSource="c:\program files (x86)\arcgis\desktop10.1\ArcToolbox\Toolboxes\Data Management Tools.tbx\CopyFeatures" Date="20140903" Time="162831">CopyFeatures \\seca\f\OperationalProcessing\DroughtMonitor\raw\usdm140902\Drought_Impacts_Callout.shp \\seca\f\OperationalProcessing\DroughtMonitor\processed\20140902\20140902.gdb\Drought_Impacts_Callout_P # 0 0 0</Process><Process ToolSource="c:\program files (x86)\arcgis\desktop10.1\ArcToolbox\Toolboxes\Data Management Tools.tbx\CopyFeatures" Date="20140903" Time="211756">CopyFeatures \\seca\f\OperationalProcessing\DroughtMonitor\processed\20140902\20140902.gdb\Drought_Impacts_Callout_P \\seca\f\OperationalProcessing\DroughtMonitor\data\shapefiles_r\Drought_Impacts_Callout_P.shp # 0 0 0</Process><Process ToolSource="c:\program files (x86)\arcgis\desktop10.1\ArcToolbox\Toolboxes\Data Management Tools.tbx\CopyFeatures" Date="20140910" Time="150920">CopyFeatures \\seca\f\OperationalProcessing\DroughtMonitor\raw\usdm140909\Drought_Impacts_Callout.shp \\seca\f\OperationalProcessing\DroughtMonitor\processed\20140909\20140909.gdb\Drought_Impacts_Callout_P # 0 0 0</Process><Process ToolSource="c:\program files (x86)\arcgis\desktop10.1\ArcToolbox\Toolboxes\Data Management Tools.tbx\CopyFeatures" Date="20140910" Time="181408">CopyFeatures \\seca\f\OperationalProcessing\DroughtMonitor\processed\20140909\20140909.gdb\Drought_Impacts_Callout_P \\seca\f\OperationalProcessing\DroughtMonitor\data\shapefiles_r\Drought_Impacts_Callout_P.shp # 0 0 0</Process><Process ToolSource="c:\program files (x86)\arcgis\desktop10.2\ArcToolbox\Toolboxes\Data Management Tools.tbx\CopyFeatures" Date="20140917" Time="150736">CopyFeatures \\seca\f\OperationalProcessing\DroughtMonitor\raw\usdm140916\Drought_Impacts_Callout.shp \\seca\f\OperationalProcessing\DroughtMonitor\processed\20140916\20140916.gdb\Drought_Impacts_Callout_P # 0 0 0</Process><Process ToolSource="c:\program files (x86)\arcgis\desktop10.2\ArcToolbox\Toolboxes\Data Management Tools.tbx\CopyFeatures" Date="20140917" Time="183221">CopyFeatures \\seca\f\OperationalProcessing\DroughtMonitor\processed\20140916\20140916.gdb\Drought_Impacts_Callout_P \\seca\f\OperationalProcessing\DroughtMonitor\data\shapefiles_r\Drought_Impacts_Callout_P.shp # 0 0 0</Process><Process ToolSource="c:\program files (x86)\arcgis\desktop10.2\ArcToolbox\Toolboxes\Data Management Tools.tbx\CopyFeatures" Date="20140924" Time="160853">CopyFeatures \\seca\f\OperationalProcessing\DroughtMonitor\raw\usdm140923\Drought_Impacts_Callout.shp \\seca\f\OperationalProcessing\DroughtMonitor\processed\20140923\20140923.gdb\Drought_Impacts_Callout_P # 0 0 0</Process><Process ToolSource="c:\program files (x86)\arcgis\desktop10.2\ArcToolbox\Toolboxes\Data Management Tools.tbx\CopyFeatures" Date="20140924" Time="183631">CopyFeatures \\seca\f\OperationalProcessing\DroughtMonitor\processed\20140923\20140923.gdb\Drought_Impacts_Callout_P \\seca\f\OperationalProcessing\DroughtMonitor\data\shapefiles_r\Drought_Impacts_Callout_P.shp # 0 0 0</Process><Process ToolSource="c:\program files (x86)\arcgis\desktop10.2\ArcToolbox\Toolboxes\Data Management Tools.tbx\CopyFeatures" Date="20141001" Time="161836">CopyFeatures \\seca\f\OperationalProcessing\DroughtMonitor\raw\usdm140930\Drought_Impacts_Callout.shp \\seca\f\OperationalProcessing\DroughtMonitor\processed\20140930\20140930.gdb\Drought_Impacts_Callout_P # 0 0 0</Process><Process ToolSource="c:\program files (x86)\arcgis\desktop10.2\ArcToolbox\Toolboxes\Data Management Tools.tbx\CopyFeatures" Date="20141001" Time="192849">CopyFeatures \\seca\f\OperationalProcessing\DroughtMonitor\processed\20140930\20140930.gdb\Drought_Impacts_Callout_P \\seca\f\OperationalProcessing\DroughtMonitor\data\shapefiles_r\Drought_Impacts_Callout_P.shp # 0 0 0</Process><Process ToolSource="c:\program files (x86)\arcgis\desktop10.2\ArcToolbox\Toolboxes\Data Management Tools.tbx\CopyFeatures" Date="20141015" Time="172320">CopyFeatures \\seca\f\OperationalProcessing\DroughtMonitor\raw\usdm141014\Drought_Impacts_Callout.shp \\seca\f\OperationalProcessing\DroughtMonitor\processed\20141014\20141014.gdb\Drought_Impacts_Callout_P # 0 0 0</Process><Process ToolSource="c:\program files (x86)\arcgis\desktop10.2\ArcToolbox\Toolboxes\Data Management Tools.tbx\CopyFeatures" Date="20141015" Time="204817">CopyFeatures \\seca\f\OperationalProcessing\DroughtMonitor\processed\20141014\20141014.gdb\Drought_Impacts_Callout_P \\seca\f\OperationalProcessing\DroughtMonitor\data\shapefiles_r\Drought_Impacts_Callout_P.shp # 0 0 0</Process><Process ToolSource="c:\program files (x86)\arcgis\desktop10.2\ArcToolbox\Toolboxes\Data Management Tools.tbx\CopyFeatures" Date="20141022" Time="150710">CopyFeatures \\seca\f\OperationalProcessing\DroughtMonitor\raw\usdm141021\Drought_Impacts_Callout.shp \\seca\f\OperationalProcessing\DroughtMonitor\processed\20141021\20141021.gdb\Drought_Impacts_Callout_P # 0 0 0</Process><Process ToolSource="c:\program files (x86)\arcgis\desktop10.2\ArcToolbox\Toolboxes\Data Management Tools.tbx\CopyFeatures" Date="20141022" Time="181910">CopyFeatures \\seca\f\OperationalProcessing\DroughtMonitor\processed\20141021\20141021.gdb\Drought_Impacts_Callout_P \\seca\f\OperationalProcessing\DroughtMonitor\data\shapefiles_r\Drought_Impacts_Callout_P.shp # 0 0 0</Process><Process ToolSource="c:\program files (x86)\arcgis\desktop10.2\ArcToolbox\Toolboxes\Data Management Tools.tbx\Rename" Date="20141022" Time="181929">Rename \\seca\f\OperationalProcessing\DroughtMonitor\data\shapefiles_r\Drought_Impacts_Callout_P.shp \\seca\f\OperationalProcessing\DroughtMonitor\data\shapefiles_r\Drought_Impacts_Callout.shp FeatureClass</Process><Process ToolSource="c:\program files (x86)\arcgis\desktop10.2\ArcToolbox\Toolboxes\Data Management Tools.tbx\CopyFeatures" Date="20141029" Time="153709">CopyFeatures \\seca\f\OperationalProcessing\DroughtMonitor\raw\usdm141028\Drought_Impacts_Callout.shp \\seca\f\OperationalProcessing\DroughtMonitor\processed\20141028\20141028.gdb\Drought_Impacts_Callout_P # 0 0 0</Process><Process ToolSource="c:\program files (x86)\arcgis\desktop10.2\ArcToolbox\Toolboxes\Data Management Tools.tbx\CopyFeatures" Date="20141029" Time="182935">CopyFeatures \\seca\f\OperationalProcessing\DroughtMonitor\processed\20141028\20141028.gdb\Drought_Impacts_Callout_P \\seca\f\OperationalProcessing\DroughtMonitor\data\shapefiles_r\Drought_Impacts_Callout_P.shp # 0 0 0</Process><Process ToolSource="c:\program files (x86)\arcgis\desktop10.2\ArcToolbox\Toolboxes\Data Management Tools.tbx\Rename" Date="20141029" Time="182950">Rename \\seca\f\OperationalProcessing\DroughtMonitor\data\shapefiles_r\Drought_Impacts_Callout_P.shp \\seca\f\OperationalProcessing\DroughtMonitor\data\shapefiles_r\Drought_Impacts_Callout.shp FeatureClass</Process><Process ToolSource="c:\program files (x86)\arcgis\desktop10.2\ArcToolbox\Toolboxes\Data Management Tools.tbx\CopyFeatures" Date="20141112" Time="170950">CopyFeatures \\seca\f\OperationalProcessing\DroughtMonitor\raw\usdm141111\Drought_Impacts_Callout.shp \\seca\f\OperationalProcessing\DroughtMonitor\processed\20141111\20141111.gdb\Drought_Impacts_Callout_P # 0 0 0</Process><Process ToolSource="c:\program files (x86)\arcgis\desktop10.2\ArcToolbox\Toolboxes\Data Management Tools.tbx\CopyFeatures" Date="20141112" Time="205559">CopyFeatures \\seca\f\OperationalProcessing\DroughtMonitor\processed\20141111\20141111.gdb\Drought_Impacts_Callout_P \\seca\f\OperationalProcessing\DroughtMonitor\data\authorfiles\temp\Drought_Impacts_Callout_P.shp # 0 0 0</Process><Process ToolSource="c:\program files (x86)\arcgis\desktop10.2\ArcToolbox\Toolboxes\Data Management Tools.tbx\Rename" Date="20141112" Time="205609">Rename \\seca\f\OperationalProcessing\DroughtMonitor\data\authorfiles\temp\Drought_Impacts_Callout_P.shp \\seca\f\OperationalProcessing\DroughtMonitor\data\authorfiles\temp\Drought_Impacts_Callout.shp FeatureClass</Process><Process ToolSource="c:\program files (x86)\arcgis\desktop10.2\ArcToolbox\Toolboxes\Data Management Tools.tbx\CopyFeatures" Date="20141125" Time="142741">CopyFeatures \\seca\f\OperationalProcessing\DroughtMonitor\raw\usdm141125\Drought_Impacts_Callout.shp \\seca\f\OperationalProcessing\DroughtMonitor\processed\20141125\20141125.gdb\Drought_Impacts_Callout_P # 0 0 0</Process><Process ToolSource="c:\program files (x86)\arcgis\desktop10.2\ArcToolbox\Toolboxes\Data Management Tools.tbx\CopyFeatures" Date="20141125" Time="175110">CopyFeatures \\seca\f\OperationalProcessing\DroughtMonitor\processed\20141125\20141125.gdb\Drought_Impacts_Callout_P \\seca\f\OperationalProcessing\DroughtMonitor\data\shapefiles_r\Drought_Impacts_Callout_P.shp # 0 0 0</Process><Process ToolSource="c:\program files (x86)\arcgis\desktop10.2\ArcToolbox\Toolboxes\Data Management Tools.tbx\Rename" Date="20141125" Time="175137">Rename \\seca\f\OperationalProcessing\DroughtMonitor\data\shapefiles_r\Drought_Impacts_Callout_P.shp \\seca\f\OperationalProcessing\DroughtMonitor\data\shapefiles_r\Drought_Impacts_Callout.shp FeatureClass</Process><Process ToolSource="c:\program files (x86)\arcgis\desktop10.2\ArcToolbox\Toolboxes\Data Management Tools.tbx\CopyFeatures" Date="20141203" Time="151449">CopyFeatures \\seca\f\OperationalProcessing\DroughtMonitor\raw\usdm141202\Drought_Impacts_Callout.shp \\seca\f\OperationalProcessing\DroughtMonitor\processed\20141202\20141202.gdb\Drought_Impacts_Callout_P # 0 0 0</Process><Process ToolSource="c:\program files (x86)\arcgis\desktop10.2\ArcToolbox\Toolboxes\Data Management Tools.tbx\CopyFeatures" Date="20141203" Time="182253">CopyFeatures \\seca\f\OperationalProcessing\DroughtMonitor\processed\20141202\20141202.gdb\Drought_Impacts_Callout_P \\seca\f\OperationalProcessing\DroughtMonitor\data\shapefiles_r\Drought_Impacts_Callout_P.shp # 0 0 0</Process><Process ToolSource="c:\program files (x86)\arcgis\desktop10.2\ArcToolbox\Toolboxes\Data Management Tools.tbx\Rename" Date="20141203" Time="182308">Rename \\seca\f\OperationalProcessing\DroughtMonitor\data\shapefiles_r\Drought_Impacts_Callout_P.shp \\seca\f\OperationalProcessing\DroughtMonitor\data\shapefiles_r\Drought_Impacts_Callout.shp FeatureClass</Process></lineage></DataProperties></Esri><idinfo><native Sync="TRUE">Microsoft Windows XP Version 5.1 (Build 2600) Service Pack 3; ESRI ArcCatalog 9.3.0.1770</native><descript><langdata Sync="TRUE">en</langdata><abstract>REQUIRED: A brief narrative summary of the data set.</abstract><purpose>REQUIRED: A summary of the intentions with which the data set was developed.</purpose></descript><citation><citeinfo><origin>REQUIRED: The name of an organization or individual that developed the data set.</origin><pubdate>REQUIRED: The date when the data set is published or otherwise made available for release.</pubdate><title Sync="TRUE">Drought_Impacts_Callout</title><ftname Sync="TRUE">Drought_Impacts_Callout</ftname><geoform Sync="TRUE">vector digital data</geoform><onlink Sync="TRUE">\\ncdc\shares\Projects\USDM\USDM_ArcGIS\USDM-ArcGIS\USDroughtMonitor\DroughtImpactsCallout\Drought_Impacts_Callout.shp</onlink></citeinfo></citation><timeperd><current>REQUIRED: The basis on which the time period of content information is determined.</current><timeinfo><sngdate><caldate>REQUIRED: The year (and optionally month, or month and day) for which the data set corresponds to the ground.</caldate></sngdate></timeinfo></timeperd><status><progress>REQUIRED: The state of the data set.</progress><update>REQUIRED: The frequency with which changes and additions are made to the data set after the initial data set is completed.</update></status><spdom><bounding><westbc Sync="TRUE">-159.562357</westbc><eastbc Sync="TRUE">-155.465754</eastbc><northbc Sync="TRUE">22.868809</northbc><southbc Sync="TRUE">18.251117</southbc></bounding><lboundng><leftbc Sync="TRUE">-6236608.303606</leftbc><rightbc Sync="TRUE">-6050105.234380</rightbc><bottombc Sync="TRUE">-50479.269741</bottombc><topbc Sync="TRUE">431443.733931</topbc></lboundng></spdom><keywords><theme><themekt>REQUIRED: Reference to a formally registered thesaurus or a similar authoritative source of theme keywords.</themekt><themekey>REQUIRED: Common-use word or phrase used to describe the subject of the data set.</themekey></theme></keywords><accconst>REQUIRED: Restrictions and legal prerequisites for accessing the data set.</accconst><useconst>REQUIRED: Restrictions and legal prerequisites for using the data set after access is granted.</useconst><natvform Sync="TRUE">Shapefile</natvform></idinfo><dataIdInfo><envirDesc Sync="TRUE">Microsoft Windows 7 Version 6.1 (Build 7601) Service Pack 1; Esri ArcGIS 10.2.2.3552</envirDesc><dataLang><languageCode Sync="TRUE" value="eng"></languageCode><countryCode value="USA" Sync="TRUE"></countryCode></dataLang><idCitation><resTitle Sync="TRUE">Drought_Impacts_Callout_P</resTitle><presForm><PresFormCd Sync="TRUE" value="005"></PresFormCd></presForm></idCitation><spatRpType><SpatRepTypCd Sync="TRUE" value="001"></SpatRepTypCd></spatRpType><dataExt><geoEle><GeoBndBox esriExtentType="native"><westBL Sync="TRUE">-6236608.303606</westBL><eastBL Sync="TRUE">-6050105.23438</eastBL><northBL Sync="TRUE">431443.733931</northBL><southBL Sync="TRUE">-50479.269741</southBL><exTypeCode Sync="TRUE">1</exTypeCode></GeoBndBox></geoEle></dataExt><geoBox esriExtentType="decdegrees"><westBL Sync="TRUE">-159.562357</westBL><eastBL Sync="TRUE">-155.465754</eastBL><northBL Sync="TRUE">22.868809</northBL><southBL Sync="TRUE">18.251117</southBL><exTypeCode Sync="TRUE">1</exTypeCode></geoBox></dataIdInfo><metainfo><langmeta Sync="TRUE">en</langmeta><metstdn Sync="TRUE">FGDC Content Standards for Digital Geospatial Metadata</metstdn><metstdv Sync="TRUE">FGDC-STD-001-1998</metstdv><mettc Sync="TRUE">local time</mettc><metc><cntinfo><cntorgp><cntper>REQUIRED: The person responsible for the metadata information.</cntper><cntorg>REQUIRED: The organization responsible for the metadata information.</cntorg></cntorgp><cntaddr><addrtype>REQUIRED: The mailing and/or physical address for the organization or individual.</addrtype><city>REQUIRED: The city of the address.</city><state>REQUIRED: The state or province of the address.</state><postal>REQUIRED: The ZIP or other postal code of the address.</postal></cntaddr><cntvoice>REQUIRED: The telephone number by which individuals can speak to the organization or individual.</cntvoice></cntinfo></metc><metd Sync="TRUE">20100506</metd></metainfo><mdLang><languageCode Sync="TRUE" value="eng"></languageCode><countryCode value="USA" Sync="TRUE"></countryCode></mdLang><mdStanName Sync="TRUE">ISO 19115 Geographic Information - Metadata</mdStanName><mdStanVer Sync="TRUE">DIS_ESRI1.0</mdStanVer><mdChar><CharSetCd Sync="TRUE" value="004"></CharSetCd></mdChar><mdHrLv><ScopeCd Sync="TRUE" value="005"></ScopeCd></mdHrLv><mdHrLvName Sync="TRUE">dataset</mdHrLvName><distinfo><resdesc Sync="TRUE">Downloadable Data</resdesc><stdorder><digform><digtinfo><transize Sync="TRUE">0.001</transize><dssize Sync="TRUE">0.001</dssize></digtinfo></digform></stdorder></distinfo><distInfo><distributor><distorTran><onLineSrc><orDesc Sync="TRUE">002</orDesc><linkage Sync="TRUE">file://\\ncdc\shares\Projects\USDM\USDM_ArcGIS\USDM-ArcGIS\USDroughtMonitor\DroughtImpactsCallout\Drought_Impacts_Callout.shp</linkage><protocol Sync="TRUE">Local Area Network</protocol></onLineSrc><transSize Sync="TRUE">0.001</transSize></distorTran><distorFormat><formatName Sync="TRUE">Shapefile</formatName></distorFormat></distributor><distFormat><formatName Sync="TRUE">Shapefile</formatName></distFormat><distTranOps><transSize Sync="TRUE">0.000</transSize></distTranOps></distInfo><spdoinfo><direct Sync="TRUE">Vector</direct><ptvctinf><esriterm Name="Drought_Impacts_Callout_P"><efeatyp Sync="TRUE">Simple</efeatyp><efeageom code="3" Sync="TRUE"></efeageom><esritopo Sync="TRUE">FALSE</esritopo><efeacnt Sync="TRUE">0</efeacnt><spindex Sync="TRUE">FALSE</spindex><linrefer Sync="TRUE">FALSE</linrefer></esriterm></ptvctinf></spdoinfo><spref><horizsys><cordsysn><geogcsn Sync="TRUE">GCS_North_American_1983</geogcsn><projcsn Sync="TRUE">USA_Contiguous_Albers_Equal_Area_Conic</projcsn></cordsysn><planar><planci><plance Sync="TRUE">coordinate pair</plance><plandu Sync="TRUE">meters</plandu><coordrep><absres Sync="TRUE">0.000000</absres><ordres Sync="TRUE">0.000000</ordres></coordrep></planci></planar><geodetic><horizdn Sync="TRUE">North American Datum of 1983</horizdn><ellips Sync="TRUE">Geodetic Reference System 80</ellips><semiaxis Sync="TRUE">6378137.000000</semiaxis><denflat Sync="TRUE">298.257222</denflat></geodetic></horizsys></spref><refSysInfo><RefSystem><refSysID><identCode Sync="TRUE" value="102003" code="102003">USA_Contiguous_Albers_Equal_Area_Conic</identCode><idCodeSpace Sync="TRUE">ESRI</idCodeSpace><idVersion Sync="TRUE">10.2.1</idVersion></refSysID></RefSystem></refSysInfo><spatRepInfo><VectSpatRep><geometObjs Name="Drought_Impacts_Callout_P"><geoObjTyp><GeoObjTypCd value="002" Sync="TRUE"></GeoObjTypCd></geoObjTyp><geoObjCnt Sync="TRUE">0</geoObjCnt></geometObjs><topLvl><TopoLevCd value="001" Sync="TRUE"></TopoLevCd></topLvl></VectSpatRep></spatRepInfo><eainfo><detailed Name="Drought_Impacts_Callout_P"><enttyp><enttypl Sync="TRUE">Drought_Impacts_Callout_P</enttypl><enttypt Sync="TRUE">Feature Class</enttypt><enttypc Sync="TRUE">0</enttypc></enttyp><attr><attrlabl Sync="TRUE">FID</attrlabl><attalias Sync="TRUE">FID</attalias><attrtype Sync="TRUE">OID</attrtype><attwidth Sync="TRUE">4</attwidth><atprecis Sync="TRUE">0</atprecis><attscale Sync="TRUE">0</attscale><attrdef Sync="TRUE">Internal feature number.</attrdef><attrdefs Sync="TRUE">Esri</attrdefs><attrdomv><udom Sync="TRUE">Sequential unique whole numbers that are automatically generated.</udom></attrdomv></attr><attr><attrlabl Sync="TRUE">Shape</attrlabl><attalias Sync="TRUE">Shape</attalias><attrtype Sync="TRUE">Geometry</attrtype><attwidth Sync="TRUE">0</attwidth><atprecis Sync="TRUE">0</atprecis><attscale Sync="TRUE">0</attscale><attrdef Sync="TRUE">Feature geometry.</attrdef><attrdefs Sync="TRUE">ESRI</attrdefs><attrdomv><udom Sync="TRUE">Coordinates defining the features.</udom></attrdomv></attr><attr><attrlabl Sync="TRUE">Id</attrlabl><attalias Sync="TRUE">Id</attalias><attrtype Sync="TRUE">Integer</attrtype><attwidth Sync="TRUE">9</attwidth><atprecis Sync="TRUE">9</atprecis><attscale Sync="TRUE">0</attscale></attr><attr><attrlabl Sync="TRUE">Shape_Leng</attrlabl><attalias Sync="TRUE">Shape_Leng</attalias><attrtype Sync="TRUE">Double</attrtype><attwidth Sync="TRUE">19</attwidth><atprecis Sync="TRUE">0</atprecis><attscale Sync="TRUE">0</attscale></attr><attr><attrlabl Sync="TRUE">Shape_Le_1</attrlabl><attalias Sync="TRUE">Shape_Le_1</attalias><attrtype Sync="TRUE">Double</attrtype><attwidth Sync="TRUE">19</attwidth><atprecis Sync="TRUE">0</atprecis><attscale Sync="TRUE">0</attscale></attr><attr><attrlabl Sync="TRUE">Shape_Le_2</attrlabl><attalias Sync="TRUE">Shape_Le_2</attalias><attrtype Sync="TRUE">Double</attrtype><attwidth Sync="TRUE">19</attwidth><atprecis Sync="TRUE">0</atprecis><attscale Sync="TRUE">0</attscale></attr><attr><attrlabl Sync="TRUE">Shape_Le_3</attrlabl><attalias Sync="TRUE">Shape_Le_3</attalias><attrtype Sync="TRUE">Double</attrtype><attwidth Sync="TRUE">19</attwidth><atprecis Sync="TRUE">0</atprecis><attscale Sync="TRUE">0</attscale></attr><attr><attrlabl Sync="TRUE">Shape_Le_4</attrlabl><attalias Sync="TRUE">Shape_Le_4</attalias><attrtype Sync="TRUE">Double</attrtype><attwidth Sync="TRUE">19</attwidth><atprecis Sync="TRUE">0</atprecis><attscale Sync="TRUE">0</attscale></attr><attr><attrlabl Sync="TRUE">Shape_Le_5</attrlabl><attalias Sync="TRUE">Shape_Le_5</attalias><attrtype Sync="TRUE">Double</attrtype><attwidth Sync="TRUE">19</attwidth><atprecis Sync="TRUE">0</atprecis><attscale Sync="TRUE">0</attscale></attr><attr><attrlabl Sync="TRUE">Shape_Le_6</attrlabl><attalias Sync="TRUE">Shape_Le_6</attalias><attrtype Sync="TRUE">Double</attrtype><attwidth Sync="TRUE">19</attwidth><atprecis Sync="TRUE">0</atprecis><attscale Sync="TRUE">0</attscale></attr><attr><attrlabl Sync="TRUE">Shape_Le_7</attrlabl><attalias Sync="TRUE">Shape_Le_7</attalias><attrtype Sync="TRUE">Double</attrtype><attwidth Sync="TRUE">19</attwidth><atprecis Sync="TRUE">0</atprecis><attscale Sync="TRUE">0</attscale></attr><attr><attrlabl Sync="TRUE">Shape_Le_8</attrlabl><attalias Sync="TRUE">Shape_Le_8</attalias><attrtype Sync="TRUE">Double</attrtype><attwidth Sync="TRUE">19</attwidth><atprecis Sync="TRUE">0</atprecis><attscale Sync="TRUE">0</attscale></attr><attr><attrlabl Sync="TRUE">Shape_Le_9</attrlabl><attalias Sync="TRUE">Shape_Le_9</attalias><attrtype Sync="TRUE">Double</attrtype><attwidth Sync="TRUE">19</attwidth><atprecis Sync="TRUE">0</atprecis><attscale Sync="TRUE">0</attscale></attr><attr><attrlabl Sync="TRUE">Shape_L_10</attrlabl><attalias Sync="TRUE">Shape_L_10</attalias><attrtype Sync="TRUE">Double</attrtype><attwidth Sync="TRUE">19</attwidth><atprecis Sync="TRUE">0</atprecis><attscale Sync="TRUE">0</attscale></attr><attr><attrlabl Sync="TRUE">Shape_L_11</attrlabl><attalias Sync="TRUE">Shape_L_11</attalias><attrtype Sync="TRUE">Double</attrtype><attwidth Sync="TRUE">19</attwidth><atprecis Sync="TRUE">0</atprecis><attscale Sync="TRUE">0</attscale></attr><attr><attrlabl Sync="TRUE">Shape_L_12</attrlabl><attalias Sync="TRUE">Shape_L_12</attalias><attrtype Sync="TRUE">Double</attrtype><attwidth Sync="TRUE">19</attwidth><atprecis Sync="TRUE">0</atprecis><attscale Sync="TRUE">0</attscale></attr><attr><attrlabl Sync="TRUE">Shape_L_13</attrlabl><attalias Sync="TRUE">Shape_L_13</attalias><attrtype Sync="TRUE">Double</attrtype><attwidth Sync="TRUE">19</attwidth><atprecis Sync="TRUE">0</atprecis><attscale Sync="TRUE">0</attscale></attr><attr><attrlabl Sync="TRUE">Shape_L_14</attrlabl><attalias Sync="TRUE">Shape_L_14</attalias><attrtype Sync="TRUE">Double</attrtype><attwidth Sync="TRUE">19</attwidth><atprecis Sync="TRUE">0</atprecis><attscale Sync="TRUE">0</attscale></attr><attr><attrlabl Sync="TRUE">Shape_L_15</attrlabl><attalias Sync="TRUE">Shape_L_15</attalias><attrtype Sync="TRUE">Double</attrtype><attwidth Sync="TRUE">19</attwidth><atprecis Sync="TRUE">0</atprecis><attscale Sync="TRUE">0</attscale></attr><attr><attrlabl Sync="TRUE">Shape_L_16</attrlabl><attalias Sync="TRUE">Shape_L_16</attalias><attrtype Sync="TRUE">Double</attrtype><attwidth Sync="TRUE">19</attwidth><atprecis Sync="TRUE">0</atprecis><attscale Sync="TRUE">0</attscale></attr><attr><attrlabl Sync="TRUE">Shape_L_17</attrlabl><attalias Sync="TRUE">Shape_L_17</attalias><attrtype Sync="TRUE">Double</attrtype><attwidth Sync="TRUE">19</attwidth><atprecis Sync="TRUE">0</atprecis><attscale Sync="TRUE">0</attscale></attr><attr><attrlabl Sync="TRUE">Shape_L_18</attrlabl><attalias Sync="TRUE">Shape_L_18</attalias><attrtype Sync="TRUE">Double</attrtype><attwidth Sync="TRUE">19</attwidth><atprecis Sync="TRUE">0</atprecis><attscale Sync="TRUE">0</attscale></attr><attr><attrlabl Sync="TRUE">Shape_L_19</attrlabl><attalias Sync="TRUE">Shape_L_19</attalias><attrtype Sync="TRUE">Double</attrtype><attwidth Sync="TRUE">19</attwidth><atprecis Sync="TRUE">0</atprecis><attscale Sync="TRUE">0</attscale></attr><attr><attrlabl Sync="TRUE">Shape_L_20</attrlabl><attalias Sync="TRUE">Shape_L_20</attalias><attrtype Sync="TRUE">Double</attrtype><attwidth Sync="TRUE">19</attwidth><atprecis Sync="TRUE">0</atprecis><attscale Sync="TRUE">0</attscale></attr><attr><attrlabl Sync="TRUE">Shape_L_21</attrlabl><attalias Sync="TRUE">Shape_L_21</attalias><attrtype Sync="TRUE">Double</attrtype><attwidth Sync="TRUE">19</attwidth><atprecis Sync="TRUE">0</atprecis><attscale Sync="TRUE">0</attscale></attr><attr><attrlabl Sync="TRUE">Shape_L_22</attrlabl><attalias Sync="TRUE">Shape_L_22</attalias><attrtype Sync="TRUE">Double</attrtype><attwidth Sync="TRUE">19</attwidth><atprecis Sync="TRUE">0</atprecis><attscale Sync="TRUE">0</attscale></attr><attr><attrlabl Sync="TRUE">Shape_L_23</attrlabl><attalias Sync="TRUE">Shape_L_23</attalias><attrtype Sync="TRUE">Double</attrtype><attwidth Sync="TRUE">19</attwidth><atprecis Sync="TRUE">0</atprecis><attscale Sync="TRUE">0</attscale></attr><attr><attrlabl Sync="TRUE">Shape_L_24</attrlabl><attalias Sync="TRUE">Shape_L_24</attalias><attrtype Sync="TRUE">Double</attrtype><attwidth Sync="TRUE">19</attwidth><atprecis Sync="TRUE">0</atprecis><attscale Sync="TRUE">0</attscale></attr><attr><attrlabl Sync="TRUE">Shape_L_25</attrlabl><attalias Sync="TRUE">Shape_L_25</attalias><attrtype Sync="TRUE">Double</attrtype><attwidth Sync="TRUE">19</attwidth><atprecis Sync="TRUE">0</atprecis><attscale Sync="TRUE">0</attscale></attr><attr><attrlabl Sync="TRUE">Shape_L_26</attrlabl><attalias Sync="TRUE">Shape_L_26</attalias><attrtype Sync="TRUE">Double</attrtype><attwidth Sync="TRUE">19</attwidth><atprecis Sync="TRUE">0</atprecis><attscale Sync="TRUE">0</attscale></attr><attr><attrlabl Sync="TRUE">Shape_L_27</attrlabl><attalias Sync="TRUE">Shape_L_27</attalias><attrtype Sync="TRUE">Double</attrtype><attwidth Sync="TRUE">19</attwidth><atprecis Sync="TRUE">0</atprecis><attscale Sync="TRUE">0</attscale></attr><attr><attrlabl Sync="TRUE">Shape_L_28</attrlabl><attalias Sync="TRUE">Shape_L_28</attalias><attrtype Sync="TRUE">Double</attrtype><attwidth Sync="TRUE">19</attwidth><atprecis Sync="TRUE">0</atprecis><attscale Sync="TRUE">0</attscale></attr><attr><attrlabl Sync="TRUE">Shape_L_29</attrlabl><attalias Sync="TRUE">Shape_L_29</attalias><attrtype Sync="TRUE">Double</attrtype><attwidth Sync="TRUE">19</attwidth><atprecis Sync="TRUE">0</atprecis><attscale Sync="TRUE">0</attscale></attr><attr><attrlabl Sync="TRUE">Shape_L_30</attrlabl><attalias Sync="TRUE">Shape_L_30</attalias><attrtype Sync="TRUE">Double</attrtype><attwidth Sync="TRUE">19</attwidth><atprecis Sync="TRUE">0</atprecis><attscale Sync="TRUE">0</attscale></attr><attr><attrlabl Sync="TRUE">Shape_L_31</attrlabl><attalias Sync="TRUE">Shape_L_31</attalias><attrtype Sync="TRUE">Double</attrtype><attwidth Sync="TRUE">19</attwidth><atprecis Sync="TRUE">0</atprecis><attscale Sync="TRUE">0</attscale></attr><attr><attrlabl Sync="TRUE">Shape_L_32</attrlabl><attalias Sync="TRUE">Shape_L_32</attalias><attrtype Sync="TRUE">Double</attrtype><attwidth Sync="TRUE">19</attwidth><atprecis Sync="TRUE">0</atprecis><attscale Sync="TRUE">0</attscale></attr><attr><attrlabl Sync="TRUE">Shape_L_33</attrlabl><attalias Sync="TRUE">Shape_L_33</attalias><attrtype Sync="TRUE">Double</attrtype><attwidth Sync="TRUE">19</attwidth><atprecis Sync="TRUE">0</atprecis><attscale Sync="TRUE">0</attscale></attr><attr><attrlabl Sync="TRUE">Shape_L_34</attrlabl><attalias Sync="TRUE">Shape_L_34</attalias><attrtype Sync="TRUE">Double</attrtype><attwidth Sync="TRUE">19</attwidth><atprecis Sync="TRUE">0</atprecis><attscale Sync="TRUE">0</attscale></attr><attr><attrlabl Sync="TRUE">Shape_L_35</attrlabl><attalias Sync="TRUE">Shape_L_35</attalias><attrtype Sync="TRUE">Double</attrtype><attwidth Sync="TRUE">19</attwidth><atprecis Sync="TRUE">0</atprecis><attscale Sync="TRUE">0</attscale></attr><attr><attrlabl Sync="TRUE">Shape_L_36</attrlabl><attalias Sync="TRUE">Shape_L_36</attalias><attrtype Sync="TRUE">Double</attrtype><attwidth Sync="TRUE">19</attwidth><atprecis Sync="TRUE">0</atprecis><attscale Sync="TRUE">0</attscale></attr><attr><attrlabl Sync="TRUE">Shape_L_37</attrlabl><attalias Sync="TRUE">Shape_L_37</attalias><attrtype Sync="TRUE">Double</attrtype><attwidth Sync="TRUE">19</attwidth><atprecis Sync="TRUE">0</atprecis><attscale Sync="TRUE">0</attscale></attr><attr><attrlabl Sync="TRUE">Shape_L_38</attrlabl><attalias Sync="TRUE">Shape_L_38</attalias><attrtype Sync="TRUE">Double</attrtype><attwidth Sync="TRUE">19</attwidth><atprecis Sync="TRUE">0</atprecis><attscale Sync="TRUE">0</attscale></attr><attr><attrlabl Sync="TRUE">Shape_L_39</attrlabl><attalias Sync="TRUE">Shape_L_39</attalias><attrtype Sync="TRUE">Double</attrtype><attwidth Sync="TRUE">19</attwidth><atprecis Sync="TRUE">0</atprecis><attscale Sync="TRUE">0</attscale></attr><attr><attrlabl Sync="TRUE">Shape_L_40</attrlabl><attalias Sync="TRUE">Shape_L_40</attalias><attrtype Sync="TRUE">Double</attrtype><attwidth Sync="TRUE">19</attwidth><atprecis Sync="TRUE">0</atprecis><attscale Sync="TRUE">0</attscale></attr><attr><attrlabl Sync="TRUE">Shape_L_41</attrlabl><attalias Sync="TRUE">Shape_L_41</attalias><attrtype Sync="TRUE">Double</attrtype><attwidth Sync="TRUE">19</attwidth><atprecis Sync="TRUE">0</atprecis><attscale Sync="TRUE">0</attscale></attr><attr><attrlabl Sync="TRUE">Shape_L_42</attrlabl><attalias Sync="TRUE">Shape_L_42</attalias><attrtype Sync="TRUE">Double</attrtype><attwidth Sync="TRUE">19</attwidth><atprecis Sync="TRUE">0</atprecis><attscale Sync="TRUE">0</attscale></attr><attr><attrlabl Sync="TRUE">Shape_L_43</attrlabl><attalias Sync="TRUE">Shape_L_43</attalias><attrtype Sync="TRUE">Double</attrtype><attwidth Sync="TRUE">19</attwidth><atprecis Sync="TRUE">0</atprecis><attscale Sync="TRUE">0</attscale></attr><attr><attrlabl Sync="TRUE">Shape_L_44</attrlabl><attalias Sync="TRUE">Shape_L_44</attalias><attrtype Sync="TRUE">Double</attrtype><attwidth Sync="TRUE">19</attwidth><atprecis Sync="TRUE">0</atprecis><attscale Sync="TRUE">0</attscale></attr><attr><attrlabl Sync="TRUE">Shape_L_45</attrlabl><attalias Sync="TRUE">Shape_L_45</attalias><attrtype Sync="TRUE">Double</attrtype><attwidth Sync="TRUE">19</attwidth><atprecis Sync="TRUE">0</atprecis><attscale Sync="TRUE">0</attscale></attr></detailed></eainfo><mdDateSt Sync="TRUE">20141203</mdDateSt></metadata>
