<?xml version="1.0" encoding="UTF-8"?>
<metadata xml:lang="en"><Esri><CreaDate>20211208</CreaDate><CreaTime>11354300</CreaTime><ArcGISFormat>1.0</ArcGISFormat><SyncOnce>TRUE</SyncOnce><DataProperties><itemProps><itemLocation><linkage Sync="TRUE">file://\\SKREGIA688261P\C$\Users\kleinac\Documents\NAIS\NADM\Assessment\2021\11\data\nadm_2111\nadm_d4</linkage><protocol Sync="TRUE">Local Area Network</protocol></itemLocation></itemProps><copyHistory><copy source="C:\Users\kleinac\Documents\NAIS\NADM\Assessment\2021\11\data\nadm_d4" dest="\\SKREGIA688261P\C$\Users\kleinac\Documents\NAIS\NADM\Assessment\2021\11\data\nadm_2111\nadm_d4" date="20211214" time="10553700"></copy></copyHistory><lineage><Process ToolSource="c:\program files\arcgis\pro\Resources\ArcToolbox\Toolboxes\Data Management Tools.tbx\Copy" Date="20211208" Time="113543">Copy C:\Users\kleinac\Documents\NAIS\NADM\Assessment\2021\11\nadm-202111-processed\nadm-202111\nadm\nadm_d4.shp C:\Users\kleinac\Documents\NAIS\NADM\Assessment\2021\11\data\nadm_d4.shp Shapefile #</Process></lineage></DataProperties></Esri></metadata>
