<?xml version="1.0" encoding="UTF-8"?>
<metadata xml:lang="en"><Esri><CreaDate>20211213</CreaDate><CreaTime>15265100</CreaTime><ArcGISFormat>1.0</ArcGISFormat><SyncOnce>TRUE</SyncOnce><DataProperties><itemProps><itemLocation><linkage Sync="TRUE">file://\\SKREGIA688261P\C$\Users\kleinac\Documents\NAIS\NADM\Assessment\2021\11\data\nadm_2111\nadm_impact_callouts</linkage><protocol Sync="TRUE">Local Area Network</protocol></itemLocation></itemProps><copyHistory><copy source="C:\Users\kleinac\Documents\NAIS\NADM\Assessment\2021\11\data\nadm_impact_callouts" dest="\\SKREGIA688261P\C$\Users\kleinac\Documents\NAIS\NADM\Assessment\2021\11\data\nadm_2111\nadm_impact_callouts" date="20211214" time="10554500"></copy></copyHistory></DataProperties></Esri></metadata>
