<metadata xml:lang="en"><Esri><CreaDate>20080702</CreaDate><CreaTime>20222200</CreaTime><SyncOnce>FALSE</SyncOnce><SyncDate>20150930</SyncDate><SyncTime>18163200</SyncTime><ModDate>20150930</ModDate><ModTime>18163200</ModTime><DataProperties><lineage><Process Name="Intersect_1" ToolSource="C:\Program Files\ArcGIS\ArcToolbox\Toolboxes\Analysis Tools.tbx\Intersect" Date="20040810" Time="184107">Intersect "Drought_Impacts_US '';Drought_Areas_US_D0 ''" "c:\mydocuments\drought monitor files\usdm-tinkauthor\droughtimpacts\Drought_Impacts_US_Intersect.shp" ALL # INPUT</Process><Process Name="Clip_1" ToolSource="C:\Program Files\ArcGIS\ArcToolbox\Toolboxes\Analysis Tools.tbx\Clip" Date="20041019" Time="123412">Clip Drought_Impacts_USCopy Drought_Areas_US_D0 "C:\MyDocuments\Drought Monitor Files\usdm-current\Drought_Impacts_US.shp" #</Process><Process Name="Clip_1" ToolSource="C:\Program Files\ArcGIS\ArcToolbox\Toolboxes\Analysis Tools.tbx\Clip" Date="20041027" Time="154627">Clip Drought_Impacts_US Drought_Areas_US_D0 "C:\MyDocuments\Drought Monitor Files\usdm-current\Drought_Impacts_US_clipped.shp" #</Process><Process Name="Clip_2" ToolSource="C:\Program Files\ArcGIS\ArcToolbox\Toolboxes\Analysis Tools.tbx\Clip" Date="20050419" Time="114946">Clip Drought_Impacts_US Drought_Areas_US_D0 "c:\mydocuments\drought monitor files\usdmwip16apr2005\Drought_Impacts_US_Clip2.shp" "1.000000 Meters"</Process><Process Name="Clip_1" ToolSource="C:\Program Files\ArcGIS\ArcToolbox\Toolboxes\Analysis Tools.tbx\Clip" Date="20050420" Time="184643">Clip Drought_Impacts_US Drought_Areas_US_D0 "C:\MyDocuments\Drought Monitor Files\usdmWIP16apr2005\Drought_Impacts_US.shp" "1.000000 Meters"</Process><Process Name="Clip_1" ToolSource="C:\Program Files\ArcGIS\ArcToolbox\Toolboxes\Analysis Tools.tbx\Clip" Date="20050628" Time="025848">Clip Drought_Impacts_US Drought_Areas_US_D0 "C:\MyDocuments\Drought Monitor Files\usdm28jun2005-DRAFT1\Drought_Impacts_US_1.shp" #</Process><Process Name="Clip_1" ToolSource="C:\Program Files\ArcGIS\ArcToolbox\Toolboxes\Analysis Tools.tbx\Clip" Date="20051229" Time="004326">Clip Drought_Impacts_US Drought_Areas_US_D0 "C:\MyDocuments\Drought Monitor Files\usdm27dec2005-WIP\Drought_Impacts_US.shp" #</Process><Process Name="Clip_1" ToolSource="C:\Program Files\ArcGIS\ArcToolbox\Toolboxes\Analysis Tools.tbx\Clip" Date="20060315" Time="143339">Clip Drought_Impacts_US Drought_Areas_US_D0 "C:\MyDocuments\Drought Monitor Files\usdm14mar2006WIP\impacts_clip.shp" #</Process><Process Name="Clip_1" ToolSource="C:\Program Files\ArcGIS\ArcToolbox\Toolboxes\Analysis Tools.tbx\Clip" Date="20060419" Time="162735">Clip Drought_Impacts_US Drought_Areas_US_D0 "C:\MyDocuments\Drought Monitor Files\usdm18apr2006WIP\Drought_Impacts_Clipped.shp" #</Process><Process Name="Clip_1" ToolSource="C:\Program Files\ArcGIS\ArcToolbox\Toolboxes\Analysis Tools.tbx\Clip" Date="20070612" Time="143639">Clip Drought_Impacts_US D0 "C:\MyDocuments\Drought Monitor Files\usdm12jun2007-WORKING\DroughtImpacts\Drought_Impacts_US_new.shp" #</Process><Process Name="Intersect_1" ToolSource="C:\Program Files\ArcGIS\ArcToolbox\Toolboxes\Analysis Tools.tbx\Intersect" Date="20080109" Time="140414">Intersect "Drought_Impacts_US #;Drought_Areas_US_D0 #" "C:\MyDocuments\Drought Monitor Files\usdm08jan2008WIP\DroughtImpacts\Drought_Impacts_US_clip2.shp" ALL # INPUT</Process><Process Name="Clip_1" ToolSource="C:\Program Files\ArcGIS\ArcToolbox\Toolboxes\Analysis Tools.tbx\Clip" Date="20080116" Time="141251">Clip Drought_Impacts_US Drought_Areas_US_D0 "C:\MyDocuments\Drought Monitor Files\usdm15jan2008WIP\DroughtImpacts\Drought_Impacts_US_clip.shp" #</Process><Process Name="Clip_1" ToolSource="C:\Program Files\ArcGIS\ArcToolbox\Toolboxes\Analysis Tools.tbx\Clip" Date="20080618" Time="160517">Clip Drought_Impacts_US Drought_Areas_US_D0 "C:\mydocuments\Drought Monitor Files\usdm17jun2008wip\DroughtImpacts\Drought_Impacts_US_Clip.shp" #</Process><Process Name="Clip_1" ToolSource="C:\Program Files\ArcGIS\ArcToolbox\Toolboxes\Analysis Tools.tbx\Clip" Date="20080702" Time="205358">Clip Drought_Impacts_US Drought_Areas_US_D0 "C:\mydocuments\Drought Monitor Files\usdm01jul2008WIP\DroughtImpacts\Drought_impacts_us_Clip.shp" #</Process><Process ToolSource="C:\Program Files\ArcGIS\ArcToolbox\Toolboxes\Analysis Tools.tbx\Clip" Date="20090701" Time="225828">Clip Drought_Impacts_US Drought_Areas_US_D0 G:\Drought_Monitor\DroughtImpacts\Drought_Impacts_US_clip.shp #</Process><Process ToolSource="C:\Program Files\ArcGIS\ArcToolbox\Toolboxes\Analysis Tools.tbx\Clip" Date="20101201" Time="101235">Clip Drought_Impacts_US Drought_Areas_US_D0 G:\Drought_Monitor\DroughtImpacts\Drought_Impacts_US_Clip.shp #</Process><Process ToolSource="C:\Program Files\ArcGIS\ArcToolbox\Toolboxes\Analysis Tools.tbx\Clip" Date="20110511" Time="143955">Clip Drought_Impacts_US Drought_Areas_US_D0 G:\Drought_Monitor\DroughtImpacts\Drought_Impacts_US_Clip.shp #</Process><Process ToolSource="C:\Program Files\ArcGIS\Desktop10.0\ArcToolbox\Toolboxes\Analysis Tools.tbx\Clip" Date="20111005" Time="182343">Clip Drought_Impacts_US Drought_Areas_US_D0 \\Cpcgis\gis\Drought_Monitor\DroughtImpacts\Drought_Impacts_USclip.shp #</Process><Process ToolSource="c:\program files (x86)\arcgis\desktop10.1\ArcToolbox\Toolboxes\Data Management Tools.tbx\CopyFeatures" Date="20131016" Time="150418">CopyFeatures \\seca\f\OperationalProcessing\DroughtMonitor\raw\usdm131015\Drought_Impacts_US.shp \\seca\f\OperationalProcessing\DroughtMonitor\processed\20131015\20131015.gdb\Drought_Impacts_US_P # 0 0 0</Process><Process ToolSource="c:\program files (x86)\arcgis\desktop10.1\ArcToolbox\Toolboxes\Data Management Tools.tbx\CopyFeatures" Date="20131016" Time="161148">CopyFeatures \\seca\f\OperationalProcessing\DroughtMonitor\processed\20131015\20131015.gdb\Drought_Impacts_US_P \\seca\f\OperationalProcessing\DroughtMonitor\data\shapefiles_r\Drought_Impacts_US_P.shp # 0 0 0</Process><Process ToolSource="c:\program files (x86)\arcgis\desktop10.1\ArcToolbox\Toolboxes\Data Management Tools.tbx\CopyFeatures" Date="20131030" Time="143709">CopyFeatures \\seca\f\OperationalProcessing\DroughtMonitor\raw\usdm131029\Drought_Impacts_US.shp \\seca\f\OperationalProcessing\DroughtMonitor\processed\20131029\20131029.gdb\Drought_Impacts_US_P # 0 0 0</Process><Process ToolSource="c:\program files (x86)\arcgis\desktop10.1\ArcToolbox\Toolboxes\Data Management Tools.tbx\CopyFeatures" Date="20131030" Time="152905">CopyFeatures \\seca\f\OperationalProcessing\DroughtMonitor\processed\20131029\20131029.gdb\Drought_Impacts_US_P \\seca\f\OperationalProcessing\DroughtMonitor\data\shapefiles_r\Drought_Impacts_US_P.shp # 0 0 0</Process><Process ToolSource="c:\program files (x86)\arcgis\desktop10.1\ArcToolbox\Toolboxes\Data Management Tools.tbx\CopyFeatures" Date="20131113" Time="162011">CopyFeatures \\seca\f\OperationalProcessing\DroughtMonitor\raw\usdm131112\Drought_Impacts_US.shp \\seca\f\OperationalProcessing\DroughtMonitor\processed\20131112\20131112.gdb\Drought_Impacts_US_P # 0 0 0</Process><Process ToolSource="c:\program files (x86)\arcgis\desktop10.1\ArcToolbox\Toolboxes\Data Management Tools.tbx\CopyFeatures" Date="20131113" Time="171430">CopyFeatures \\seca\f\OperationalProcessing\DroughtMonitor\processed\20131112\20131112.gdb\Drought_Impacts_US_P \\seca\f\OperationalProcessing\DroughtMonitor\data\shapefiles_r\Drought_Impacts_US_P.shp # 0 0 0</Process><Process ToolSource="c:\program files (x86)\arcgis\desktop10.1\ArcToolbox\Toolboxes\Data Management Tools.tbx\CopyFeatures" Date="20131120" Time="162828">CopyFeatures \\seca\f\OperationalProcessing\DroughtMonitor\raw\usdm131119\Drought_Impacts_US.shp \\seca\f\OperationalProcessing\DroughtMonitor\processed\20131119\20131119.gdb\Drought_Impacts_US_P # 0 0 0</Process><Process ToolSource="c:\program files (x86)\arcgis\desktop10.1\ArcToolbox\Toolboxes\Data Management Tools.tbx\CopyFeatures" Date="20131120" Time="171618">CopyFeatures \\seca\f\OperationalProcessing\DroughtMonitor\processed\20131119\20131119.gdb\Drought_Impacts_US_P \\seca\f\OperationalProcessing\DroughtMonitor\data\shapefiles_r\Drought_Impacts_US_P.shp # 0 0 0</Process><Process ToolSource="c:\program files (x86)\arcgis\desktop10.1\ArcToolbox\Toolboxes\Data Management Tools.tbx\CopyFeatures" Date="20131204" Time="153436">CopyFeatures \\seca\f\OperationalProcessing\DroughtMonitor\raw\usdm131203\Drought_Impacts_US.shp \\seca\f\OperationalProcessing\DroughtMonitor\processed\20131203\20131203.gdb\Drought_Impacts_US_P # 0 0 0</Process><Process ToolSource="c:\program files (x86)\arcgis\desktop10.1\ArcToolbox\Toolboxes\Data Management Tools.tbx\CopyFeatures" Date="20131204" Time="162132">CopyFeatures \\seca\f\OperationalProcessing\DroughtMonitor\processed\20131203\20131203.gdb\Drought_Impacts_US_P \\seca\f\OperationalProcessing\DroughtMonitor\data\shapefiles_r\Drought_Impacts_US_P.shp # 0 0 0</Process><Process ToolSource="c:\program files (x86)\arcgis\desktop10.1\ArcToolbox\Toolboxes\Data Management Tools.tbx\CopyFeatures" Date="20131211" Time="144843">CopyFeatures \\seca\f\OperationalProcessing\DroughtMonitor\raw\usdm131210\Drought_Impacts_US.shp \\seca\f\OperationalProcessing\DroughtMonitor\processed\20131210\20131210.gdb\Drought_Impacts_US_P # 0 0 0</Process><Process ToolSource="c:\program files (x86)\arcgis\desktop10.1\ArcToolbox\Toolboxes\Data Management Tools.tbx\CopyFeatures" Date="20131211" Time="153735">CopyFeatures \\seca\f\OperationalProcessing\DroughtMonitor\processed\20131210\20131210.gdb\Drought_Impacts_US_P \\seca\f\OperationalProcessing\DroughtMonitor\data\shapefiles_r\Drought_Impacts_US_P.shp # 0 0 0</Process><Process ToolSource="c:\program files (x86)\arcgis\desktop10.1\ArcToolbox\Toolboxes\Data Management Tools.tbx\CopyFeatures" Date="20131218" Time="163826">CopyFeatures \\seca\f\OperationalProcessing\DroughtMonitor\raw\usdm131217\Drought_Impacts_US.shp \\seca\f\OperationalProcessing\DroughtMonitor\processed\20131217\20131217.gdb\Drought_Impacts_US_P # 0 0 0</Process><Process ToolSource="c:\program files (x86)\arcgis\desktop10.1\ArcToolbox\Toolboxes\Data Management Tools.tbx\CopyFeatures" Date="20131218" Time="172357">CopyFeatures \\seca\f\OperationalProcessing\DroughtMonitor\processed\20131217\20131217.gdb\Drought_Impacts_US_P \\seca\f\OperationalProcessing\DroughtMonitor\data\shapefiles_r\Drought_Impacts_US_P.shp # 0 0 0</Process><Process ToolSource="c:\program files (x86)\arcgis\desktop10.1\ArcToolbox\Toolboxes\Data Management Tools.tbx\CopyFeatures" Date="20131231" Time="173336">CopyFeatures \\seca\f\OperationalProcessing\DroughtMonitor\raw\usdm131231\Drought_Impacts_US.shp \\seca\f\OperationalProcessing\DroughtMonitor\processed\20131231\20131231.gdb\Drought_Impacts_US_P # 0 0 0</Process><Process ToolSource="c:\program files (x86)\arcgis\desktop10.1\ArcToolbox\Toolboxes\Data Management Tools.tbx\CopyFeatures" Date="20131231" Time="181827">CopyFeatures \\seca\f\OperationalProcessing\DroughtMonitor\processed\20131231\20131231.gdb\Drought_Impacts_US_P \\seca\f\OperationalProcessing\DroughtMonitor\data\shapefiles_r\Drought_Impacts_US_P.shp # 0 0 0</Process><Process ToolSource="c:\program files (x86)\arcgis\desktop10.1\ArcToolbox\Toolboxes\Data Management Tools.tbx\CopyFeatures" Date="20140108" Time="174848">CopyFeatures \\seca\f\OperationalProcessing\DroughtMonitor\raw\usdm140107\Drought_Impacts_US.shp \\seca\f\OperationalProcessing\DroughtMonitor\processed\20140107\20140107.gdb\Drought_Impacts_US_P # 0 0 0</Process><Process ToolSource="c:\program files (x86)\arcgis\desktop10.1\ArcToolbox\Toolboxes\Data Management Tools.tbx\CopyFeatures" Date="20140108" Time="214513">CopyFeatures \\seca\f\OperationalProcessing\DroughtMonitor\processed\20140107\20140107.gdb\Drought_Impacts_US_P \\seca\f\OperationalProcessing\DroughtMonitor\data\authorfiles\temp\Drought_Impacts_US_P.shp # 0 0 0</Process><Process ToolSource="c:\program files (x86)\arcgis\desktop10.1\ArcToolbox\Toolboxes\Data Management Tools.tbx\CopyFeatures" Date="20140115" Time="143934">CopyFeatures \\seca\f\OperationalProcessing\DroughtMonitor\raw\usdm140114\Drought_Impacts_US.shp \\seca\f\OperationalProcessing\DroughtMonitor\processed\20140114\20140114.gdb\Drought_Impacts_US_P # 0 0 0</Process><Process ToolSource="c:\program files (x86)\arcgis\desktop10.1\ArcToolbox\Toolboxes\Data Management Tools.tbx\CopyFeatures" Date="20140115" Time="150853">CopyFeatures \\seca\f\OperationalProcessing\DroughtMonitor\processed\20140114\20140114.gdb\Drought_Impacts_US_P \\seca\f\OperationalProcessing\DroughtMonitor\data\shapefiles_r\Drought_Impacts_US_P.shp # 0 0 0</Process><Process ToolSource="c:\program files (x86)\arcgis\desktop10.1\ArcToolbox\Toolboxes\Data Management Tools.tbx\CopyFeatures" Date="20140205" Time="163807">CopyFeatures \\seca\f\OperationalProcessing\DroughtMonitor\raw\usdm140204\Drought_Impacts_US.shp \\seca\f\OperationalProcessing\DroughtMonitor\processed\20140204\20140204.gdb\Drought_Impacts_US_P # 0 0 0</Process><Process ToolSource="c:\program files (x86)\arcgis\desktop10.1\ArcToolbox\Toolboxes\Data Management Tools.tbx\CopyFeatures" Date="20140205" Time="170908">CopyFeatures \\seca\f\OperationalProcessing\DroughtMonitor\processed\20140204\20140204.gdb\Drought_Impacts_US_P \\seca\f\OperationalProcessing\DroughtMonitor\data\shapefiles_r\Drought_Impacts_US_P.shp # 0 0 0</Process><Process ToolSource="c:\program files (x86)\arcgis\desktop10.1\ArcToolbox\Toolboxes\Data Management Tools.tbx\CopyFeatures" Date="20140212" Time="114452">CopyFeatures \\seca\f\OperationalProcessing\DroughtMonitor\raw\usdm140211\Drought_Impacts_US.shp \\seca\f\OperationalProcessing\DroughtMonitor\processed\20140211\20140211.gdb\Drought_Impacts_US_P # 0 0 0</Process><Process ToolSource="c:\program files (x86)\arcgis\desktop10.1\ArcToolbox\Toolboxes\Data Management Tools.tbx\CopyFeatures" Date="20140212" Time="121335">CopyFeatures \\seca\f\OperationalProcessing\DroughtMonitor\processed\20140211\20140211.gdb\Drought_Impacts_US_P \\seca\f\OperationalProcessing\DroughtMonitor\data\shapefiles_r\Drought_Impacts_US_P.shp # 0 0 0</Process><Process ToolSource="c:\program files (x86)\arcgis\desktop10.1\ArcToolbox\Toolboxes\Data Management Tools.tbx\CopyFeatures" Date="20140219" Time="143832">CopyFeatures \\seca\f\OperationalProcessing\DroughtMonitor\raw\usdm140218\Drought_Impacts_US.shp \\seca\f\OperationalProcessing\DroughtMonitor\processed\20140218\20140218.gdb\Drought_Impacts_US_P # 0 0 0</Process><Process ToolSource="c:\program files (x86)\arcgis\desktop10.1\ArcToolbox\Toolboxes\Data Management Tools.tbx\CopyFeatures" Date="20140219" Time="173654">CopyFeatures \\seca\f\OperationalProcessing\DroughtMonitor\processed\20140218\20140218.gdb\Drought_Impacts_US_P \\seca\f\OperationalProcessing\DroughtMonitor\data\authorfiles\temp\Drought_Impacts_US_P.shp # 0 0 0</Process><Process ToolSource="c:\program files (x86)\arcgis\desktop10.1\ArcToolbox\Toolboxes\Data Management Tools.tbx\CopyFeatures" Date="20140226" Time="161845">CopyFeatures \\seca\f\OperationalProcessing\DroughtMonitor\raw\usdm140225\Drought_Impacts_US.shp \\seca\f\OperationalProcessing\DroughtMonitor\processed\20140225\20140225.gdb\Drought_Impacts_US_P # 0 0 0</Process><Process ToolSource="c:\program files (x86)\arcgis\desktop10.1\ArcToolbox\Toolboxes\Data Management Tools.tbx\CopyFeatures" Date="20140226" Time="185344">CopyFeatures \\seca\f\OperationalProcessing\DroughtMonitor\processed\20140225\20140225.gdb\Drought_Impacts_US_P \\seca\f\OperationalProcessing\DroughtMonitor\data\authorfiles\temp\Drought_Impacts_US_P.shp # 0 0 0</Process><Process ToolSource="c:\program files (x86)\arcgis\desktop10.1\ArcToolbox\Toolboxes\Data Management Tools.tbx\CopyFeatures" Date="20140312" Time="170003">CopyFeatures \\seca\f\OperationalProcessing\DroughtMonitor\raw\usdm140311\Drought_Impacts_US.shp \\seca\f\OperationalProcessing\DroughtMonitor\processed\20140311\20140311.gdb\Drought_Impacts_US_P # 0 0 0</Process><Process ToolSource="c:\program files (x86)\arcgis\desktop10.1\ArcToolbox\Toolboxes\Data Management Tools.tbx\CopyFeatures" Date="20140312" Time="194453">CopyFeatures \\seca\f\OperationalProcessing\DroughtMonitor\processed\20140311\20140311.gdb\Drought_Impacts_US_P \\seca\f\OperationalProcessing\DroughtMonitor\data\authorfiles\temp\Drought_Impacts_US_P.shp # 0 0 0</Process><Process ToolSource="c:\program files (x86)\arcgis\desktop10.1\ArcToolbox\Toolboxes\Data Management Tools.tbx\CopyFeatures" Date="20140319" Time="151133">CopyFeatures \\seca\f\OperationalProcessing\DroughtMonitor\raw\usdm140318\Drought_Impacts_US.shp \\seca\f\OperationalProcessing\DroughtMonitor\processed\20140318\20140318.gdb\Drought_Impacts_US_P # 0 0 0</Process><Process ToolSource="c:\program files (x86)\arcgis\desktop10.1\ArcToolbox\Toolboxes\Data Management Tools.tbx\CopyFeatures" Date="20140319" Time="153908">CopyFeatures \\seca\f\OperationalProcessing\DroughtMonitor\processed\20140318\20140318.gdb\Drought_Impacts_US_P \\seca\f\OperationalProcessing\DroughtMonitor\data\shapefiles_r\Drought_Impacts_US_P.shp # 0 0 0</Process><Process ToolSource="c:\program files (x86)\arcgis\desktop10.1\ArcToolbox\Toolboxes\Data Management Tools.tbx\CopyFeatures" Date="20140326" Time="161931">CopyFeatures \\seca\f\OperationalProcessing\DroughtMonitor\raw\usdm140325\Drought_Impacts_US.shp \\seca\f\OperationalProcessing\DroughtMonitor\processed\20140325\20140325.gdb\Drought_Impacts_US_P # 0 0 0</Process><Process ToolSource="c:\program files (x86)\arcgis\desktop10.1\ArcToolbox\Toolboxes\Data Management Tools.tbx\CopyFeatures" Date="20140326" Time="164937">CopyFeatures \\seca\f\OperationalProcessing\DroughtMonitor\processed\20140325\20140325.gdb\Drought_Impacts_US_P \\seca\f\OperationalProcessing\DroughtMonitor\data\shapefiles_r\Drought_Impacts_US_P.shp # 0 0 0</Process><Process ToolSource="c:\program files (x86)\arcgis\desktop10.1\ArcToolbox\Toolboxes\Data Management Tools.tbx\CopyFeatures" Date="20140402" Time="163112">CopyFeatures \\seca\f\OperationalProcessing\DroughtMonitor\raw\usdm140401\Drought_Impacts_US.shp \\seca\f\OperationalProcessing\DroughtMonitor\processed\20140401\20140401.gdb\Drought_Impacts_US_P # 0 0 0</Process><Process ToolSource="c:\program files (x86)\arcgis\desktop10.1\ArcToolbox\Toolboxes\Data Management Tools.tbx\CopyFeatures" Date="20140402" Time="165932">CopyFeatures \\seca\f\OperationalProcessing\DroughtMonitor\processed\20140401\20140401.gdb\Drought_Impacts_US_P \\seca\f\OperationalProcessing\DroughtMonitor\data\shapefiles_r\Drought_Impacts_US_P.shp # 0 0 0</Process><Process ToolSource="c:\program files (x86)\arcgis\desktop10.1\ArcToolbox\Toolboxes\Data Management Tools.tbx\CopyFeatures" Date="20140416" Time="144706">CopyFeatures \\seca\f\OperationalProcessing\DroughtMonitor\raw\usdm140415\Drought_Impacts_US.shp \\seca\f\OperationalProcessing\DroughtMonitor\processed\20140415\20140415.gdb\Drought_Impacts_US_P # 0 0 0</Process><Process ToolSource="c:\program files (x86)\arcgis\desktop10.1\ArcToolbox\Toolboxes\Data Management Tools.tbx\CopyFeatures" Date="20140416" Time="152037">CopyFeatures \\seca\f\OperationalProcessing\DroughtMonitor\processed\20140415\20140415.gdb\Drought_Impacts_US_P \\seca\f\OperationalProcessing\DroughtMonitor\data\shapefiles_r\Drought_Impacts_US_P.shp # 0 0 0</Process><Process ToolSource="c:\program files (x86)\arcgis\desktop10.1\ArcToolbox\Toolboxes\Data Management Tools.tbx\CopyFeatures" Date="20140423" Time="155640">CopyFeatures \\seca\f\OperationalProcessing\DroughtMonitor\raw\usdm140422\Drought_Impacts_US.shp \\seca\f\OperationalProcessing\DroughtMonitor\processed\20140422\20140422.gdb\Drought_Impacts_US_P # 0 0 0</Process><Process ToolSource="c:\program files (x86)\arcgis\desktop10.1\ArcToolbox\Toolboxes\Data Management Tools.tbx\CopyFeatures" Date="20140423" Time="163530">CopyFeatures \\seca\f\OperationalProcessing\DroughtMonitor\processed\20140422\20140422.gdb\Drought_Impacts_US_P \\seca\f\OperationalProcessing\DroughtMonitor\data\shapefiles_r\Drought_Impacts_US_P.shp # 0 0 0</Process><Process ToolSource="c:\program files (x86)\arcgis\desktop10.1\ArcToolbox\Toolboxes\Data Management Tools.tbx\CopyFeatures" Date="20140501" Time="084936">CopyFeatures \\seca\f\OperationalProcessing\DroughtMonitor\raw\usdm140429\Drought_Impacts_US.shp \\seca\f\OperationalProcessing\DroughtMonitor\processed\20140429\20140429.gdb\Drought_Impacts_US_P # 0 0 0</Process><Process ToolSource="c:\program files (x86)\arcgis\desktop10.1\ArcToolbox\Toolboxes\Data Management Tools.tbx\CopyFeatures" Date="20140501" Time="092023">CopyFeatures \\seca\f\OperationalProcessing\DroughtMonitor\processed\20140429\20140429.gdb\Drought_Impacts_US_P \\seca\f\OperationalProcessing\DroughtMonitor\data\shapefiles_r\Drought_Impacts_US_P.shp # 0 0 0</Process><Process ToolSource="c:\program files (x86)\arcgis\desktop10.1\ArcToolbox\Toolboxes\Data Management Tools.tbx\CopyFeatures" Date="20140507" Time="170929">CopyFeatures \\seca\f\OperationalProcessing\DroughtMonitor\raw\usdm140506\Drought_Impacts_US.shp \\seca\f\OperationalProcessing\DroughtMonitor\processed\20140506\20140506.gdb\Drought_Impacts_US_P # 0 0 0</Process><Process ToolSource="c:\program files (x86)\arcgis\desktop10.1\ArcToolbox\Toolboxes\Data Management Tools.tbx\CopyFeatures" Date="20140507" Time="174555">CopyFeatures \\seca\f\OperationalProcessing\DroughtMonitor\processed\20140506\20140506.gdb\Drought_Impacts_US_P \\seca\f\OperationalProcessing\DroughtMonitor\data\shapefiles_r\Drought_Impacts_US_P.shp # 0 0 0</Process><Process ToolSource="c:\program files (x86)\arcgis\desktop10.1\ArcToolbox\Toolboxes\Data Management Tools.tbx\CopyFeatures" Date="20140514" Time="165333">CopyFeatures \\seca\f\OperationalProcessing\DroughtMonitor\raw\usdm140513\Drought_Impacts_US.shp \\seca\f\OperationalProcessing\DroughtMonitor\processed\20140513\20140513.gdb\Drought_Impacts_US_P # 0 0 0</Process><Process ToolSource="c:\program files (x86)\arcgis\desktop10.1\ArcToolbox\Toolboxes\Data Management Tools.tbx\CopyFeatures" Date="20140514" Time="190515">CopyFeatures \\seca\f\OperationalProcessing\DroughtMonitor\processed\20140513\20140513.gdb\Drought_Impacts_US_P \\seca\f\OperationalProcessing\DroughtMonitor\data\shapefiles_r\Drought_Impacts_US_P.shp # 0 0 0</Process><Process ToolSource="c:\program files (x86)\arcgis\desktop10.1\ArcToolbox\Toolboxes\Data Management Tools.tbx\CopyFeatures" Date="20140521" Time="154907">CopyFeatures \\seca\f\OperationalProcessing\DroughtMonitor\raw\usdm140520\Drought_Impacts_US.shp \\seca\f\OperationalProcessing\DroughtMonitor\processed\20140520\20140520.gdb\Drought_Impacts_US_P # 0 0 0</Process><Process ToolSource="c:\program files (x86)\arcgis\desktop10.1\ArcToolbox\Toolboxes\Data Management Tools.tbx\CopyFeatures" Date="20140521" Time="173213">CopyFeatures \\seca\f\OperationalProcessing\DroughtMonitor\processed\20140520\20140520.gdb\Drought_Impacts_US_P \\seca\f\OperationalProcessing\DroughtMonitor\data\shapefiles_r\Drought_Impacts_US_P.shp # 0 0 0</Process><Process ToolSource="c:\program files (x86)\arcgis\desktop10.1\ArcToolbox\Toolboxes\Data Management Tools.tbx\CopyFeatures" Date="20140528" Time="145137">CopyFeatures \\seca\f\OperationalProcessing\DroughtMonitor\raw\usdm140527\Drought_Impacts_US.shp \\seca\f\OperationalProcessing\DroughtMonitor\processed\20140527\20140527.gdb\Drought_Impacts_US_P # 0 0 0</Process><Process ToolSource="c:\program files (x86)\arcgis\desktop10.1\ArcToolbox\Toolboxes\Data Management Tools.tbx\CopyFeatures" Date="20140528" Time="165828">CopyFeatures \\seca\f\OperationalProcessing\DroughtMonitor\processed\20140527\20140527.gdb\Drought_Impacts_US_P \\seca\f\OperationalProcessing\DroughtMonitor\data\shapefiles_r\Drought_Impacts_US_P.shp # 0 0 0</Process><Process ToolSource="c:\program files\arcgis\desktop10.1\ArcToolbox\Toolboxes\Analysis Tools.tbx\Clip" Date="20140604" Time="122321">Clip Drought_Impacts_US Drought_Areas_US_D0 o:\projects\dm\DroughtImpacts\scratch.shp #</Process><Process ToolSource="c:\program files (x86)\arcgis\desktop10.1\ArcToolbox\Toolboxes\Data Management Tools.tbx\CopyFeatures" Date="20140611" Time="171158">CopyFeatures \\seca\f\OperationalProcessing\DroughtMonitor\raw\usdm140610\Drought_Impacts_US.shp \\seca\f\OperationalProcessing\DroughtMonitor\processed\20140610\20140610.gdb\Drought_Impacts_US_P # 0 0 0</Process><Process ToolSource="c:\program files (x86)\arcgis\desktop10.1\ArcToolbox\Toolboxes\Data Management Tools.tbx\CopyFeatures" Date="20140611" Time="195052">CopyFeatures \\seca\f\OperationalProcessing\DroughtMonitor\processed\20140610\20140610.gdb\Drought_Impacts_US_P \\seca\f\OperationalProcessing\DroughtMonitor\data\authorfiles\temp\Drought_Impacts_US_P.shp # 0 0 0</Process><Process ToolSource="c:\program files (x86)\arcgis\desktop10.1\ArcToolbox\Toolboxes\Data Management Tools.tbx\CopyFeatures" Date="20140618" Time="150415">CopyFeatures \\seca\f\OperationalProcessing\DroughtMonitor\raw\usdm140617\Drought_Impacts_US.shp \\seca\f\OperationalProcessing\DroughtMonitor\processed\20140617\20140617.gdb\Drought_Impacts_US_P # 0 0 0</Process><Process ToolSource="c:\program files (x86)\arcgis\desktop10.1\ArcToolbox\Toolboxes\Data Management Tools.tbx\CopyFeatures" Date="20140618" Time="172605">CopyFeatures \\seca\f\OperationalProcessing\DroughtMonitor\processed\20140617\20140617.gdb\Drought_Impacts_US_P \\seca\f\OperationalProcessing\DroughtMonitor\data\authorfiles\temp\Drought_Impacts_US_P.shp # 0 0 0</Process><Process ToolSource="c:\program files (x86)\arcgis\desktop10.1\ArcToolbox\Toolboxes\Data Management Tools.tbx\CopyFeatures" Date="20140625" Time="140752">CopyFeatures \\seca\f\OperationalProcessing\DroughtMonitor\raw\usdm140624\Drought_Impacts_US.shp \\seca\f\OperationalProcessing\DroughtMonitor\processed\20140624\20140624.gdb\Drought_Impacts_US_P # 0 0 0</Process><Process ToolSource="c:\program files (x86)\arcgis\desktop10.1\ArcToolbox\Toolboxes\Data Management Tools.tbx\CopyFeatures" Date="20140625" Time="162351">CopyFeatures \\seca\f\OperationalProcessing\DroughtMonitor\processed\20140624\20140624.gdb\Drought_Impacts_US_P \\seca\f\OperationalProcessing\DroughtMonitor\data\shapefiles_r\Drought_Impacts_US_P.shp # 0 0 0</Process><Process ToolSource="c:\program files (x86)\arcgis\desktop10.1\ArcToolbox\Toolboxes\Data Management Tools.tbx\CopyFeatures" Date="20140709" Time="160956">CopyFeatures \\seca\f\OperationalProcessing\DroughtMonitor\raw\usdm140708\Drought_Impacts_US.shp \\seca\f\OperationalProcessing\DroughtMonitor\processed\20140708\20140708.gdb\Drought_Impacts_US_P # 0 0 0</Process><Process ToolSource="c:\program files (x86)\arcgis\desktop10.1\ArcToolbox\Toolboxes\Data Management Tools.tbx\CopyFeatures" Date="20140709" Time="181518">CopyFeatures \\seca\f\OperationalProcessing\DroughtMonitor\processed\20140708\20140708.gdb\Drought_Impacts_US_P \\seca\f\OperationalProcessing\DroughtMonitor\data\shapefiles_r\Drought_Impacts_US_P.shp # 0 0 0</Process><Process ToolSource="c:\program files (x86)\arcgis\desktop10.1\ArcToolbox\Toolboxes\Data Management Tools.tbx\CopyFeatures" Date="20140716" Time="153141">CopyFeatures \\seca\f\OperationalProcessing\DroughtMonitor\raw\usdm140715\Drought_Impacts_US.shp \\seca\f\OperationalProcessing\DroughtMonitor\processed\20140715\20140715.gdb\Drought_Impacts_US_P # 0 0 0</Process><Process ToolSource="c:\program files (x86)\arcgis\desktop10.1\ArcToolbox\Toolboxes\Data Management Tools.tbx\CopyFeatures" Date="20140716" Time="173702">CopyFeatures \\seca\f\OperationalProcessing\DroughtMonitor\processed\20140715\20140715.gdb\Drought_Impacts_US_P \\seca\f\OperationalProcessing\DroughtMonitor\data\shapefiles_r\Drought_Impacts_US_P.shp # 0 0 0</Process><Process ToolSource="c:\program files (x86)\arcgis\desktop10.1\ArcToolbox\Toolboxes\Data Management Tools.tbx\CopyFeatures" Date="20140723" Time="150614">CopyFeatures \\seca\f\OperationalProcessing\DroughtMonitor\raw\usdm140722\Drought_Impacts_US.shp \\seca\f\OperationalProcessing\DroughtMonitor\processed\20140722\20140722.gdb\Drought_Impacts_US_P # 0 0 0</Process><Process ToolSource="c:\program files (x86)\arcgis\desktop10.1\ArcToolbox\Toolboxes\Data Management Tools.tbx\CopyFeatures" Date="20140723" Time="174516">CopyFeatures \\seca\f\OperationalProcessing\DroughtMonitor\processed\20140722\20140722.gdb\Drought_Impacts_US_P \\seca\f\OperationalProcessing\DroughtMonitor\data\authorfiles\temp\Drought_Impacts_US_P.shp # 0 0 0</Process><Process ToolSource="c:\program files (x86)\arcgis\desktop10.1\ArcToolbox\Toolboxes\Data Management Tools.tbx\CopyFeatures" Date="20140730" Time="163152">CopyFeatures \\seca\f\OperationalProcessing\DroughtMonitor\raw\usdm140729\Drought_Impacts_US.shp \\seca\f\OperationalProcessing\DroughtMonitor\processed\20140729\20140729.gdb\Drought_Impacts_US_P # 0 0 0</Process><Process ToolSource="c:\program files (x86)\arcgis\desktop10.1\ArcToolbox\Toolboxes\Data Management Tools.tbx\CopyFeatures" Date="20140730" Time="185623">CopyFeatures \\seca\f\OperationalProcessing\DroughtMonitor\processed\20140729\20140729.gdb\Drought_Impacts_US_P \\seca\f\OperationalProcessing\DroughtMonitor\data\authorfiles\temp\Drought_Impacts_US_P.shp # 0 0 0</Process><Process ToolSource="c:\program files (x86)\arcgis\desktop10.1\ArcToolbox\Toolboxes\Data Management Tools.tbx\CopyFeatures" Date="20140806" Time="154052">CopyFeatures \\seca\f\OperationalProcessing\DroughtMonitor\raw\usdm140805\Drought_Impacts_US.shp \\seca\f\OperationalProcessing\DroughtMonitor\processed\20140805\20140805.gdb\Drought_Impacts_US_P # 0 0 0</Process><Process ToolSource="c:\program files (x86)\arcgis\desktop10.1\ArcToolbox\Toolboxes\Data Management Tools.tbx\CopyFeatures" Date="20140806" Time="180306">CopyFeatures \\seca\f\OperationalProcessing\DroughtMonitor\processed\20140805\20140805.gdb\Drought_Impacts_US_P \\seca\f\OperationalProcessing\DroughtMonitor\data\shapefiles_r\Drought_Impacts_US_P.shp # 0 0 0</Process><Process ToolSource="c:\program files\arcgis\desktop10.1\ArcToolbox\Toolboxes\Analysis Tools.tbx\Clip" Date="20140820" Time="112648">Clip Drought_Impacts_US Drought_Areas_US_D0 o:\projects\dm\DroughtImpacts\Drought_Impacts_US_clip.shp #</Process><Process ToolSource="c:\program files (x86)\arcgis\desktop10.1\ArcToolbox\Toolboxes\Data Management Tools.tbx\CopyFeatures" Date="20140820" Time="150145">CopyFeatures \\seca\f\OperationalProcessing\DroughtMonitor\raw\usdm140819\Drought_Impacts_US.shp \\seca\f\OperationalProcessing\DroughtMonitor\processed\20140819\20140819.gdb\Drought_Impacts_US_P # 0 0 0</Process><Process ToolSource="c:\program files (x86)\arcgis\desktop10.1\ArcToolbox\Toolboxes\Data Management Tools.tbx\CopyFeatures" Date="20140820" Time="173307">CopyFeatures \\seca\f\OperationalProcessing\DroughtMonitor\processed\20140819\20140819.gdb\Drought_Impacts_US_P \\seca\f\OperationalProcessing\DroughtMonitor\data\shapefiles_r\Drought_Impacts_US_P.shp # 0 0 0</Process><Process ToolSource="c:\program files (x86)\arcgis\desktop10.1\ArcToolbox\Toolboxes\Data Management Tools.tbx\CopyFeatures" Date="20140827" Time="171516">CopyFeatures \\seca\f\OperationalProcessing\DroughtMonitor\raw\usdm140826\Drought_Impacts_US.shp \\seca\f\OperationalProcessing\DroughtMonitor\processed\20140826\20140826.gdb\Drought_Impacts_US_P # 0 0 0</Process><Process ToolSource="c:\program files (x86)\arcgis\desktop10.1\ArcToolbox\Toolboxes\Data Management Tools.tbx\CopyFeatures" Date="20140827" Time="203153">CopyFeatures \\seca\f\OperationalProcessing\DroughtMonitor\processed\20140826\20140826.gdb\Drought_Impacts_US_P \\seca\f\OperationalProcessing\DroughtMonitor\data\shapefiles_r\Drought_Impacts_US_P.shp # 0 0 0</Process><Process ToolSource="c:\program files (x86)\arcgis\desktop10.1\ArcToolbox\Toolboxes\Data Management Tools.tbx\CopyFeatures" Date="20140903" Time="162842">CopyFeatures \\seca\f\OperationalProcessing\DroughtMonitor\raw\usdm140902\Drought_Impacts_US.shp \\seca\f\OperationalProcessing\DroughtMonitor\processed\20140902\20140902.gdb\Drought_Impacts_US_P # 0 0 0</Process><Process ToolSource="c:\program files (x86)\arcgis\desktop10.1\ArcToolbox\Toolboxes\Data Management Tools.tbx\CopyFeatures" Date="20140903" Time="211810">CopyFeatures \\seca\f\OperationalProcessing\DroughtMonitor\processed\20140902\20140902.gdb\Drought_Impacts_US_P \\seca\f\OperationalProcessing\DroughtMonitor\data\shapefiles_r\Drought_Impacts_US_P.shp # 0 0 0</Process><Process ToolSource="c:\program files (x86)\arcgis\desktop10.1\ArcToolbox\Toolboxes\Data Management Tools.tbx\CopyFeatures" Date="20140910" Time="150931">CopyFeatures \\seca\f\OperationalProcessing\DroughtMonitor\raw\usdm140909\Drought_Impacts_US.shp \\seca\f\OperationalProcessing\DroughtMonitor\processed\20140909\20140909.gdb\Drought_Impacts_US_P # 0 0 0</Process><Process ToolSource="c:\program files (x86)\arcgis\desktop10.1\ArcToolbox\Toolboxes\Data Management Tools.tbx\CopyFeatures" Date="20140910" Time="181424">CopyFeatures \\seca\f\OperationalProcessing\DroughtMonitor\processed\20140909\20140909.gdb\Drought_Impacts_US_P \\seca\f\OperationalProcessing\DroughtMonitor\data\shapefiles_r\Drought_Impacts_US_P.shp # 0 0 0</Process><Process ToolSource="c:\program files (x86)\arcgis\desktop10.2\ArcToolbox\Toolboxes\Data Management Tools.tbx\CopyFeatures" Date="20140917" Time="150801">CopyFeatures \\seca\f\OperationalProcessing\DroughtMonitor\raw\usdm140916\Drought_Impacts_US.shp \\seca\f\OperationalProcessing\DroughtMonitor\processed\20140916\20140916.gdb\Drought_Impacts_US_P # 0 0 0</Process><Process ToolSource="c:\program files (x86)\arcgis\desktop10.2\ArcToolbox\Toolboxes\Data Management Tools.tbx\CopyFeatures" Date="20140917" Time="183247">CopyFeatures \\seca\f\OperationalProcessing\DroughtMonitor\processed\20140916\20140916.gdb\Drought_Impacts_US_P \\seca\f\OperationalProcessing\DroughtMonitor\data\shapefiles_r\Drought_Impacts_US_P.shp # 0 0 0</Process><Process ToolSource="c:\program files (x86)\arcgis\desktop10.2\ArcToolbox\Toolboxes\Data Management Tools.tbx\CopyFeatures" Date="20140924" Time="160907">CopyFeatures \\seca\f\OperationalProcessing\DroughtMonitor\raw\usdm140923\Drought_Impacts_US.shp \\seca\f\OperationalProcessing\DroughtMonitor\processed\20140923\20140923.gdb\Drought_Impacts_US_P # 0 0 0</Process><Process ToolSource="c:\program files (x86)\arcgis\desktop10.2\ArcToolbox\Toolboxes\Data Management Tools.tbx\CopyFeatures" Date="20140924" Time="183648">CopyFeatures \\seca\f\OperationalProcessing\DroughtMonitor\processed\20140923\20140923.gdb\Drought_Impacts_US_P \\seca\f\OperationalProcessing\DroughtMonitor\data\shapefiles_r\Drought_Impacts_US_P.shp # 0 0 0</Process><Process ToolSource="c:\program files (x86)\arcgis\desktop10.2\ArcToolbox\Toolboxes\Data Management Tools.tbx\CopyFeatures" Date="20141001" Time="161851">CopyFeatures \\seca\f\OperationalProcessing\DroughtMonitor\raw\usdm140930\Drought_Impacts_US.shp \\seca\f\OperationalProcessing\DroughtMonitor\processed\20140930\20140930.gdb\Drought_Impacts_US_P # 0 0 0</Process><Process ToolSource="c:\program files (x86)\arcgis\desktop10.2\ArcToolbox\Toolboxes\Data Management Tools.tbx\CopyFeatures" Date="20141001" Time="192912">CopyFeatures \\seca\f\OperationalProcessing\DroughtMonitor\processed\20140930\20140930.gdb\Drought_Impacts_US_P \\seca\f\OperationalProcessing\DroughtMonitor\data\shapefiles_r\Drought_Impacts_US_P.shp # 0 0 0</Process><Process ToolSource="c:\program files (x86)\arcgis\desktop10.2\ArcToolbox\Toolboxes\Data Management Tools.tbx\CopyFeatures" Date="20141015" Time="172336">CopyFeatures \\seca\f\OperationalProcessing\DroughtMonitor\raw\usdm141014\Drought_Impacts_US.shp \\seca\f\OperationalProcessing\DroughtMonitor\processed\20141014\20141014.gdb\Drought_Impacts_US_P # 0 0 0</Process><Process ToolSource="c:\program files (x86)\arcgis\desktop10.2\ArcToolbox\Toolboxes\Data Management Tools.tbx\CopyFeatures" Date="20141015" Time="204843">CopyFeatures \\seca\f\OperationalProcessing\DroughtMonitor\processed\20141014\20141014.gdb\Drought_Impacts_US_P \\seca\f\OperationalProcessing\DroughtMonitor\data\shapefiles_r\Drought_Impacts_US_P.shp # 0 0 0</Process><Process ToolSource="c:\program files (x86)\arcgis\desktop10.2\ArcToolbox\Toolboxes\Data Management Tools.tbx\CopyFeatures" Date="20141022" Time="150725">CopyFeatures \\seca\f\OperationalProcessing\DroughtMonitor\raw\usdm141021\Drought_Impacts_US.shp \\seca\f\OperationalProcessing\DroughtMonitor\processed\20141021\20141021.gdb\Drought_Impacts_US_P # 0 0 0</Process><Process ToolSource="c:\program files (x86)\arcgis\desktop10.2\ArcToolbox\Toolboxes\Data Management Tools.tbx\CopyFeatures" Date="20141022" Time="181925">CopyFeatures \\seca\f\OperationalProcessing\DroughtMonitor\processed\20141021\20141021.gdb\Drought_Impacts_US_P \\seca\f\OperationalProcessing\DroughtMonitor\data\shapefiles_r\Drought_Impacts_US_P.shp # 0 0 0</Process><Process ToolSource="c:\program files (x86)\arcgis\desktop10.2\ArcToolbox\Toolboxes\Data Management Tools.tbx\Rename" Date="20141022" Time="181930">Rename \\seca\f\OperationalProcessing\DroughtMonitor\data\shapefiles_r\Drought_Impacts_US_P.shp \\seca\f\OperationalProcessing\DroughtMonitor\data\shapefiles_r\Drought_Impacts_US.shp FeatureClass</Process><Process ToolSource="c:\program files (x86)\arcgis\desktop10.2\ArcToolbox\Toolboxes\Data Management Tools.tbx\CopyFeatures" Date="20141029" Time="153720">CopyFeatures \\seca\f\OperationalProcessing\DroughtMonitor\raw\usdm141028\Drought_Impacts_US.shp \\seca\f\OperationalProcessing\DroughtMonitor\processed\20141028\20141028.gdb\Drought_Impacts_US_P # 0 0 0</Process><Process ToolSource="c:\program files (x86)\arcgis\desktop10.2\ArcToolbox\Toolboxes\Data Management Tools.tbx\CopyFeatures" Date="20141029" Time="182947">CopyFeatures \\seca\f\OperationalProcessing\DroughtMonitor\processed\20141028\20141028.gdb\Drought_Impacts_US_P \\seca\f\OperationalProcessing\DroughtMonitor\data\shapefiles_r\Drought_Impacts_US_P.shp # 0 0 0</Process><Process ToolSource="c:\program files (x86)\arcgis\desktop10.2\ArcToolbox\Toolboxes\Data Management Tools.tbx\Rename" Date="20141029" Time="182951">Rename \\seca\f\OperationalProcessing\DroughtMonitor\data\shapefiles_r\Drought_Impacts_US_P.shp \\seca\f\OperationalProcessing\DroughtMonitor\data\shapefiles_r\Drought_Impacts_US.shp FeatureClass</Process><Process ToolSource="c:\program files (x86)\arcgis\desktop10.2\ArcToolbox\Toolboxes\Data Management Tools.tbx\CopyFeatures" Date="20141112" Time="171002">CopyFeatures \\seca\f\OperationalProcessing\DroughtMonitor\raw\usdm141111\Drought_Impacts_US.shp \\seca\f\OperationalProcessing\DroughtMonitor\processed\20141111\20141111.gdb\Drought_Impacts_US_P # 0 0 0</Process><Process ToolSource="c:\program files (x86)\arcgis\desktop10.2\ArcToolbox\Toolboxes\Data Management Tools.tbx\CopyFeatures" Date="20141112" Time="205607">CopyFeatures \\seca\f\OperationalProcessing\DroughtMonitor\processed\20141111\20141111.gdb\Drought_Impacts_US_P \\seca\f\OperationalProcessing\DroughtMonitor\data\authorfiles\temp\Drought_Impacts_US_P.shp # 0 0 0</Process><Process ToolSource="c:\program files (x86)\arcgis\desktop10.2\ArcToolbox\Toolboxes\Data Management Tools.tbx\Rename" Date="20141112" Time="205610">Rename \\seca\f\OperationalProcessing\DroughtMonitor\data\authorfiles\temp\Drought_Impacts_US_P.shp \\seca\f\OperationalProcessing\DroughtMonitor\data\authorfiles\temp\Drought_Impacts_US.shp FeatureClass</Process><Process ToolSource="c:\program files (x86)\arcgis\desktop10.2\ArcToolbox\Toolboxes\Data Management Tools.tbx\CopyFeatures" Date="20141125" Time="142756">CopyFeatures \\seca\f\OperationalProcessing\DroughtMonitor\raw\usdm141125\Drought_Impacts_US.shp \\seca\f\OperationalProcessing\DroughtMonitor\processed\20141125\20141125.gdb\Drought_Impacts_US_P # 0 0 0</Process><Process ToolSource="c:\program files (x86)\arcgis\desktop10.2\ArcToolbox\Toolboxes\Data Management Tools.tbx\CopyFeatures" Date="20141125" Time="175132">CopyFeatures \\seca\f\OperationalProcessing\DroughtMonitor\processed\20141125\20141125.gdb\Drought_Impacts_US_P \\seca\f\OperationalProcessing\DroughtMonitor\data\shapefiles_r\Drought_Impacts_US_P.shp # 0 0 0</Process><Process ToolSource="c:\program files (x86)\arcgis\desktop10.2\ArcToolbox\Toolboxes\Data Management Tools.tbx\Rename" Date="20141125" Time="175138">Rename \\seca\f\OperationalProcessing\DroughtMonitor\data\shapefiles_r\Drought_Impacts_US_P.shp \\seca\f\OperationalProcessing\DroughtMonitor\data\shapefiles_r\Drought_Impacts_US.shp FeatureClass</Process><Process ToolSource="c:\program files (x86)\arcgis\desktop10.2\ArcToolbox\Toolboxes\Data Management Tools.tbx\CopyFeatures" Date="20141203" Time="151501">CopyFeatures \\seca\f\OperationalProcessing\DroughtMonitor\raw\usdm141202\Drought_Impacts_US.shp \\seca\f\OperationalProcessing\DroughtMonitor\processed\20141202\20141202.gdb\Drought_Impacts_US_P # 0 0 0</Process><Process ToolSource="c:\program files (x86)\arcgis\desktop10.2\ArcToolbox\Toolboxes\Data Management Tools.tbx\CopyFeatures" Date="20141203" Time="182304">CopyFeatures \\seca\f\OperationalProcessing\DroughtMonitor\processed\20141202\20141202.gdb\Drought_Impacts_US_P \\seca\f\OperationalProcessing\DroughtMonitor\data\shapefiles_r\Drought_Impacts_US_P.shp # 0 0 0</Process><Process ToolSource="c:\program files (x86)\arcgis\desktop10.2\ArcToolbox\Toolboxes\Data Management Tools.tbx\Rename" Date="20141203" Time="182309">Rename \\seca\f\OperationalProcessing\DroughtMonitor\data\shapefiles_r\Drought_Impacts_US_P.shp \\seca\f\OperationalProcessing\DroughtMonitor\data\shapefiles_r\Drought_Impacts_US.shp FeatureClass</Process><Process ToolSource="c:\program files (x86)\arcgis\desktop10.2\ArcToolbox\Toolboxes\Data Management Tools.tbx\CopyFeatures" Date="20141210" Time="155019">CopyFeatures \\seca\f\OperationalProcessing\DroughtMonitor\raw\usdm141209\Drought_Impacts_US.shp \\seca\f\OperationalProcessing\DroughtMonitor\processed\20141209\20141209.gdb\Drought_Impacts_US_P # 0 0 0</Process><Process ToolSource="c:\program files (x86)\arcgis\desktop10.2\ArcToolbox\Toolboxes\Data Management Tools.tbx\CopyFeatures" Date="20141210" Time="185210">CopyFeatures \\seca\f\OperationalProcessing\DroughtMonitor\processed\20141209\20141209.gdb\Drought_Impacts_US_P \\seca\f\OperationalProcessing\DroughtMonitor\data\shapefiles_r\Drought_Impacts_US_P.shp # 0 0 0</Process><Process ToolSource="c:\program files (x86)\arcgis\desktop10.2\ArcToolbox\Toolboxes\Data Management Tools.tbx\Rename" Date="20141210" Time="185214">Rename \\seca\f\OperationalProcessing\DroughtMonitor\data\shapefiles_r\Drought_Impacts_US_P.shp \\seca\f\OperationalProcessing\DroughtMonitor\data\shapefiles_r\Drought_Impacts_US.shp FeatureClass</Process><Process ToolSource="c:\program files (x86)\arcgis\desktop10.2\ArcToolbox\Toolboxes\Data Management Tools.tbx\CopyFeatures" Date="20141217" Time="162512">CopyFeatures \\seca\f\OperationalProcessing\DroughtMonitor\raw\usdm141216\Drought_Impacts_US.shp \\seca\f\OperationalProcessing\DroughtMonitor\processed\20141216\20141216.gdb\Drought_Impacts_US_P # 0 0 0</Process><Process ToolSource="c:\program files (x86)\arcgis\desktop10.2\ArcToolbox\Toolboxes\Data Management Tools.tbx\CopyFeatures" Date="20141217" Time="194235">CopyFeatures \\seca\f\OperationalProcessing\DroughtMonitor\processed\20141216\20141216.gdb\Drought_Impacts_US_P \\seca\f\OperationalProcessing\DroughtMonitor\data\shapefiles_r\Drought_Impacts_US_P.shp # 0 0 0</Process><Process ToolSource="c:\program files (x86)\arcgis\desktop10.2\ArcToolbox\Toolboxes\Data Management Tools.tbx\Rename" Date="20141217" Time="194238">Rename \\seca\f\OperationalProcessing\DroughtMonitor\data\shapefiles_r\Drought_Impacts_US_P.shp \\seca\f\OperationalProcessing\DroughtMonitor\data\shapefiles_r\Drought_Impacts_US.shp FeatureClass</Process><Process ToolSource="c:\program files (x86)\arcgis\desktop10.2\ArcToolbox\Toolboxes\Data Management Tools.tbx\CopyFeatures" Date="20141223" Time="134904">CopyFeatures \\seca\f\OperationalProcessing\DroughtMonitor\raw\usdm141223\Drought_Impacts_US.shp \\seca\f\OperationalProcessing\DroughtMonitor\processed\20141223\20141223.gdb\Drought_Impacts_US_P # 0 0 0</Process><Process ToolSource="c:\program files (x86)\arcgis\desktop10.2\ArcToolbox\Toolboxes\Data Management Tools.tbx\CopyFeatures" Date="20141223" Time="190208">CopyFeatures \\seca\f\OperationalProcessing\DroughtMonitor\processed\20141223\20141223.gdb\Drought_Impacts_US_P \\seca\f\OperationalProcessing\DroughtMonitor\data\authorfiles\temp\Drought_Impacts_US_P.shp # 0 0 0</Process><Process ToolSource="c:\program files (x86)\arcgis\desktop10.2\ArcToolbox\Toolboxes\Data Management Tools.tbx\Rename" Date="20141223" Time="190211">Rename \\seca\f\OperationalProcessing\DroughtMonitor\data\authorfiles\temp\Drought_Impacts_US_P.shp \\seca\f\OperationalProcessing\DroughtMonitor\data\authorfiles\temp\Drought_Impacts_US.shp FeatureClass</Process><Process ToolSource="c:\program files (x86)\arcgis\desktop10.2\ArcToolbox\Toolboxes\Data Management Tools.tbx\CopyFeatures" Date="20141230" Time="162332">CopyFeatures \\seca\f\OperationalProcessing\DroughtMonitor\raw\usdm141230\Drought_Impacts_US.shp \\seca\f\OperationalProcessing\DroughtMonitor\processed\20141230\20141230.gdb\Drought_Impacts_US_P # 0 0 0</Process><Process ToolSource="c:\program files (x86)\arcgis\desktop10.2\ArcToolbox\Toolboxes\Data Management Tools.tbx\CopyFeatures" Date="20141230" Time="202439">CopyFeatures \\seca\f\OperationalProcessing\DroughtMonitor\processed\20141230\20141230.gdb\Drought_Impacts_US_P \\seca\f\OperationalProcessing\DroughtMonitor\data\authorfiles\temp\Drought_Impacts_US_P.shp # 0 0 0</Process><Process ToolSource="c:\program files (x86)\arcgis\desktop10.2\ArcToolbox\Toolboxes\Data Management Tools.tbx\Rename" Date="20141230" Time="202443">Rename \\seca\f\OperationalProcessing\DroughtMonitor\data\authorfiles\temp\Drought_Impacts_US_P.shp \\seca\f\OperationalProcessing\DroughtMonitor\data\authorfiles\temp\Drought_Impacts_US.shp FeatureClass</Process><Process ToolSource="c:\program files (x86)\arcgis\desktop10.2\ArcToolbox\Toolboxes\Data Management Tools.tbx\CopyFeatures" Date="20150107" Time="152254">CopyFeatures \\seca\f\OperationalProcessing\DroughtMonitor\raw\usdm150106\Drought_Impacts_US.shp \\seca\f\OperationalProcessing\DroughtMonitor\processed\20150106\20150106.gdb\Drought_Impacts_US_P # 0 0 0</Process><Process ToolSource="c:\program files (x86)\arcgis\desktop10.2\ArcToolbox\Toolboxes\Data Management Tools.tbx\CopyFeatures" Date="20150107" Time="174552">CopyFeatures \\seca\f\OperationalProcessing\DroughtMonitor\processed\20150106\20150106.gdb\Drought_Impacts_US_P \\seca\f\OperationalProcessing\DroughtMonitor\data\shapefiles_r\Drought_Impacts_US_P.shp # 0 0 0</Process><Process ToolSource="c:\program files (x86)\arcgis\desktop10.2\ArcToolbox\Toolboxes\Data Management Tools.tbx\Rename" Date="20150107" Time="174556">Rename \\seca\f\OperationalProcessing\DroughtMonitor\data\shapefiles_r\Drought_Impacts_US_P.shp \\seca\f\OperationalProcessing\DroughtMonitor\data\shapefiles_r\Drought_Impacts_US.shp FeatureClass</Process><Process ToolSource="c:\program files (x86)\arcgis\desktop10.2\ArcToolbox\Toolboxes\Data Management Tools.tbx\CopyFeatures" Date="20150122" Time="111356">CopyFeatures \\seca\f\OperationalProcessing\DroughtMonitor\raw\usdm150120\Drought_Impacts_US.shp \\seca\f\OperationalProcessing\DroughtMonitor\processed\20150120\20150120.gdb\Drought_Impacts_US_P # 0 0 0</Process><Process ToolSource="c:\program files (x86)\arcgis\desktop10.2\ArcToolbox\Toolboxes\Data Management Tools.tbx\CopyFeatures" Date="20150122" Time="134731">CopyFeatures \\seca\f\OperationalProcessing\DroughtMonitor\processed\20150120\20150120.gdb\Drought_Impacts_US_P \\seca\f\OperationalProcessing\DroughtMonitor\data\shapefiles_r\Drought_Impacts_US_P.shp # 0 0 0</Process><Process ToolSource="c:\program files (x86)\arcgis\desktop10.2\ArcToolbox\Toolboxes\Data Management Tools.tbx\Rename" Date="20150122" Time="134736">Rename \\seca\f\OperationalProcessing\DroughtMonitor\data\shapefiles_r\Drought_Impacts_US_P.shp \\seca\f\OperationalProcessing\DroughtMonitor\data\shapefiles_r\Drought_Impacts_US.shp FeatureClass</Process><Process ToolSource="c:\program files (x86)\arcgis\desktop10.2\ArcToolbox\Toolboxes\Data Management Tools.tbx\CopyFeatures" Date="20150204" Time="151446">CopyFeatures \\seca\f\OperationalProcessing\DroughtMonitor\raw\usdm150203\Drought_Impacts_US.shp \\seca\f\OperationalProcessing\DroughtMonitor\processed\20150203\20150203.gdb\Drought_Impacts_US_P # 0 0 0</Process><Process ToolSource="c:\program files (x86)\arcgis\desktop10.2\ArcToolbox\Toolboxes\Data Management Tools.tbx\CopyFeatures" Date="20150204" Time="182109">CopyFeatures \\seca\f\OperationalProcessing\DroughtMonitor\processed\20150203\20150203.gdb\Drought_Impacts_US_P \\seca\f\OperationalProcessing\DroughtMonitor\data\shapefiles_r\Drought_Impacts_US_P.shp # 0 0 0</Process><Process ToolSource="c:\program files (x86)\arcgis\desktop10.2\ArcToolbox\Toolboxes\Data Management Tools.tbx\Rename" Date="20150204" Time="182113">Rename \\seca\f\OperationalProcessing\DroughtMonitor\data\shapefiles_r\Drought_Impacts_US_P.shp \\seca\f\OperationalProcessing\DroughtMonitor\data\shapefiles_r\Drought_Impacts_US.shp FeatureClass</Process><Process ToolSource="c:\program files (x86)\arcgis\desktop10.2\ArcToolbox\Toolboxes\Data Management Tools.tbx\CopyFeatures" Date="20150211" Time="155852">CopyFeatures \\seca\f\OperationalProcessing\DroughtMonitor\raw\usdm150210\Drought_Impacts_US.shp \\seca\f\OperationalProcessing\DroughtMonitor\processed\20150210\20150210.gdb\Drought_Impacts_US_P # 0 0 0</Process><Process ToolSource="c:\program files (x86)\arcgis\desktop10.2\ArcToolbox\Toolboxes\Data Management Tools.tbx\CopyFeatures" Date="20150211" Time="192520">CopyFeatures \\seca\f\OperationalProcessing\DroughtMonitor\processed\20150210\20150210.gdb\Drought_Impacts_US_P \\seca\f\OperationalProcessing\DroughtMonitor\data\shapefiles_r\Drought_Impacts_US_P.shp # 0 0 0</Process><Process ToolSource="c:\program files (x86)\arcgis\desktop10.2\ArcToolbox\Toolboxes\Data Management Tools.tbx\Rename" Date="20150211" Time="192525">Rename \\seca\f\OperationalProcessing\DroughtMonitor\data\shapefiles_r\Drought_Impacts_US_P.shp \\seca\f\OperationalProcessing\DroughtMonitor\data\shapefiles_r\Drought_Impacts_US.shp FeatureClass</Process><Process ToolSource="c:\program files (x86)\arcgis\desktop10.2\ArcToolbox\Toolboxes\Data Management Tools.tbx\CopyFeatures" Date="20150218" Time="152717">CopyFeatures \\seca\f\OperationalProcessing\DroughtMonitor\raw\usdm150217\Drought_Impacts_US.shp \\seca\f\OperationalProcessing\DroughtMonitor\processed\20150217\20150217.gdb\Drought_Impacts_US_P # 0 0 0</Process><Process ToolSource="c:\program files (x86)\arcgis\desktop10.2\ArcToolbox\Toolboxes\Data Management Tools.tbx\CopyFeatures" Date="20150218" Time="182610">CopyFeatures \\seca\f\OperationalProcessing\DroughtMonitor\processed\20150217\20150217.gdb\Drought_Impacts_US_P \\seca\f\OperationalProcessing\DroughtMonitor\data\shapefiles_r\Drought_Impacts_US_P.shp # 0 0 0</Process><Process ToolSource="c:\program files (x86)\arcgis\desktop10.2\ArcToolbox\Toolboxes\Data Management Tools.tbx\Rename" Date="20150218" Time="182614">Rename \\seca\f\OperationalProcessing\DroughtMonitor\data\shapefiles_r\Drought_Impacts_US_P.shp \\seca\f\OperationalProcessing\DroughtMonitor\data\shapefiles_r\Drought_Impacts_US.shp FeatureClass</Process><Process ToolSource="c:\program files (x86)\arcgis\desktop10.2\ArcToolbox\Toolboxes\Data Management Tools.tbx\CopyFeatures" Date="20150225" Time="131756">CopyFeatures \\seca\f\OperationalProcessing\DroughtMonitor\raw\usdm150224\Drought_Impacts_US.shp \\seca\f\OperationalProcessing\DroughtMonitor\processed\20150224\20150224.gdb\Drought_Impacts_US_P # 0 0 0</Process><Process ToolSource="c:\program files (x86)\arcgis\desktop10.2\ArcToolbox\Toolboxes\Data Management Tools.tbx\CopyFeatures" Date="20150225" Time="162409">CopyFeatures \\seca\f\OperationalProcessing\DroughtMonitor\processed\20150224\20150224.gdb\Drought_Impacts_US_P \\seca\f\OperationalProcessing\DroughtMonitor\data\shapefiles_r\Drought_Impacts_US_P.shp # 0 0 0</Process><Process ToolSource="c:\program files (x86)\arcgis\desktop10.2\ArcToolbox\Toolboxes\Data Management Tools.tbx\Rename" Date="20150225" Time="162414">Rename \\seca\f\OperationalProcessing\DroughtMonitor\data\shapefiles_r\Drought_Impacts_US_P.shp \\seca\f\OperationalProcessing\DroughtMonitor\data\shapefiles_r\Drought_Impacts_US.shp FeatureClass</Process><Process ToolSource="c:\program files (x86)\arcgis\desktop10.2\ArcToolbox\Toolboxes\Data Management Tools.tbx\CopyFeatures" Date="20150304" Time="153547">CopyFeatures \\seca\f\OperationalProcessing\DroughtMonitor\raw\usdm150303\Drought_Impacts_US.shp \\seca\f\OperationalProcessing\DroughtMonitor\processed\20150303\20150303.gdb\Drought_Impacts_US_P # 0 0 0</Process><Process ToolSource="c:\program files (x86)\arcgis\desktop10.2\ArcToolbox\Toolboxes\Data Management Tools.tbx\CopyFeatures" Date="20150304" Time="184612">CopyFeatures \\seca\f\OperationalProcessing\DroughtMonitor\processed\20150303\20150303.gdb\Drought_Impacts_US_P \\seca\f\OperationalProcessing\DroughtMonitor\data\shapefiles_r\Drought_Impacts_US_P.shp # 0 0 0</Process><Process ToolSource="c:\program files (x86)\arcgis\desktop10.2\ArcToolbox\Toolboxes\Data Management Tools.tbx\Rename" Date="20150304" Time="184617">Rename \\seca\f\OperationalProcessing\DroughtMonitor\data\shapefiles_r\Drought_Impacts_US_P.shp \\seca\f\OperationalProcessing\DroughtMonitor\data\shapefiles_r\Drought_Impacts_US.shp FeatureClass</Process><Process ToolSource="c:\program files (x86)\arcgis\desktop10.2\ArcToolbox\Toolboxes\Data Management Tools.tbx\CopyFeatures" Date="20150311" Time="170420">CopyFeatures \\seca\f\OperationalProcessing\DroughtMonitor\raw\usdm150310\Drought_Impacts_US.shp \\seca\f\OperationalProcessing\DroughtMonitor\processed\20150310\20150310.gdb\Drought_Impacts_US_P # 0 0 0</Process><Process ToolSource="c:\program files (x86)\arcgis\desktop10.2\ArcToolbox\Toolboxes\Data Management Tools.tbx\CopyFeatures" Date="20150311" Time="201213">CopyFeatures \\seca\f\OperationalProcessing\DroughtMonitor\processed\20150310\20150310.gdb\Drought_Impacts_US_P \\seca\f\OperationalProcessing\DroughtMonitor\data\shapefiles_r\Drought_Impacts_US_P.shp # 0 0 0</Process><Process ToolSource="c:\program files (x86)\arcgis\desktop10.2\ArcToolbox\Toolboxes\Data Management Tools.tbx\Rename" Date="20150311" Time="201218">Rename \\seca\f\OperationalProcessing\DroughtMonitor\data\shapefiles_r\Drought_Impacts_US_P.shp \\seca\f\OperationalProcessing\DroughtMonitor\data\shapefiles_r\Drought_Impacts_US.shp FeatureClass</Process><Process ToolSource="c:\program files (x86)\arcgis\desktop10.2\ArcToolbox\Toolboxes\Data Management Tools.tbx\CopyFeatures" Date="20150318" Time="142740">CopyFeatures \\seca\f\OperationalProcessing\DroughtMonitor\raw\usdm150317\Drought_Impacts_US.shp \\seca\f\OperationalProcessing\DroughtMonitor\processed\20150317\20150317.gdb\Drought_Impacts_US_P # 0 0 0</Process><Process ToolSource="c:\program files (x86)\arcgis\desktop10.2\ArcToolbox\Toolboxes\Data Management Tools.tbx\CopyFeatures" Date="20150318" Time="184604">CopyFeatures \\seca\f\OperationalProcessing\DroughtMonitor\processed\20150317\20150317.gdb\Drought_Impacts_US_P \\seca\f\OperationalProcessing\DroughtMonitor\data\authorfiles\temp\Drought_Impacts_US_P.shp # 0 0 0</Process><Process ToolSource="c:\program files (x86)\arcgis\desktop10.2\ArcToolbox\Toolboxes\Data Management Tools.tbx\Rename" Date="20150318" Time="184607">Rename \\seca\f\OperationalProcessing\DroughtMonitor\data\authorfiles\temp\Drought_Impacts_US_P.shp \\seca\f\OperationalProcessing\DroughtMonitor\data\authorfiles\temp\Drought_Impacts_US.shp FeatureClass</Process><Process ToolSource="c:\program files (x86)\arcgis\desktop10.2\ArcToolbox\Toolboxes\Data Management Tools.tbx\CopyFeatures" Date="20150325" Time="144230">CopyFeatures \\seca\f\OperationalProcessing\DroughtMonitor\raw\usdm150324\Drought_Impacts_US.shp \\seca\f\OperationalProcessing\DroughtMonitor\processed\20150324\20150324.gdb\Drought_Impacts_US_P # 0 0 0</Process><Process ToolSource="c:\program files (x86)\arcgis\desktop10.2\ArcToolbox\Toolboxes\Data Management Tools.tbx\CopyFeatures" Date="20150325" Time="193207">CopyFeatures \\seca\f\OperationalProcessing\DroughtMonitor\processed\20150324\20150324.gdb\Drought_Impacts_US_P \\seca\f\OperationalProcessing\DroughtMonitor\data\authorfiles\temp\Drought_Impacts_US_P.shp # 0 0 0</Process><Process ToolSource="c:\program files (x86)\arcgis\desktop10.2\ArcToolbox\Toolboxes\Data Management Tools.tbx\Rename" Date="20150325" Time="193210">Rename \\seca\f\OperationalProcessing\DroughtMonitor\data\authorfiles\temp\Drought_Impacts_US_P.shp \\seca\f\OperationalProcessing\DroughtMonitor\data\authorfiles\temp\Drought_Impacts_US.shp FeatureClass</Process><Process ToolSource="c:\program files (x86)\arcgis\desktop10.2\ArcToolbox\Toolboxes\Data Management Tools.tbx\CopyFeatures" Date="20150401" Time="140747">CopyFeatures \\seca\f\OperationalProcessing\DroughtMonitor\raw\usdm150331\Drought_Impacts_US.shp \\seca\f\OperationalProcessing\DroughtMonitor\processed\20150331\20150331.gdb\Drought_Impacts_US_P # 0 0 0</Process><Process ToolSource="c:\program files (x86)\arcgis\desktop10.2\ArcToolbox\Toolboxes\Data Management Tools.tbx\CopyFeatures" Date="20150401" Time="172742">CopyFeatures \\seca\f\OperationalProcessing\DroughtMonitor\processed\20150331\20150331.gdb\Drought_Impacts_US_P \\seca\f\OperationalProcessing\DroughtMonitor\data\shapefiles_r\Drought_Impacts_US_P.shp # 0 0 0</Process><Process ToolSource="c:\program files (x86)\arcgis\desktop10.2\ArcToolbox\Toolboxes\Data Management Tools.tbx\Rename" Date="20150401" Time="172746">Rename \\seca\f\OperationalProcessing\DroughtMonitor\data\shapefiles_r\Drought_Impacts_US_P.shp \\seca\f\OperationalProcessing\DroughtMonitor\data\shapefiles_r\Drought_Impacts_US.shp FeatureClass</Process><Process ToolSource="c:\program files (x86)\arcgis\desktop10.2\ArcToolbox\Toolboxes\Data Management Tools.tbx\CopyFeatures" Date="20150408" Time="155103">CopyFeatures \\seca\f\OperationalProcessing\DroughtMonitor\raw\usdm150407\Drought_Impacts_US.shp \\seca\f\OperationalProcessing\DroughtMonitor\processed\20150407\20150407.gdb\Drought_Impacts_US_P # 0 0 0</Process><Process ToolSource="c:\program files (x86)\arcgis\desktop10.2\ArcToolbox\Toolboxes\Data Management Tools.tbx\CopyFeatures" Date="20150408" Time="185949">CopyFeatures \\seca\f\OperationalProcessing\DroughtMonitor\processed\20150407\20150407.gdb\Drought_Impacts_US_P \\seca\f\OperationalProcessing\DroughtMonitor\data\shapefiles_r\Drought_Impacts_US_P.shp # 0 0 0</Process><Process ToolSource="c:\program files (x86)\arcgis\desktop10.2\ArcToolbox\Toolboxes\Data Management Tools.tbx\Rename" Date="20150408" Time="185953">Rename \\seca\f\OperationalProcessing\DroughtMonitor\data\shapefiles_r\Drought_Impacts_US_P.shp \\seca\f\OperationalProcessing\DroughtMonitor\data\shapefiles_r\Drought_Impacts_US.shp FeatureClass</Process><Process ToolSource="c:\program files (x86)\arcgis\desktop10.2\ArcToolbox\Toolboxes\Data Management Tools.tbx\CopyFeatures" Date="20150415" Time="160013">CopyFeatures \\seca\f\OperationalProcessing\DroughtMonitor\raw\usdm150414\Drought_Impacts_US.shp \\seca\f\OperationalProcessing\DroughtMonitor\processed\20150414\20150414.gdb\Drought_Impacts_US_P # 0 0 0</Process><Process ToolSource="c:\program files (x86)\arcgis\desktop10.2\ArcToolbox\Toolboxes\Data Management Tools.tbx\CopyFeatures" Date="20150415" Time="193021">CopyFeatures \\seca\f\OperationalProcessing\DroughtMonitor\processed\20150414\20150414.gdb\Drought_Impacts_US_P \\seca\f\OperationalProcessing\DroughtMonitor\data\shapefiles_r\Drought_Impacts_US_P.shp # 0 0 0</Process><Process ToolSource="c:\program files (x86)\arcgis\desktop10.2\ArcToolbox\Toolboxes\Data Management Tools.tbx\Rename" Date="20150415" Time="193025">Rename \\seca\f\OperationalProcessing\DroughtMonitor\data\shapefiles_r\Drought_Impacts_US_P.shp \\seca\f\OperationalProcessing\DroughtMonitor\data\shapefiles_r\Drought_Impacts_US.shp FeatureClass</Process><Process ToolSource="c:\program files (x86)\arcgis\desktop10.2\ArcToolbox\Toolboxes\Data Management Tools.tbx\CopyFeatures" Date="20150422" Time="161908">CopyFeatures \\seca\f\OperationalProcessing\DroughtMonitor\raw\usdm150421\Drought_Impacts_US.shp \\seca\f\OperationalProcessing\DroughtMonitor\processed\20150421\20150421.gdb\Drought_Impacts_US_P # 0 0 0</Process><Process ToolSource="c:\program files (x86)\arcgis\desktop10.2\ArcToolbox\Toolboxes\Data Management Tools.tbx\CopyFeatures" Date="20150422" Time="191941">CopyFeatures \\seca\f\OperationalProcessing\DroughtMonitor\processed\20150421\20150421.gdb\Drought_Impacts_US_P \\seca\f\OperationalProcessing\DroughtMonitor\data\shapefiles_r\Drought_Impacts_US_P.shp # 0 0 0</Process><Process ToolSource="c:\program files (x86)\arcgis\desktop10.2\ArcToolbox\Toolboxes\Data Management Tools.tbx\Rename" Date="20150422" Time="191947">Rename \\seca\f\OperationalProcessing\DroughtMonitor\data\shapefiles_r\Drought_Impacts_US_P.shp \\seca\f\OperationalProcessing\DroughtMonitor\data\shapefiles_r\Drought_Impacts_US.shp FeatureClass</Process><Process ToolSource="c:\program files (x86)\arcgis\desktop10.2\ArcToolbox\Toolboxes\Data Management Tools.tbx\CopyFeatures" Date="20150429" Time="160528">CopyFeatures \\seca\f\OperationalProcessing\DroughtMonitor\raw\usdm150428\Drought_Impacts_US.shp \\seca\f\OperationalProcessing\DroughtMonitor\processed\20150428\20150428.gdb\Drought_Impacts_US_P # 0 0 0</Process><Process ToolSource="c:\program files (x86)\arcgis\desktop10.2\ArcToolbox\Toolboxes\Data Management Tools.tbx\CopyFeatures" Date="20150429" Time="193725">CopyFeatures \\seca\f\OperationalProcessing\DroughtMonitor\processed\20150428\20150428.gdb\Drought_Impacts_US_P \\seca\f\OperationalProcessing\DroughtMonitor\data\shapefiles_r\Drought_Impacts_US_P.shp # 0 0 0</Process><Process ToolSource="c:\program files (x86)\arcgis\desktop10.2\ArcToolbox\Toolboxes\Data Management Tools.tbx\Rename" Date="20150429" Time="193732">Rename \\seca\f\OperationalProcessing\DroughtMonitor\data\shapefiles_r\Drought_Impacts_US_P.shp \\seca\f\OperationalProcessing\DroughtMonitor\data\shapefiles_r\Drought_Impacts_US.shp FeatureClass</Process><Process ToolSource="c:\program files (x86)\arcgis\desktop10.2\ArcToolbox\Toolboxes\Data Management Tools.tbx\CopyFeatures" Date="20150513" Time="160549">CopyFeatures \\seca\f\OperationalProcessing\DroughtMonitor\raw\usdm150512\Drought_Impacts_US.shp \\seca\f\OperationalProcessing\DroughtMonitor\processed\20150512\20150512.gdb\Drought_Impacts_US_P # 0 0 0</Process><Process ToolSource="c:\program files (x86)\arcgis\desktop10.2\ArcToolbox\Toolboxes\Data Management Tools.tbx\CopyFeatures" Date="20150513" Time="210927">CopyFeatures \\seca\f\OperationalProcessing\DroughtMonitor\processed\20150512\20150512.gdb\Drought_Impacts_US_P \\seca\f\OperationalProcessing\DroughtMonitor\data\authorfiles\temp\Drought_Impacts_US_P.shp # 0 0 0</Process><Process ToolSource="c:\program files (x86)\arcgis\desktop10.2\ArcToolbox\Toolboxes\Data Management Tools.tbx\Rename" Date="20150513" Time="210932">Rename \\seca\f\OperationalProcessing\DroughtMonitor\data\authorfiles\temp\Drought_Impacts_US_P.shp \\seca\f\OperationalProcessing\DroughtMonitor\data\authorfiles\temp\Drought_Impacts_US.shp FeatureClass</Process><Process ToolSource="c:\program files (x86)\arcgis\desktop10.2\ArcToolbox\Toolboxes\Data Management Tools.tbx\CopyFeatures" Date="20150520" Time="153319">CopyFeatures \\seca\f\OperationalProcessing\DroughtMonitor\raw\usdm150519\Drought_Impacts_US.shp \\seca\f\OperationalProcessing\DroughtMonitor\processed\20150519\20150519.gdb\Drought_Impacts_US_P # 0 0 0</Process><Process ToolSource="c:\program files (x86)\arcgis\desktop10.2\ArcToolbox\Toolboxes\Data Management Tools.tbx\CopyFeatures" Date="20150520" Time="200110">CopyFeatures \\seca\f\OperationalProcessing\DroughtMonitor\processed\20150519\20150519.gdb\Drought_Impacts_US_P \\seca\f\OperationalProcessing\DroughtMonitor\data\authorfiles\temp\Drought_Impacts_US_P.shp # 0 0 0</Process><Process ToolSource="c:\program files (x86)\arcgis\desktop10.2\ArcToolbox\Toolboxes\Data Management Tools.tbx\Rename" Date="20150520" Time="200114">Rename \\seca\f\OperationalProcessing\DroughtMonitor\data\authorfiles\temp\Drought_Impacts_US_P.shp \\seca\f\OperationalProcessing\DroughtMonitor\data\authorfiles\temp\Drought_Impacts_US.shp FeatureClass</Process><Process ToolSource="c:\program files (x86)\arcgis\desktop10.2\ArcToolbox\Toolboxes\Data Management Tools.tbx\CopyFeatures" Date="20150527" Time="154452">CopyFeatures \\seca\f\OperationalProcessing\DroughtMonitor\raw\usdm150526\Drought_Impacts_US.shp \\seca\f\OperationalProcessing\DroughtMonitor\processed\20150526\20150526.gdb\Drought_Impacts_US_P # 0 0 0</Process><Process ToolSource="c:\program files (x86)\arcgis\desktop10.2\ArcToolbox\Toolboxes\Data Management Tools.tbx\CopyFeatures" Date="20150527" Time="190954">CopyFeatures \\seca\f\OperationalProcessing\DroughtMonitor\processed\20150526\20150526.gdb\Drought_Impacts_US_P \\seca\f\OperationalProcessing\DroughtMonitor\data\shapefiles_r\Drought_Impacts_US_P.shp # 0 0 0</Process><Process ToolSource="c:\program files (x86)\arcgis\desktop10.2\ArcToolbox\Toolboxes\Data Management Tools.tbx\Rename" Date="20150527" Time="190958">Rename \\seca\f\OperationalProcessing\DroughtMonitor\data\shapefiles_r\Drought_Impacts_US_P.shp \\seca\f\OperationalProcessing\DroughtMonitor\data\shapefiles_r\Drought_Impacts_US.shp FeatureClass</Process><Process ToolSource="c:\program files (x86)\arcgis\desktop10.2\ArcToolbox\Toolboxes\Data Management Tools.tbx\CopyFeatures" Date="20150603" Time="152520">CopyFeatures \\seca\f\OperationalProcessing\DroughtMonitor\raw\usdm150602\Drought_Impacts_US.shp \\seca\f\OperationalProcessing\DroughtMonitor\processed\20150602\20150602.gdb\Drought_Impacts_US_P # 0 0 0</Process><Process ToolSource="c:\program files (x86)\arcgis\desktop10.2\ArcToolbox\Toolboxes\Data Management Tools.tbx\CopyFeatures" Date="20150603" Time="192007">CopyFeatures \\seca\f\OperationalProcessing\DroughtMonitor\processed\20150602\20150602.gdb\Drought_Impacts_US_P \\seca\f\OperationalProcessing\DroughtMonitor\data\shapefiles_r\Drought_Impacts_US_P.shp # 0 0 0</Process><Process ToolSource="c:\program files (x86)\arcgis\desktop10.2\ArcToolbox\Toolboxes\Data Management Tools.tbx\Rename" Date="20150603" Time="192012">Rename \\seca\f\OperationalProcessing\DroughtMonitor\data\shapefiles_r\Drought_Impacts_US_P.shp \\seca\f\OperationalProcessing\DroughtMonitor\data\shapefiles_r\Drought_Impacts_US.shp FeatureClass</Process><Process ToolSource="c:\program files (x86)\arcgis\desktop10.2\ArcToolbox\Toolboxes\Data Management Tools.tbx\CopyFeatures" Date="20150624" Time="144627">CopyFeatures \\seca\f\OperationalProcessing\DroughtMonitor\raw\usdm150623\Drought_Impacts_US.shp \\seca\f\OperationalProcessing\DroughtMonitor\processed\20150623\20150623.gdb\Drought_Impacts_US_P # 0 0 0</Process><Process ToolSource="c:\program files (x86)\arcgis\desktop10.2\ArcToolbox\Toolboxes\Data Management Tools.tbx\CopyFeatures" Date="20150624" Time="182244">CopyFeatures \\seca\f\OperationalProcessing\DroughtMonitor\processed\20150623\20150623.gdb\Drought_Impacts_US_P \\seca\f\OperationalProcessing\DroughtMonitor\data\shapefiles_r\Drought_Impacts_US_P.shp # 0 0 0</Process><Process ToolSource="c:\program files (x86)\arcgis\desktop10.2\ArcToolbox\Toolboxes\Data Management Tools.tbx\Rename" Date="20150624" Time="182248">Rename \\seca\f\OperationalProcessing\DroughtMonitor\data\shapefiles_r\Drought_Impacts_US_P.shp \\seca\f\OperationalProcessing\DroughtMonitor\data\shapefiles_r\Drought_Impacts_US.shp FeatureClass</Process><Process ToolSource="c:\program files (x86)\arcgis\desktop10.2\ArcToolbox\Toolboxes\Data Management Tools.tbx\CopyFeatures" Date="20150708" Time="151649">CopyFeatures \\seca\f\OperationalProcessing\DroughtMonitor\raw\usdm150707\Drought_Impacts_US.shp \\seca\f\OperationalProcessing\DroughtMonitor\processed\20150707\20150707.gdb\Drought_Impacts_US_P # 0 0 0</Process><Process ToolSource="c:\program files (x86)\arcgis\desktop10.2\ArcToolbox\Toolboxes\Data Management Tools.tbx\CopyFeatures" Date="20150708" Time="185312">CopyFeatures \\seca\f\OperationalProcessing\DroughtMonitor\processed\20150707\20150707.gdb\Drought_Impacts_US_P \\seca\f\OperationalProcessing\DroughtMonitor\data\shapefiles_r\Drought_Impacts_US_P.shp # 0 0 0</Process><Process ToolSource="c:\program files (x86)\arcgis\desktop10.2\ArcToolbox\Toolboxes\Data Management Tools.tbx\Rename" Date="20150708" Time="185316">Rename \\seca\f\OperationalProcessing\DroughtMonitor\data\shapefiles_r\Drought_Impacts_US_P.shp \\seca\f\OperationalProcessing\DroughtMonitor\data\shapefiles_r\Drought_Impacts_US.shp FeatureClass</Process><Process ToolSource="c:\program files (x86)\arcgis\desktop10.2\ArcToolbox\Toolboxes\Data Management Tools.tbx\CopyFeatures" Date="20150715" Time="183405">CopyFeatures \\seca\f\OperationalProcessing\DroughtMonitor\raw\usdm150714\Drought_Impacts_US.shp \\seca\f\OperationalProcessing\DroughtMonitor\processed\20150714\20150714.gdb\Drought_Impacts_US_P # 0 0 0</Process><Process ToolSource="c:\program files (x86)\arcgis\desktop10.2\ArcToolbox\Toolboxes\Data Management Tools.tbx\CopyFeatures" Date="20150715" Time="225836">CopyFeatures \\seca\f\OperationalProcessing\DroughtMonitor\processed\20150714\20150714.gdb\Drought_Impacts_US_P \\seca\f\OperationalProcessing\DroughtMonitor\data\shapefiles_r\Drought_Impacts_US_P.shp # 0 0 0</Process><Process ToolSource="c:\program files (x86)\arcgis\desktop10.2\ArcToolbox\Toolboxes\Data Management Tools.tbx\Rename" Date="20150715" Time="225840">Rename \\seca\f\OperationalProcessing\DroughtMonitor\data\shapefiles_r\Drought_Impacts_US_P.shp \\seca\f\OperationalProcessing\DroughtMonitor\data\shapefiles_r\Drought_Impacts_US.shp FeatureClass</Process><Process ToolSource="c:\program files (x86)\arcgis\desktop10.2\ArcToolbox\Toolboxes\Data Management Tools.tbx\CopyFeatures" Date="20150722" Time="145817">CopyFeatures \\seca\f\OperationalProcessing\DroughtMonitor\raw\usdm150721\Drought_Impacts_US.shp \\seca\f\OperationalProcessing\DroughtMonitor\processed\20150721\20150721.gdb\Drought_Impacts_US_P # 0 0 0</Process><Process ToolSource="c:\program files (x86)\arcgis\desktop10.2\ArcToolbox\Toolboxes\Data Management Tools.tbx\CopyFeatures" Date="20150722" Time="180209">CopyFeatures \\seca\f\OperationalProcessing\DroughtMonitor\processed\20150721\20150721.gdb\Drought_Impacts_US_P \\seca\f\OperationalProcessing\DroughtMonitor\data\shapefiles_r\Drought_Impacts_US_P.shp # 0 0 0</Process><Process ToolSource="c:\program files (x86)\arcgis\desktop10.2\ArcToolbox\Toolboxes\Data Management Tools.tbx\Rename" Date="20150722" Time="180215">Rename \\seca\f\OperationalProcessing\DroughtMonitor\data\shapefiles_r\Drought_Impacts_US_P.shp \\seca\f\OperationalProcessing\DroughtMonitor\data\shapefiles_r\Drought_Impacts_US.shp FeatureClass</Process><Process ToolSource="c:\program files (x86)\arcgis\desktop10.2\ArcToolbox\Toolboxes\Data Management Tools.tbx\CopyFeatures" Date="20150812" Time="143659">CopyFeatures \\seca\f\OperationalProcessing\DroughtMonitor\raw\usdm150811\Drought_Impacts_US.shp \\seca\f\OperationalProcessing\DroughtMonitor\processed\20150811\20150811.gdb\Drought_Impacts_US_P # 0 0 0</Process><Process ToolSource="c:\program files (x86)\arcgis\desktop10.2\ArcToolbox\Toolboxes\Data Management Tools.tbx\CopyFeatures" Date="20150812" Time="183407">CopyFeatures \\seca\f\OperationalProcessing\DroughtMonitor\processed\20150811\20150811.gdb\Drought_Impacts_US_P \\seca\f\OperationalProcessing\DroughtMonitor\data\shapefiles_r\Drought_Impacts_US_P.shp # 0 0 0</Process><Process ToolSource="c:\program files (x86)\arcgis\desktop10.2\ArcToolbox\Toolboxes\Data Management Tools.tbx\Rename" Date="20150812" Time="183411">Rename \\seca\f\OperationalProcessing\DroughtMonitor\data\shapefiles_r\Drought_Impacts_US_P.shp \\seca\f\OperationalProcessing\DroughtMonitor\data\shapefiles_r\Drought_Impacts_US.shp FeatureClass</Process><Process ToolSource="c:\program files (x86)\arcgis\desktop10.2\ArcToolbox\Toolboxes\Data Management Tools.tbx\CopyFeatures" Date="20150820" Time="122614">CopyFeatures \\seca\f\OperationalProcessing\DroughtMonitor\raw\usdm150818\Drought_Impacts_US.shp \\seca\f\OperationalProcessing\DroughtMonitor\processed\20150818\20150818.gdb\Drought_Impacts_US_P # 0 0 0</Process><Process ToolSource="c:\program files (x86)\arcgis\desktop10.2\ArcToolbox\Toolboxes\Data Management Tools.tbx\CopyFeatures" Date="20150820" Time="162859">CopyFeatures \\seca\f\OperationalProcessing\DroughtMonitor\processed\20150818\20150818.gdb\Drought_Impacts_US_P \\seca\f\OperationalProcessing\DroughtMonitor\data\shapefiles_r\Drought_Impacts_US_P.shp # 0 0 0</Process><Process ToolSource="c:\program files (x86)\arcgis\desktop10.2\ArcToolbox\Toolboxes\Data Management Tools.tbx\Rename" Date="20150820" Time="162903">Rename \\seca\f\OperationalProcessing\DroughtMonitor\data\shapefiles_r\Drought_Impacts_US_P.shp \\seca\f\OperationalProcessing\DroughtMonitor\data\shapefiles_r\Drought_Impacts_US.shp FeatureClass</Process><Process ToolSource="c:\program files (x86)\arcgis\desktop10.2\ArcToolbox\Toolboxes\Data Management Tools.tbx\CopyFeatures" Date="20150826" Time="155110">CopyFeatures \\seca\f\OperationalProcessing\DroughtMonitor\raw\usdm150825\Drought_Impacts_US.shp \\seca\f\OperationalProcessing\DroughtMonitor\processed\20150825\20150825.gdb\Drought_Impacts_US_P # 0 0 0</Process><Process ToolSource="c:\program files (x86)\arcgis\desktop10.2\ArcToolbox\Toolboxes\Data Management Tools.tbx\CopyFeatures" Date="20150826" Time="211421">CopyFeatures \\seca\f\OperationalProcessing\DroughtMonitor\processed\20150825\20150825.gdb\Drought_Impacts_US_P \\seca\f\OperationalProcessing\DroughtMonitor\data\shapefiles_r\Drought_Impacts_US_P.shp # 0 0 0</Process><Process ToolSource="c:\program files (x86)\arcgis\desktop10.2\ArcToolbox\Toolboxes\Data Management Tools.tbx\Rename" Date="20150826" Time="211427">Rename \\seca\f\OperationalProcessing\DroughtMonitor\data\shapefiles_r\Drought_Impacts_US_P.shp \\seca\f\OperationalProcessing\DroughtMonitor\data\shapefiles_r\Drought_Impacts_US.shp FeatureClass</Process><Process ToolSource="c:\program files (x86)\arcgis\desktop10.2\ArcToolbox\Toolboxes\Data Management Tools.tbx\CopyFeatures" Date="20150909" Time="160050">CopyFeatures \\seca\f\OperationalProcessing\DroughtMonitor\raw\usdm150908\Drought_Impacts_US.shp \\seca\f\OperationalProcessing\DroughtMonitor\processed\20150908\20150908.gdb\Drought_Impacts_US_P # 0 0 0</Process><Process ToolSource="c:\program files (x86)\arcgis\desktop10.2\ArcToolbox\Toolboxes\Data Management Tools.tbx\CopyFeatures" Date="20150909" Time="192550">CopyFeatures \\seca\f\OperationalProcessing\DroughtMonitor\processed\20150908\20150908.gdb\Drought_Impacts_US_P \\seca\f\OperationalProcessing\DroughtMonitor\data\shapefiles_r\Drought_Impacts_US_P.shp # 0 0 0</Process><Process ToolSource="c:\program files (x86)\arcgis\desktop10.2\ArcToolbox\Toolboxes\Data Management Tools.tbx\Rename" Date="20150909" Time="192555">Rename \\seca\f\OperationalProcessing\DroughtMonitor\data\shapefiles_r\Drought_Impacts_US_P.shp \\seca\f\OperationalProcessing\DroughtMonitor\data\shapefiles_r\Drought_Impacts_US.shp FeatureClass</Process><Process ToolSource="c:\program files (x86)\arcgis\desktop10.2\ArcToolbox\Toolboxes\Data Management Tools.tbx\CopyFeatures" Date="20150916" Time="152109">CopyFeatures \\seca\f\OperationalProcessing\DroughtMonitor\raw\usdm150915\Drought_Impacts_US.shp \\seca\f\OperationalProcessing\DroughtMonitor\processed\20150915\20150915.gdb\Drought_Impacts_US_P # 0 0 0</Process><Process ToolSource="c:\program files (x86)\arcgis\desktop10.2\ArcToolbox\Toolboxes\Data Management Tools.tbx\CopyFeatures" Date="20150916" Time="195902">CopyFeatures \\seca\f\OperationalProcessing\DroughtMonitor\processed\20150915\20150915.gdb\Drought_Impacts_US_P \\seca\f\OperationalProcessing\DroughtMonitor\data\authorfiles\temp\Drought_Impacts_US_P.shp # 0 0 0</Process><Process ToolSource="c:\program files (x86)\arcgis\desktop10.2\ArcToolbox\Toolboxes\Data Management Tools.tbx\Rename" Date="20150916" Time="195905">Rename \\seca\f\OperationalProcessing\DroughtMonitor\data\authorfiles\temp\Drought_Impacts_US_P.shp \\seca\f\OperationalProcessing\DroughtMonitor\data\authorfiles\temp\Drought_Impacts_US.shp FeatureClass</Process><Process ToolSource="c:\program files (x86)\arcgis\desktop10.2\ArcToolbox\Toolboxes\Data Management Tools.tbx\CopyFeatures" Date="20150923" Time="144945">CopyFeatures \\seca\f\OperationalProcessing\DroughtMonitor\raw\usdm150922\Drought_Impacts_US.shp \\seca\f\OperationalProcessing\DroughtMonitor\processed\20150922\20150922.gdb\Drought_Impacts_US_P # 0 0 0</Process><Process ToolSource="c:\program files (x86)\arcgis\desktop10.2\ArcToolbox\Toolboxes\Data Management Tools.tbx\CopyFeatures" Date="20150924" Time="005057">CopyFeatures \\seca\f\OperationalProcessing\DroughtMonitor\processed\20150922\20150922.gdb\Drought_Impacts_US_P \\seca\f\OperationalProcessing\DroughtMonitor\data\authorfiles\temp\Drought_Impacts_US_P.shp # 0 0 0</Process><Process ToolSource="c:\program files (x86)\arcgis\desktop10.2\ArcToolbox\Toolboxes\Data Management Tools.tbx\Rename" Date="20150924" Time="005102">Rename \\seca\f\OperationalProcessing\DroughtMonitor\data\authorfiles\temp\Drought_Impacts_US_P.shp \\seca\f\OperationalProcessing\DroughtMonitor\data\authorfiles\temp\Drought_Impacts_US.shp FeatureClass</Process><Process ToolSource="c:\program files (x86)\arcgis\desktop10.2\ArcToolbox\Toolboxes\Data Management Tools.tbx\CopyFeatures" Date="20150930" Time="150428">CopyFeatures \\seca\f\OperationalProcessing\DroughtMonitor\raw\usdm150929\Drought_Impacts_US.shp \\seca\f\OperationalProcessing\DroughtMonitor\processed\20150929\20150929.gdb\Drought_Impacts_US_P # 0 0 0</Process><Process ToolSource="c:\program files (x86)\arcgis\desktop10.2\ArcToolbox\Toolboxes\Data Management Tools.tbx\CopyFeatures" Date="20150930" Time="181632">CopyFeatures \\seca\f\OperationalProcessing\DroughtMonitor\processed\20150929\20150929.gdb\Drought_Impacts_US_P \\seca\f\OperationalProcessing\DroughtMonitor\data\shapefiles_r\Drought_Impacts_US_P.shp # 0 0 0</Process><Process ToolSource="c:\program files (x86)\arcgis\desktop10.2\ArcToolbox\Toolboxes\Data Management Tools.tbx\Rename" Date="20150930" Time="181637">Rename \\seca\f\OperationalProcessing\DroughtMonitor\data\shapefiles_r\Drought_Impacts_US_P.shp \\seca\f\OperationalProcessing\DroughtMonitor\data\shapefiles_r\Drought_Impacts_US.shp FeatureClass</Process></lineage><itemProps><itemName Sync="TRUE">Drought_Impacts_US_P</itemName><imsContentType Sync="TRUE">002</imsContentType><itemSize Sync="TRUE">0.000</itemSize><itemLocation><linkage Sync="TRUE">file://\\seca\f\OperationalProcessing\DroughtMonitor\data\shapefiles_r\Drought_Impacts_US_P.shp</linkage><protocol Sync="TRUE">Local Area Network</protocol></itemLocation></itemProps><coordRef><type Sync="TRUE">Projected</type><geogcsn Sync="TRUE">GCS_North_American_1983</geogcsn><projcsn Sync="TRUE">USA_Contiguous_Albers_Equal_Area_Conic</projcsn><peXml Sync="TRUE">&lt;ProjectedCoordinateSystem xsi:type='typens:ProjectedCoordinateSystem' xmlns:xsi='http://www.w3.org/2001/XMLSchema-instance' xmlns:xs='http://www.w3.org/2001/XMLSchema' xmlns:typens='http://www.esri.com/schemas/ArcGIS/10.1'&gt;&lt;WKT&gt;PROJCS[&amp;quot;USA_Contiguous_Albers_Equal_Area_Conic&amp;quot;,GEOGCS[&amp;quot;GCS_North_American_1983&amp;quot;,DATUM[&amp;quot;D_North_American_1983&amp;quot;,SPHEROID[&amp;quot;GRS_1980&amp;quot;,6378137.0,298.257222101]],PRIMEM[&amp;quot;Greenwich&amp;quot;,0.0],UNIT[&amp;quot;Degree&amp;quot;,0.0174532925199433]],PROJECTION[&amp;quot;Albers&amp;quot;],PARAMETER[&amp;quot;False_Easting&amp;quot;,0.0],PARAMETER[&amp;quot;False_Northing&amp;quot;,0.0],PARAMETER[&amp;quot;central_meridian&amp;quot;,-96.0],PARAMETER[&amp;quot;Standard_Parallel_1&amp;quot;,29.5],PARAMETER[&amp;quot;Standard_Parallel_2&amp;quot;,45.5],PARAMETER[&amp;quot;latitude_of_origin&amp;quot;,37.5],UNIT[&amp;quot;Meter&amp;quot;,1.0],AUTHORITY[&amp;quot;ESRI&amp;quot;,102003]]&lt;/WKT&gt;&lt;XOrigin&gt;-16901100&lt;/XOrigin&gt;&lt;YOrigin&gt;-8579000&lt;/YOrigin&gt;&lt;XYScale&gt;266467840.99085236&lt;/XYScale&gt;&lt;ZOrigin&gt;-100000&lt;/ZOrigin&gt;&lt;ZScale&gt;10000&lt;/ZScale&gt;&lt;MOrigin&gt;-100000&lt;/MOrigin&gt;&lt;MScale&gt;10000&lt;/MScale&gt;&lt;XYTolerance&gt;0.001&lt;/XYTolerance&gt;&lt;ZTolerance&gt;0.001&lt;/ZTolerance&gt;&lt;MTolerance&gt;0.001&lt;/MTolerance&gt;&lt;HighPrecision&gt;true&lt;/HighPrecision&gt;&lt;WKID&gt;102003&lt;/WKID&gt;&lt;LatestWKID&gt;102003&lt;/LatestWKID&gt;&lt;/ProjectedCoordinateSystem&gt;</peXml><csUnits Sync="TRUE">Linear Unit: Meter (1.000000)</csUnits></coordRef></DataProperties><MetaID>{D1D26CB4-D89E-452F-8F12-E597AA2B6FF5}</MetaID></Esri><idinfo><citation><citeinfo><onlink Sync="TRUE">\\Cpcgis\GIS\Drought_Monitor\DroughtImpacts\Drought_Impacts_US_Clip.shp</onlink><origin>REQUIRED: The name of an organization or individual that developed the data set.</origin><pubdate>REQUIRED: The date when the data set is published or otherwise made available for release.</pubdate><title Sync="TRUE">Drought_Impacts_US_Clip</title><ftname Sync="TRUE">Drought_Impacts_US_Clip</ftname><geoform Sync="TRUE">vector digital data</geoform></citeinfo></citation><native Sync="TRUE">Microsoft Windows XP Version 5.1 (Build 2600) Service Pack 3; ESRI ArcCatalog 9.3.1.3500</native><descript><langdata Sync="TRUE">en</langdata><abstract>REQUIRED: A brief narrative summary of the data set.</abstract><purpose>REQUIRED: A summary of the intentions with which the data set was developed.</purpose></descript><timeperd><current>REQUIRED: The basis on which the time period of content information is determined.</current><timeinfo><sngdate><caldate>REQUIRED: The year (and optionally month, or month and day) for which the data set corresponds to the ground.</caldate></sngdate></timeinfo></timeperd><status><progress>REQUIRED: The state of the data set.</progress><update>REQUIRED: The frequency with which changes and additions are made to the data set after the initial data set is completed.</update></status><spdom><bounding><westbc Sync="TRUE">-163.023115</westbc><eastbc Sync="TRUE">-103.409533</eastbc><northbc Sync="TRUE">47.433784</northbc><southbc Sync="TRUE">18.684613</southbc></bounding><lboundng><leftbc Sync="TRUE">-6115314.674886</leftbc><rightbc Sync="TRUE">-656613.034236</rightbc><bottombc Sync="TRUE">-82365.814863</bottombc><topbc Sync="TRUE">1138819.725595</topbc></lboundng></spdom><keywords><theme><themekt>REQUIRED: Reference to a formally registered thesaurus or a similar authoritative source of theme keywords.</themekt><themekey>REQUIRED: Common-use word or phrase used to describe the subject of the data set.</themekey></theme></keywords><accconst>REQUIRED: Restrictions and legal prerequisites for accessing the data set.</accconst><useconst>REQUIRED: Restrictions and legal prerequisites for using the data set after access is granted.</useconst><natvform Sync="TRUE">Shapefile</natvform></idinfo><distInfo><distributor><distorTran><onLineSrc><linkage Sync="TRUE">file://\\Cpcgis\GIS\Drought_Monitor\DroughtImpacts\Drought_Impacts_US_Clip.shp</linkage><protocol Sync="TRUE">Local Area Network</protocol><orDesc Sync="TRUE">002</orDesc></onLineSrc><transSize Sync="TRUE">0.000</transSize></distorTran><distorFormat><formatName Sync="TRUE">Shapefile</formatName></distorFormat></distributor><distFormat><formatName Sync="TRUE">Shapefile</formatName></distFormat><distTranOps><transSize Sync="TRUE">0.000</transSize></distTranOps></distInfo><dataqual><lineage><procstep><procdesc Sync="TRUE">Dataset copied.</procdesc><srcused Sync="TRUE">C:\MyDocuments\Drought Monitor Files\usdm30dec2003\New_Drought_Impacts</srcused><date Sync="TRUE">20040107</date><time Sync="TRUE">18594400</time></procstep><procstep><procdesc Sync="TRUE">Dataset copied.</procdesc><srcused Sync="TRUE">D:\MyFiles\Drought Monitor\Drought Monitor Files\Drought_Impacts_US</srcused><date Sync="TRUE">20040120</date><time Sync="TRUE">15123900</time></procstep><procstep><procdesc Sync="TRUE">Dataset copied.</procdesc><srcused Sync="TRUE">C:\MyDocuments\Drought Monitor Files\usdm-current\DroughtImpacts\Drought_Impacts_US</srcused><date Sync="TRUE">20041019</date><time Sync="TRUE">12181600</time></procstep><procstep><procdesc Sync="TRUE">Dataset copied.</procdesc><srcused Sync="TRUE"></srcused><date Sync="TRUE">20051228</date><time Sync="TRUE">23410300</time></procstep><procstep><procdesc Sync="TRUE">Dataset copied.</procdesc><srcused Sync="TRUE"></srcused><date Sync="TRUE">20080702</date><time Sync="TRUE">20222200</time></procstep></lineage></dataqual><dataIdInfo><envirDesc Sync="TRUE">Microsoft Windows 7 Version 6.1 (Build 7601) Service Pack 1; Esri ArcGIS 10.2.2.3552</envirDesc><dataLang><languageCode Sync="TRUE" value="eng" country="USA"></languageCode><countryCode value="USA" Sync="TRUE"></countryCode></dataLang><idCitation><resTitle Sync="TRUE">Drought_Impacts_US_P</resTitle><presForm><PresFormCd Sync="TRUE" value="005"></PresFormCd></presForm></idCitation><spatRpType><SpatRepTypCd Sync="TRUE" value="001"></SpatRepTypCd></spatRpType><dataExt><geoEle><GeoBndBox esriExtentType="native"><westBL Sync="TRUE">-6115314.674886</westBL><eastBL Sync="TRUE">-656613.034236</eastBL><northBL Sync="TRUE">1138819.725595</northBL><southBL Sync="TRUE">-82365.814863</southBL><exTypeCode Sync="TRUE">1</exTypeCode></GeoBndBox></geoEle></dataExt><geoBox esriExtentType="decdegrees"><westBL Sync="TRUE">-163.023115</westBL><eastBL Sync="TRUE">-103.409533</eastBL><northBL Sync="TRUE">47.433784</northBL><southBL Sync="TRUE">18.684613</southBL><exTypeCode Sync="TRUE">1</exTypeCode></geoBox><descKeys><thesaName uuidref="723f6998-058e-11dc-8314-0800200c9a66"></thesaName><keyword Sync="TRUE">002</keyword></descKeys></dataIdInfo><metainfo><langmeta Sync="TRUE">en</langmeta><metstdn Sync="TRUE">FGDC Content Standards for Digital Geospatial Metadata</metstdn><metstdv Sync="TRUE">FGDC-STD-001-1998</metstdv><mettc Sync="TRUE">local time</mettc><metc><cntinfo><cntorgp><cntper>REQUIRED: The person responsible for the metadata information.</cntper><cntorg>REQUIRED: The organization responsible for the metadata information.</cntorg></cntorgp><cntaddr><addrtype>REQUIRED: The mailing and/or physical address for the organization or individual.</addrtype><city>REQUIRED: The city of the address.</city><state>REQUIRED: The state or province of the address.</state><postal>REQUIRED: The ZIP or other postal code of the address.</postal></cntaddr><cntvoice>REQUIRED: The telephone number by which individuals can speak to the organization or individual.</cntvoice></cntinfo></metc><metd Sync="TRUE">20110511</metd></metainfo><mdLang><languageCode Sync="TRUE" value="eng"></languageCode><countryCode value="USA" Sync="TRUE"></countryCode></mdLang><mdStanName Sync="TRUE">ISO 19115 Geographic Information - Metadata</mdStanName><mdStanVer Sync="TRUE">DIS_ESRI1.0</mdStanVer><mdChar><CharSetCd Sync="TRUE" value="004"></CharSetCd></mdChar><mdHrLv><ScopeCd Sync="TRUE" value="005"></ScopeCd></mdHrLv><mdHrLvName Sync="TRUE">dataset</mdHrLvName><distinfo><resdesc Sync="TRUE">Downloadable Data</resdesc><stdorder><digform><digtinfo><transize Sync="TRUE">0.000</transize><dssize Sync="TRUE">0.000</dssize></digtinfo></digform></stdorder></distinfo><spdoinfo><direct Sync="TRUE">Vector</direct><ptvctinf><esriterm Name="Drought_Impacts_US_P"><efeatyp Sync="TRUE">Simple</efeatyp><efeageom code="4" Sync="TRUE"></efeageom><esritopo Sync="TRUE">FALSE</esritopo><efeacnt Sync="TRUE">0</efeacnt><spindex Sync="TRUE">FALSE</spindex><linrefer Sync="TRUE">FALSE</linrefer></esriterm></ptvctinf></spdoinfo><spref><horizsys><cordsysn><geogcsn Sync="TRUE">GCS_North_American_1983</geogcsn><projcsn Sync="TRUE">USA_Contiguous_Albers_Equal_Area_Conic</projcsn></cordsysn><planar><planci><plance Sync="TRUE">coordinate pair</plance><plandu Sync="TRUE">meters</plandu><coordrep><absres Sync="TRUE">0.000000</absres><ordres Sync="TRUE">0.000000</ordres></coordrep></planci></planar><geodetic><horizdn Sync="TRUE">North American Datum of 1983</horizdn><ellips Sync="TRUE">Geodetic Reference System 80</ellips><semiaxis Sync="TRUE">6378137.000000</semiaxis><denflat Sync="TRUE">298.257222</denflat></geodetic></horizsys></spref><refSysInfo><RefSystem><refSysID><identCode Sync="TRUE" code="102003" value="102003">USA_Contiguous_Albers_Equal_Area_Conic</identCode><idCodeSpace Sync="TRUE">ESRI</idCodeSpace><idVersion Sync="TRUE">10.2.1</idVersion></refSysID></RefSystem></refSysInfo><spatRepInfo><VectSpatRep><geometObjs Name="Drought_Impacts_US_P"><geoObjTyp><GeoObjTypCd value="002" Sync="TRUE"></GeoObjTypCd></geoObjTyp><geoObjCnt Sync="TRUE">0</geoObjCnt></geometObjs><topLvl><TopoLevCd value="001" Sync="TRUE"></TopoLevCd></topLvl></VectSpatRep></spatRepInfo><eainfo><detailed Name="Drought_Impacts_US_P"><enttyp><enttypl Sync="TRUE">Drought_Impacts_US_P</enttypl><enttypt Sync="TRUE">Feature Class</enttypt><enttypc Sync="TRUE">0</enttypc></enttyp><attr><attrlabl Sync="TRUE">FID</attrlabl><attalias Sync="TRUE">FID</attalias><attrtype Sync="TRUE">OID</attrtype><attwidth Sync="TRUE">4</attwidth><atprecis Sync="TRUE">0</atprecis><attscale Sync="TRUE">0</attscale><attrdef Sync="TRUE">Internal feature number.</attrdef><attrdefs Sync="TRUE">Esri</attrdefs><attrdomv><udom Sync="TRUE">Sequential unique whole numbers that are automatically generated.</udom></attrdomv></attr><attr><attrlabl Sync="TRUE">Shape</attrlabl><attalias Sync="TRUE">Shape</attalias><attrtype Sync="TRUE">Geometry</attrtype><attwidth Sync="TRUE">0</attwidth><atprecis Sync="TRUE">0</atprecis><attscale Sync="TRUE">0</attscale><attrdef Sync="TRUE">Feature geometry.</attrdef><attrdefs Sync="TRUE">ESRI</attrdefs><attrdomv><udom Sync="TRUE">Coordinates defining the features.</udom></attrdomv></attr><attr><attrlabl Sync="TRUE">Id</attrlabl><attalias Sync="TRUE">Id</attalias><attrtype Sync="TRUE">Integer</attrtype><attwidth Sync="TRUE">9</attwidth><atprecis Sync="TRUE">9</atprecis><attscale Sync="TRUE">0</attscale></attr><attr><attrlabl Sync="TRUE">Shape_Leng</attrlabl><attalias Sync="TRUE">Shape_Leng</attalias><attrtype Sync="TRUE">Double</attrtype><attwidth Sync="TRUE">19</attwidth><atprecis Sync="TRUE">0</atprecis><attscale Sync="TRUE">0</attscale></attr><attr><attrlabl Sync="TRUE">Shape_Le_1</attrlabl><attalias Sync="TRUE">Shape_Le_1</attalias><attrtype Sync="TRUE">Double</attrtype><attwidth Sync="TRUE">19</attwidth><atprecis Sync="TRUE">0</atprecis><attscale Sync="TRUE">0</attscale></attr><attr><attrlabl Sync="TRUE">Shape_Le_2</attrlabl><attalias Sync="TRUE">Shape_Le_2</attalias><attrtype Sync="TRUE">Double</attrtype><attwidth Sync="TRUE">19</attwidth><atprecis Sync="TRUE">0</atprecis><attscale Sync="TRUE">0</attscale></attr><attr><attrlabl Sync="TRUE">Shape_Le_3</attrlabl><attalias Sync="TRUE">Shape_Le_3</attalias><attrtype Sync="TRUE">Double</attrtype><attwidth Sync="TRUE">19</attwidth><atprecis Sync="TRUE">0</atprecis><attscale Sync="TRUE">0</attscale></attr><attr><attrlabl Sync="TRUE">Shape_Le_4</attrlabl><attalias Sync="TRUE">Shape_Le_4</attalias><attrtype Sync="TRUE">Double</attrtype><attwidth Sync="TRUE">19</attwidth><atprecis Sync="TRUE">0</atprecis><attscale Sync="TRUE">0</attscale></attr><attr><attrlabl Sync="TRUE">Shape_Le_5</attrlabl><attalias Sync="TRUE">Shape_Le_5</attalias><attrtype Sync="TRUE">Double</attrtype><attwidth Sync="TRUE">19</attwidth><atprecis Sync="TRUE">0</atprecis><attscale Sync="TRUE">0</attscale></attr><attr><attrlabl Sync="TRUE">Shape_Le_6</attrlabl><attalias Sync="TRUE">Shape_Le_6</attalias><attrtype Sync="TRUE">Double</attrtype><attwidth Sync="TRUE">19</attwidth><atprecis Sync="TRUE">0</atprecis><attscale Sync="TRUE">0</attscale></attr><attr><attrlabl Sync="TRUE">Shape_Le_7</attrlabl><attalias Sync="TRUE">Shape_Le_7</attalias><attrtype Sync="TRUE">Double</attrtype><attwidth Sync="TRUE">19</attwidth><atprecis Sync="TRUE">0</atprecis><attscale Sync="TRUE">0</attscale></attr><attr><attrlabl Sync="TRUE">Shape_Le_8</attrlabl><attalias Sync="TRUE">Shape_Le_8</attalias><attrtype Sync="TRUE">Double</attrtype><attwidth Sync="TRUE">19</attwidth><atprecis Sync="TRUE">0</atprecis><attscale Sync="TRUE">0</attscale></attr><attr><attrlabl Sync="TRUE">Shape_Le_9</attrlabl><attalias Sync="TRUE">Shape_Le_9</attalias><attrtype Sync="TRUE">Double</attrtype><attwidth Sync="TRUE">19</attwidth><atprecis Sync="TRUE">0</atprecis><attscale Sync="TRUE">0</attscale></attr><attr><attrlabl Sync="TRUE">Shape_L_10</attrlabl><attalias Sync="TRUE">Shape_L_10</attalias><attrtype Sync="TRUE">Double</attrtype><attwidth Sync="TRUE">19</attwidth><atprecis Sync="TRUE">0</atprecis><attscale Sync="TRUE">0</attscale></attr><attr><attrlabl Sync="TRUE">Shape_Area</attrlabl><attalias Sync="TRUE">Shape_Area</attalias><attrtype Sync="TRUE">Double</attrtype><attwidth Sync="TRUE">19</attwidth><atprecis Sync="TRUE">0</atprecis><attscale Sync="TRUE">0</attscale><attrdef Sync="TRUE">Area of feature in internal units squared.</attrdef><attrdefs Sync="TRUE">Esri</attrdefs><attrdomv><udom Sync="TRUE">Positive real numbers that are automatically generated.</udom></attrdomv></attr></detailed></eainfo><mdDateSt Sync="TRUE">20150930</mdDateSt></metadata>
