<?xml version="1.0" encoding="UTF-8"?>
<metadata xml:lang="en"><Esri><CreaDate>20181212</CreaDate><CreaTime>10583300</CreaTime><ArcGISFormat>1.0</ArcGISFormat><SyncOnce>TRUE</SyncOnce><DataProperties><itemProps><itemLocation><linkage Sync="TRUE">file://\\SKREGIA664529D\C$\Users\magendrathajanm\Documents\2018\CDM\2018\11\NADM Authorship\nadm-201811\nadm_impact_labels</linkage><protocol Sync="TRUE">Local Area Network</protocol></itemLocation></itemProps><copyHistory><copy source="C:\Users\magendrathajanm\Documents\2018\CDM\2018\11\NADM Authorship\nadm-201811_processed\nadm-201811\nadm\nadm_impact_labels" dest="\\SKREGIA664529D\C$\Users\magendrathajanm\Documents\2018\CDM\2018\11\NADM Authorship\nadm-201811\nadm_impact_labels" date="20181212" time="10583300"></copy></copyHistory></DataProperties></Esri></metadata>
