<?xml version="1.0" encoding="UTF-8"?>
<metadata xml:lang="es"><Esri><CreaDate>20170710</CreaDate><CreaTime>13463200</CreaTime><ArcGISFormat>1.0</ArcGISFormat><ArcGISstyle>FGDC CSDGM Metadata</ArcGISstyle><SyncOnce>TRUE</SyncOnce><DataProperties><lineage><Process ToolSource="C:\Program Files (x86)\ArcGIS\Desktop10.0\ArcToolbox\Toolboxes\Data Management Tools.tbx\DeleteField" Date="20170710" Time="134632">DeleteField nadm_impact_callouts Shape_Le_1;Shape_Le_2;Shape_Le_3;Shape_Le_4;Shape_Le_5;Shape_Le_6;Shape_Le_7;Shape_Le_8;Shape_Le_9;Shape_L_10</Process></lineage></DataProperties></Esri></metadata>
