<?xml version="1.0"?>
<!--<!DOCTYPE metadata SYSTEM "http://www.esri.com/metadata/esriprof80.dtd">-->
<metadata xml:lang="en"><Esri><MetaID>{CA8F236E-1D36-46C6-983E-60FC6F4E1167}</MetaID><CreaDate>20120313</CreaDate><CreaTime>08534100</CreaTime><SyncOnce>FALSE</SyncOnce><SyncDate>20120313</SyncDate><SyncTime>08534100</SyncTime><ModDate>20120313</ModDate><ModTime>08534100</ModTime><DataProperties><lineage><Process ToolSource="C:\Program Files\ArcGIS\ArcToolbox\Toolboxes\Data Management Tools.tbx\Merge" Date="20120313" Time="085341">Merge CDM201202_Lines;'Drought Assessment\Drought_Impacts_US';'Drought Assessment\Drought_impact_lines_201202' H:\Agroclimate\agroclimpub1\NAIS_GIS\NADM\Authorship\201202\Test\NADM_Lines.shp "Id 'Id' true true false 6 Long 0 6 ,First,#,CDM201202_Lines,Id,-1,-1,Drought Assessment\Drought_Impacts_US,Id,-1,-1,Drought Assessment\Drought_impact_lines_201202,Id,-1,-1;FID_Drough 'FID_Drough' true true false 9 Long 0 9 ,First,#,Drought Assessment\Drought_Impacts_US,FID_Drough,-1,-1,Drought Assessment\Drought_impact_lines_201202,FID_Drough,-1,-1;FID_Drou_1 'FID_Drou_1' true true false 9 Long 0 9 ,First,#,Drought Assessment\Drought_Impacts_US,FID_Drou_1,-1,-1,Drought Assessment\Drought_impact_lines_201202,FID_Drou_1,-1,-1;Id_1 'Id_1' true true false 6 Long 0 6 ,First,#,Drought Assessment\Drought_Impacts_US,Id_1,-1,-1,Drought Assessment\Drought_impact_lines_201202,Id_1,-1,-1;Id_12 'Id_12' true true false 6 Long 0 6 ,First,#,Drought Assessment\Drought_Impacts_US,Id_12,-1,-1,Drought Assessment\Drought_impact_lines_201202,Id_12,-1,-1;FID_Drou_2 'FID_Drou_2' true true false 9 Long 0 9 ,First,#,Drought Assessment\Drought_Impacts_US,FID_Drou_2,-1,-1,Drought Assessment\Drought_impact_lines_201202,FID_Drou_2,-1,-1;Id_12_13 'Id_12_13' true true false 6 Long 0 6 ,First,#,Drought Assessment\Drought_Impacts_US,Id_12_13,-1,-1,Drought Assessment\Drought_impact_lines_201202,Id_12_13,-1,-1;FID_Drou_3 'FID_Drou_3' true true false 9 Long 0 9 ,First,#,Drought Assessment\Drought_Impacts_US,FID_Drou_3,-1,-1,Drought Assessment\Drought_impact_lines_201202,FID_Drou_3,-1,-1;Id_12_1_14 'Id_12_1_14' true true false 6 Long 0 6 ,First,#,Drought Assessment\Drought_Impacts_US,Id_12_1_14,-1,-1,Drought Assessment\Drought_impact_lines_201202,Id_12_1_14,-1,-1"</Process></lineage></DataProperties></Esri><idinfo><native Sync="TRUE">Microsoft Windows XP Version 5.1 (Build 2600) Service Pack 3; ESRI ArcCatalog 9.3.1.1850</native><descript><langdata Sync="TRUE">en</langdata><abstract>REQUIRED: A brief narrative summary of the data set.</abstract><purpose>REQUIRED: A summary of the intentions with which the data set was developed.</purpose></descript><citation><citeinfo><origin>REQUIRED: The name of an organization or individual that developed the data set.</origin><pubdate>REQUIRED: The date when the data set is published or otherwise made available for release.</pubdate><title Sync="TRUE">NADM_Lines</title><ftname Sync="TRUE">NADM_Lines</ftname><geoform Sync="TRUE">vector digital data</geoform><onlink Sync="TRUE">\\skregi307\307group\Agroclimate\agroclimpub1\NAIS_GIS\NADM\Authorship\201202\Test\NADM_Lines.shp</onlink></citeinfo></citation><timeperd><current>REQUIRED: The basis on which the time period of content information is determined.</current><timeinfo><sngdate><caldate>REQUIRED: The year (and optionally month, or month and day) for which the data set corresponds to the ground.</caldate></sngdate></timeinfo></timeperd><status><progress>REQUIRED: The state of the data set.</progress><update>REQUIRED: The frequency with which changes and additions are made to the data set after the initial data set is completed.</update></status><spdom><bounding><westbc Sync="TRUE">REQUIRED: Western-most coordinate of the limit of coverage expressed in longitude.</westbc><eastbc Sync="TRUE">REQUIRED: Eastern-most coordinate of the limit of coverage expressed in longitude.</eastbc><northbc Sync="TRUE">REQUIRED: Northern-most coordinate of the limit of coverage expressed in latitude.</northbc><southbc Sync="TRUE">REQUIRED: Southern-most coordinate of the limit of coverage expressed in latitude.</southbc></bounding></spdom><keywords><theme><themekt>REQUIRED: Reference to a formally registered thesaurus or a similar authoritative source of theme keywords.</themekt><themekey>REQUIRED: Common-use word or phrase used to describe the subject of the data set.</themekey></theme></keywords><accconst>REQUIRED: Restrictions and legal prerequisites for accessing the data set.</accconst><useconst>REQUIRED: Restrictions and legal prerequisites for using the data set after access is granted.</useconst><natvform Sync="TRUE">Shapefile</natvform></idinfo><dataIdInfo><envirDesc Sync="TRUE">Microsoft Windows XP Version 5.1 (Build 2600) Service Pack 3; ESRI ArcCatalog 9.3.1.1850</envirDesc><dataLang><languageCode Sync="TRUE" value="en"></languageCode></dataLang><idCitation><resTitle Sync="TRUE">NADM_Lines</resTitle><presForm><PresFormCd Sync="TRUE" value="005"></PresFormCd></presForm></idCitation><spatRpType><SpatRepTypCd Sync="TRUE" value="001"></SpatRepTypCd></spatRpType></dataIdInfo><metainfo><langmeta Sync="TRUE">en</langmeta><metstdn Sync="TRUE">FGDC Content Standards for Digital Geospatial Metadata</metstdn><metstdv Sync="TRUE">FGDC-STD-001-1998</metstdv><mettc Sync="TRUE">local time</mettc><metextns><onlink Sync="TRUE">http://www.esri.com/metadata/esriprof80.html</onlink><metprof Sync="TRUE">ESRI Metadata Profile</metprof></metextns><metc><cntinfo><cntorgp><cntper>REQUIRED: The person responsible for the metadata information.</cntper><cntorg>REQUIRED: The organization responsible for the metadata information.</cntorg></cntorgp><cntaddr><addrtype>REQUIRED: The mailing and/or physical address for the organization or individual.</addrtype><city>REQUIRED: The city of the address.</city><state>REQUIRED: The state or province of the address.</state><postal>REQUIRED: The ZIP or other postal code of the address.</postal></cntaddr><cntvoice>REQUIRED: The telephone number by which individuals can speak to the organization or individual.</cntvoice></cntinfo></metc><metd Sync="TRUE">20120313</metd></metainfo><mdLang><languageCode Sync="TRUE" value="en"></languageCode></mdLang><mdStanName Sync="TRUE">ISO 19115 Geographic Information - Metadata</mdStanName><mdStanVer Sync="TRUE">DIS_ESRI1.0</mdStanVer><mdChar><CharSetCd Sync="TRUE" value="004"></CharSetCd></mdChar><mdHrLv><ScopeCd Sync="TRUE" value="005"></ScopeCd></mdHrLv><mdHrLvName Sync="TRUE">dataset</mdHrLvName><distinfo><resdesc Sync="TRUE">Downloadable Data</resdesc><stdorder><digform><digtinfo><transize Sync="TRUE">0.000</transize><dssize Sync="TRUE">0.000</dssize></digtinfo></digform></stdorder></distinfo><distInfo><distributor><distorTran><onLineSrc><orDesc Sync="TRUE">002</orDesc><linkage Sync="TRUE">file://\\skregi307\307group\Agroclimate\agroclimpub1\NAIS_GIS\NADM\Authorship\201202\Test\NADM_Lines.shp</linkage><protocol Sync="TRUE">Local Area Network</protocol></onLineSrc><transSize Sync="TRUE">0.000</transSize></distorTran><distorFormat><formatName Sync="TRUE">Shapefile</formatName></distorFormat></distributor></distInfo><spdoinfo><direct Sync="TRUE">Vector</direct><ptvctinf><esriterm Name="NADM_Lines"><efeatyp Sync="TRUE">Simple</efeatyp><efeageom Sync="TRUE">Polygon</efeageom><esritopo Sync="TRUE">FALSE</esritopo><efeacnt Sync="TRUE">0</efeacnt><spindex Sync="TRUE">FALSE</spindex><linrefer Sync="TRUE">FALSE</linrefer></esriterm><sdtsterm Name="NADM_Lines"><sdtstype Sync="TRUE">G-polygon</sdtstype><ptvctcnt Sync="TRUE">0</ptvctcnt></sdtsterm></ptvctinf></spdoinfo><spref><horizsys><cordsysn><geogcsn Sync="TRUE">GCS_North_American_1983</geogcsn></cordsysn><geograph><geogunit Sync="TRUE">Decimal degrees</geogunit><latres Sync="TRUE">0.000000</latres><longres Sync="TRUE">0.000000</longres></geograph><geodetic><horizdn Sync="TRUE">North American Datum of 1983</horizdn><ellips Sync="TRUE">Geodetic Reference System 80</ellips><semiaxis Sync="TRUE">6378137.000000</semiaxis><denflat Sync="TRUE">298.257222</denflat></geodetic></horizsys></spref><refSysInfo><RefSystem><refSysID><identCode Sync="TRUE">GCS_North_American_1983</identCode></refSysID></RefSystem></refSysInfo><spatRepInfo><VectSpatRep><topLvl><TopoLevCd Sync="TRUE" value="001"></TopoLevCd></topLvl><geometObjs Name="NADM_Lines"><geoObjTyp><GeoObjTypCd Sync="TRUE" value="001"></GeoObjTypCd></geoObjTyp><geoObjCnt Sync="TRUE">0</geoObjCnt></geometObjs></VectSpatRep></spatRepInfo><eainfo><detailed Name="NADM_Lines"><enttyp><enttypl Sync="TRUE">NADM_Lines</enttypl><enttypt Sync="TRUE">Feature Class</enttypt><enttypc Sync="TRUE">0</enttypc></enttyp><attr><attrlabl Sync="TRUE">FID</attrlabl><attalias Sync="TRUE">FID</attalias><attrtype Sync="TRUE">OID</attrtype><attwidth Sync="TRUE">4</attwidth><atprecis Sync="TRUE">0</atprecis><attscale Sync="TRUE">0</attscale><attrdef Sync="TRUE">Internal feature number.</attrdef><attrdefs Sync="TRUE">ESRI</attrdefs><attrdomv><udom Sync="TRUE">Sequential unique whole numbers that are automatically generated.</udom></attrdomv></attr><attr><attrlabl Sync="TRUE">Shape</attrlabl><attalias Sync="TRUE">Shape</attalias><attrtype Sync="TRUE">Geometry</attrtype><attwidth Sync="TRUE">0</attwidth><atprecis Sync="TRUE">0</atprecis><attscale Sync="TRUE">0</attscale><attrdef Sync="TRUE">Feature geometry.</attrdef><attrdefs Sync="TRUE">ESRI</attrdefs><attrdomv><udom Sync="TRUE">Coordinates defining the features.</udom></attrdomv></attr><attr><attrlabl Sync="TRUE">Id</attrlabl><attalias Sync="TRUE">Id</attalias><attrtype Sync="TRUE">Number</attrtype><attwidth Sync="TRUE">6</attwidth></attr><attr><attrlabl Sync="TRUE">FID_Drough</attrlabl><attalias Sync="TRUE">FID_Drough</attalias><attrtype Sync="TRUE">Number</attrtype><attwidth Sync="TRUE">9</attwidth></attr><attr><attrlabl Sync="TRUE">FID_Drou_1</attrlabl><attalias Sync="TRUE">FID_Drou_1</attalias><attrtype Sync="TRUE">Number</attrtype><attwidth Sync="TRUE">9</attwidth></attr><attr><attrlabl Sync="TRUE">Id_1</attrlabl><attalias Sync="TRUE">Id_1</attalias><attrtype Sync="TRUE">Number</attrtype><attwidth Sync="TRUE">6</attwidth></attr><attr><attrlabl Sync="TRUE">Id_12</attrlabl><attalias Sync="TRUE">Id_12</attalias><attrtype Sync="TRUE">Number</attrtype><attwidth Sync="TRUE">6</attwidth></attr><attr><attrlabl Sync="TRUE">FID_Drou_2</attrlabl><attalias Sync="TRUE">FID_Drou_2</attalias><attrtype Sync="TRUE">Number</attrtype><attwidth Sync="TRUE">9</attwidth></attr><attr><attrlabl Sync="TRUE">Id_12_13</attrlabl><attalias Sync="TRUE">Id_12_13</attalias><attrtype Sync="TRUE">Number</attrtype><attwidth Sync="TRUE">6</attwidth></attr><attr><attrlabl Sync="TRUE">FID_Drou_3</attrlabl><attalias Sync="TRUE">FID_Drou_3</attalias><attrtype Sync="TRUE">Number</attrtype><attwidth Sync="TRUE">9</attwidth></attr><attr><attrlabl Sync="TRUE">Id_12_1_14</attrlabl><attalias Sync="TRUE">Id_12_1_14</attalias><attrtype Sync="TRUE">Number</attrtype><attwidth Sync="TRUE">6</attwidth></attr></detailed></eainfo><mdDateSt Sync="TRUE">20120313</mdDateSt></metadata>
